Typ aktywności,Data,Ulubiony,Tytuł,Dystans,Kalorie,Czas,Średnie tętno,Maksymalne tętno,Średni rytm biegu,Maksymalny rytm biegu,Średnia prędkość,Maksymalna prędkość,Całkowity wznios,Całkowity spadek,Średnia długość kroku,Średnie odchylenie do długości,Średnie odchylenie pionowe,Training Stress Score® (TSS®),Trudność,Płynność,Łącznie ruchów,Razem powtórzeń,Razem serii,Czas nurkowania,Minimalna temperatura,Przerwa powierzchniowa,Dekompresja,Czas najlepszego okrążenia,Liczba okrążeń,Maksymalna temperatura,Czas ruchu,Upłynęło czasu,Minimalna wysokość,Maksymalna wysokość
Kolarstwo,2022-05-23 16:26:50,false,"Gdańsk Kolarstwo","29.35","726","01:36:08","126","170","--","--","18.3","44.3","216","209","0.00","0.0","0.0","0.0","0.0","0.0","--","--","--","0:00","0.0","0:00","Nie","01:36:07.74","1","0.0","01:35:27","01:45:46","3","97"
Kolarstwo,2022-05-19 15:32:45,false,"Gdańsk Kolarstwo","57.13","1,476","03:32:19","133","178","--","--","16.1","48.1","629","637","0.00","0.0","0.0","0.0","0.0","0.0","--","--","--","0:00","0.0","0:00","Nie","03:32:18.90","1","0.0","03:30:57","04:11:38","61","221"
Bieganie,2022-05-17 18:42:25,false,"Gdańsk Bieganie","4.21","491","01:06:20","125","165","47","245","15:45","2:38","--","13","1.34","0.0","0.0","0.0","0.0","0.0","--","--","--","0:00","0.0","0:00","Nie","01:06:19.82","1","0.0","00:51:14","01:06:20","56","106"
Bieganie,2022-05-10 18:37:29,false,"Gdańsk Bieganie","4.27","598","01:06:48","134","170","47","235","15:38","2:46","196","199","1.36","0.0","0.0","0.0","0.0","0.0","--","--","--","0:00","0.0","0:00","Nie","01:06:48.33","1","0.0","00:49:15","01:06:48","22","186"
Kolarstwo,2022-05-08 12:23:21,false,"Gdańsk Kolarstwo","40.18","1,138","02:06:33","138","167","--","--","19.1","42.5","284","407","0.00","0.0","0.0","0.0","0.0","0.0","--","--","--","0:00","0.0","0:00","Nie","02:06:32.90","1","0.0","02:04:36","02:24:45","106","237"
Kolarstwo,2022-05-06 15:39:55,false,"Gdańsk Kolarstwo","42.05","1,134","02:19:11","136","177","--","--","18.1","53.9","314","363","0.00","0.0","0.0","0.0","0.0","0.0","--","--","--","0:00","0.0","0:00","Nie","02:19:11.07","1","0.0","02:18:02","02:42:58","157","306"
Chodzenie,2022-04-30 15:28:45,false,"Gdańsk Chodzenie","6.49","426","01:22:46","106","134","103","159","12:45","9:18","67","64","0.79","0.0","0.0","0.0","0.0","0.0","--","--","--","0:00","0.0","0:00","Nie","07:56.03","7","0.0","01:22:19","01:24:27","202","238"
Kolarstwo,2022-04-26 17:04:32,false,"Gdańsk Kolarstwo","53.97","1,157","02:52:34","122","176","--","--","18.8","39.8","264","293","0.00","0.0","0.0","0.0","0.0","0.0","--","--","--","0:00","0.0","0:00","Nie","02:52:33.51","1","0.0","02:47:53","03:52:08","113","242"
Kolarstwo,2022-04-13 15:41:30,false,"Gdańsk Kolarstwo","23.66","568","01:28:28","120","161","--","--","16.0","33.2","163","169","0.00","0.0","0.0","0.0","0.0","0.0","--","--","--","0:00","0.0","0:00","Nie","01:28:27.75","1","0.0","01:27:35","01:44:44","14","95"
Bieganie,2022-04-11 18:38:24,false,"Gdańsk Bieganie","4.20","450","01:09:27","122","165","40","245","16:33","2:35","--","18","1.49","0.0","0.0","0.0","0.0","0.0","--","--","--","0:00","0.0","0:00","Nie","01:09:26.70","1","0.0","00:50:26","01:09:27","45","93"
Bieganie,2022-04-05 18:38:11,false,"Gdańsk Bieganie","4.71","490","01:16:31","116","151","39","238","16:15","2:43","126","134","1.60","0.0","0.0","0.0","0.0","0.0","--","--","--","0:00","0.0","0:00","Nie","01:16:30.89","1","0.0","00:55:26","01:16:31","4","185"
Bieganie,2022-03-28 18:36:45,false,"Gdańsk Bieganie","4.50","411","01:09:20","114","147","42","250","15:23","2:46","25","36","1.54","0.0","0.0","0.0","0.0","0.0","--","--","--","0:00","0.0","0:00","Nie","01:09:19.58","1","0.0","00:49:25","01:09:20","151","180"
Kolarstwo,2022-03-24 16:01:58,false,"Gdańsk Kolarstwo","30.02","566","01:42:44","110","141","--","--","17.5","41.3","116","134","0.00","0.0","0.0","0.0","0.0","0.0","--","--","--","0:00","0.0","0:00","Nie","01:42:44.18","1","0.0","01:41:30","02:02:57","87","178"
Bieganie,2022-03-22 18:42:05,false,"Gdańsk Bieganie","3.99","427","01:13:04","113","147","36","235","18:19","2:41","265","274","1.54","0.0","0.0","0.0","0.0","0.0","--","--","--","0:00","0.0","0:00","Nie","01:13:03.65","1","0.0","00:47:41","01:13:04","26","140"
Kolarstwo,2022-03-22 16:10:23,false,"Gdańsk Kolarstwo","20.01","453","01:17:02","109","163","--","--","15.6","41.7","97","106","0.00","0.0","0.0","0.0","0.0","0.0","--","--","--","0:00","0.0","0:00","Nie","01:17:01.53","1","0.0","01:16:28","01:30:28","-9","84"
Chodzenie,2022-03-21 16:43:31,false,"Gdańsk Chodzenie","4.72","308","00:57:08","108","122","114","125","12:06","10:23","50","53","0.73","0.0","0.0","0.0","0.0","0.0","--","--","--","0:00","0.0","0:00","Nie","08:33.78","5","0.0","00:56:42","00:57:29","61","95"
Kolarstwo,2022-03-18 13:52:32,false,"Gdańsk Kolarstwo","12.76","187","00:39:50","97","126","--","--","19.2","39.5","82","93","0.00","0.0","0.0","0.0","0.0","0.0","--","--","--","0:00","0.0","0:00","Nie","39:50.21","1","0.0","00:39:14","00:44:49","16","135"
Bieganie,2022-03-14 18:40:19,false,"Gdańsk Bieganie","4.62","443","01:18:24","110","149","35","226","16:57","3:05","130","141","1.68","0.0","0.0","0.0","0.0","0.0","--","--","--","0:00","0.0","0:00","Nie","01:18:23.92","1","0.0","00:51:04","01:18:24","-45","146"
Narciarstwo rekreacyjne/snowboarding,2022-03-09 19:19:24,false,"Bukowina Tatrzańska Narciarstwo rekreacyjne/snowboarding","0.41","14","00:02:24.0","102","110","--","--","10.1","38.5","--","203","0.00","0.0","0.0","0.0","0.0","0.0","--","--","--","0:00","0.0","0:00","Nie","02:24.01","1","0.0","00:00:56","00:02:53.0","624","827"
Chodzenie,2022-03-05 12:51:41,false,"Gdańsk Chodzenie","3.38","215","00:46:24","99","116","100","219","13:43","7:42","2","6","0.73","0.0","0.0","0.0","0.0","0.0","--","--","--","0:00","0.0","0:00","Nie","05:26.53","4","0.0","00:45:52","01:09:42","-128","93"
Chodzenie,2022-01-31 16:16:06,false,"Gdańsk Chodzenie","5.21","343","00:55:43","101","116","118","130","10:41","8:59","45","46","0.80","0.0","0.0","0.0","0.0","0.0","--","--","--","0:00","0.0","0:00","Nie","02:38.22","6","0.0","00:55:25","00:58:40","50","85"
Chodzenie,2022-01-18 16:09:43,false,"Gdańsk Chodzenie","4.92","326","00:58:40","111","129","113","130","11:55","9:27","54","56","0.74","0.0","0.0","0.0","0.0","0.0","--","--","--","0:00","0.0","0:00","Nie","11:14.67","5","0.0","00:58:23","00:59:39","-93","85"
Chodzenie,2022-01-07 10:21:17,false,"Solina Chodzenie","4.98","484","01:32:06","105","146","66","242","18:30","2:09","282","321","1.00","0.0","0.0","0.0","0.0","0.0","--","--","--","0:00","0.0","0:00","Nie","03:59.09","5","0.0","01:28:15","02:35:51","352","787"
Bieganie,2021-11-22 18:42:54,false,"Gdańsk Bieganie","5.30","508","01:18:05","120","150","43","218","14:44","2:14","12","29","1.59","0.0","0.0","0.0","0.0","0.0","--","--","--","0:00","0.0","0:00","Nie","01:18:04.65","1","0.0","00:57:28","01:18:05","47","145"
Bieganie,2021-11-15 18:37:57,false,"Gdańsk Bieganie","5.98","482","01:24:06","115","149","48","226","14:03","2:31","56","66","1.48","0.0","0.0","0.0","0.0","0.0","--","--","--","0:00","0.0","0:00","Nie","01:24:05.70","1","0.0","01:07:23","01:24:06","-28","81"
Bieganie,2021-11-08 18:38:35,false,"Gdańsk Bieganie","4.43","415","01:20:36","111","148","33","210","18:12","2:43","3","23","1.67","0.0","0.0","0.0","0.0","0.0","--","--","--","0:00","0.0","0:00","Nie","01:20:35.91","1","0.0","00:53:02","01:20:36","19","60"
Bieganie,2021-10-11 19:01:18,false,"Gdańsk Bieganie","4.10","366","00:58:36","118","153","49","245","14:18","3:02","3,048","3,053","1.43","0.0","0.0","0.0","0.0","0.0","--","--","--","0:00","0.0","0:00","Nie","58:36.21","1","0.0","00:46:11","00:58:36","57","7,883"
Bieganie,2021-10-06 18:08:57,false,"Gdańsk Bieganie","5.73","541","01:23:43","120","170","42","245","14:36","2:50","432","444","1.64","0.0","0.0","0.0","0.0","0.0","--","--","--","0:00","0.0","0:00","Nie","01:23:43.28","1","0.0","00:59:37","01:23:43","-44","138"
Kolarstwo,2021-10-05 15:18:25,false,"Gdańsk Kolarstwo","13.71","274","00:42:43","111","174","--","--","19.3","42.8","76","88","0.00","0.0","0.0","0.0","0.0","0.0","--","--","--","0:00","0.0","0:00","Nie","42:43.33","1","0.0","00:41:30","02:35:10","31","117"
Chodzenie,2021-10-03 16:20:15,false,"Gdańsk Chodzenie","9.76","641","01:54:19","88","134","115","129","11:43","9:49","85","86","0.74","0.0","0.0","0.0","0.0","0.0","--","--","--","0:00","0.0","0:00","Nie","08:29.80","10","0.0","01:53:12","01:59:22","8","88"
Kolarstwo,2021-10-02 16:13:43,false,"Gdańsk Kolarstwo","41.18","549","01:46:06","107","142","--","--","23.3","45.0","153","247","0.00","0.0","0.0","0.0","0.0","0.0","--","--","--","0:00","0.0","0:00","Nie","01:46:06.27","1","0.0","01:45:08","01:54:45","-11","81"
Bieganie,2021-09-28 18:38:16,false,"Gdańsk Bieganie","4.73","481","01:21:02","116","149","36","216","17:08","2:43","273","281","1.62","0.0","0.0","0.0","0.0","0.0","--","--","--","0:00","0.0","0:00","Nie","01:21:01.97","1","0.0","00:56:02","01:21:02","7","229"
Chodzenie,2021-09-22 11:17:28,false,"Santanyí Chodzenie","4.99","361","01:14:42","106","132","90","155","14:58","10:54","124","128","0.75","0.0","0.0","0.0","0.0","0.0","--","--","--","0:00","0.0","0:00","Nie","13:27.94","5","0.0","00:00:00","01:20:40","-19","164"
Chodzenie,2021-09-20 11:22:06,false,"Calvià Chodzenie","8.05","424","01:26:38","104","135","103","155","10:46","1:46","126","122","0.85","0.0","0.0","0.0","0.0","0.0","--","--","--","0:00","0.0","0:00","Nie","00:43.73","9","0.0","00:00:00","01:47:53","103","159"
Chodzenie,2021-09-17 10:25:46,false,"Calvià Chodzenie","7.75","549","01:43:41","109","160","100","132","13:23","9:59","112","83","0.75","0.0","0.0","0.0","0.0","0.0","--","--","--","0:00","0.0","0:00","Nie","11:57.98","8","0.0","00:00:00","02:01:12","121","188"
Chodzenie,2021-09-15 17:13:02,false,"Gdańsk Chodzenie","6.42","412","01:18:54","108","121","107","128","12:17","10:27","44","43","0.76","0.0","0.0","0.0","0.0","0.0","--","--","--","0:00","0.0","0:00","Nie","05:04.21","7","0.0","00:00:00","01:23:56","204","250"
Bieganie,2021-09-14 18:41:24,false,"Gdańsk Bieganie","5.10","571","01:13:55","125","156","52","224","14:29","2:34","420","431","1.33","0.0","0.0","0.0","0.0","0.0","--","--","--","0:00","0.0","0:00","Nie","01:13:55.30","1","0.0","00:55:44","01:13:55","20","251"
Kolarstwo,2021-09-10 14:20:30,false,"Gdańsk Kolarstwo","34.64","975","01:36:44","137","172","--","--","21.5","39.3","174","197","0.00","0.0","0.0","0.0","0.0","0.0","--","--","--","0:00","0.0","0:00","Nie","01:36:44.14","1","0.0","00:00:00","01:43:55","32","129"
Bieganie,2021-09-07 18:44:58,false,"Gdańsk Bieganie","3.47","458","00:53:23","132","168","47","238","15:24","2:59","171","173","1.37","0.0","0.0","0.0","0.0","0.0","--","--","--","0:00","0.0","0:00","Nie","53:23.04","1","0.0","00:37:15","00:53:23","-107","105"
Chodzenie,2021-09-05 10:14:53,false,"Gdańsk Chodzenie","7.83","505","01:35:00","98","123","101","132","12:08","9:27","77","86","0.84","0.0","0.0","0.0","0.0","0.0","--","--","--","0:00","0.0","0:00","Nie","10:14.37","8","0.0","00:00:00","01:36:00","-129","-37"
Kolarstwo,2021-09-01 17:37:04,false,"Gdańsk Kolarstwo","24.24","643","01:31:58","123","159","--","--","15.8","48.1","231","261","0.00","0.0","0.0","0.0","0.0","0.0","--","--","--","0:00","0.0","0:00","Nie","01:31:57.80","1","0.0","01:29:05","01:45:51","-69","40"
Bieganie,2021-08-24 18:36:49,false,"Gdańsk Bieganie","5.49","758","01:18:33","144","174","48","245","14:18","2:27","96","102","1.47","0.0","0.0","0.0","0.0","0.0","--","--","--","0:00","0.0","0:00","Nie","01:18:33.12","1","0.0","00:59:29","01:19:05","-49","72"
Kolarstwo,2021-08-23 16:53:16,false,"Gdańsk Kolarstwo","21.37","637","01:15:32","135","174","--","--","17.0","41.5","429","459","0.00","0.0","0.0","0.0","0.0","0.0","--","--","--","0:00","0.0","0:00","Nie","01:15:31.98","1","0.0","00:00:00","01:58:48","28","133"
Kolarstwo,2021-08-22 14:21:07,false,"Gdańsk Kolarstwo","23.56","704","01:08:16","139","175","--","--","20.7","40.1","93","106","0.00","0.0","0.0","0.0","0.0","0.0","--","--","--","0:00","0.0","0:00","Nie","01:08:15.73","1","0.0","01:05:29","01:08:28","-2","72"
Bieganie,2021-08-10 18:41:37,false,"Gdańsk Bieg","4.23","367","01:00:24","114","150","47","235","14:16","2:02","95","109","1.51","0.0","0.0","0.0","0.0","0.0","--","--","--","0:00","0.0","0:00","Nie","01:00:23.78","1","0.0","00:46:28","01:00:24","8","132"
Bieganie,2021-08-03 18:37:24,false,"Gdańsk Bieg","3.92","393","00:45:16","134","175","59","229","11:33","2:35","439","441","1.47","0.0","0.0","0.0","0.0","0.0","--","--","--","0:00","0.0","0:00","Nie","45:16.36","1","0.0","00:41:51","01:19:34","-31","114"
Kolarstwo,2021-07-29 15:58:06,false,"Gdańsk Kolarstwo","74.36","1,414","04:04:10","118","165","--","--","18.3","43.7","502","539","0.00","0.0","0.0","0.0","0.0","0.0","--","--","--","0:00","0.0","0:00","Nie","04:04:09.72","1","0.0","04:01:10","05:21:32","-15","145"
Bieganie,2021-07-27 18:37:25,false,"Gdańsk Bieg","3.64","444","00:42:31","147","178","58","229","11:42","2:52","520","528","1.46","0.0","0.0","0.0","0.0","0.0","--","--","--","0:00","0.0","0:00","Nie","42:30.57","1","0.0","00:38:39","01:23:38","-52","228"
Bieganie,2021-07-20 18:43:03,false,"Gdańsk Bieg","3.29","402","00:40:55","142","175","63","203","12:26","2:32","361","411","1.28","0.0","0.0","0.0","0.0","0.0","--","--","--","0:00","0.0","0:00","Nie","40:54.77","1","0.0","00:37:48","01:16:05","-63","215"
Kolarstwo,2021-07-14 15:46:39,false,"Gdańsk Kolarstwo","55.17","1,273","03:00:37","124","179","--","--","18.3","46.3","415","494","0.00","0.0","0.0","0.0","0.0","0.0","--","--","--","0:00","0.0","0:00","Nie","03:00:37.34","1","0.0","02:58:34","03:57:10","137","309"
Kolarstwo,2021-07-12 15:51:20,false,"Gdańsk Kolarstwo","25.58","774","01:13:49","140","179","--","--","20.8","42.4","189","219","0.00","0.0","0.0","0.0","0.0","0.0","--","--","--","0:00","0.0","0:00","Nie","01:13:49.29","1","0.0","01:11:47","01:18:53","146","257"
Bieganie,2021-07-06 18:40:14,false,"Gdańsk Bieg","3.25","449","00:40:15","153","188","61","210","12:24","2:55","535","530","1.33","0.0","0.0","0.0","0.0","0.0","--","--","--","0:00","0.0","0:00","Nie","40:14.69","1","0.0","00:36:57","01:19:15","11","246"
Kolarstwo,2021-06-29 16:07:13,false,"Gdańsk Kolarstwo","39.83","871","01:56:39","129","171","--","--","20.5","44.7","377","375","0.00","0.0","0.0","0.0","0.0","0.0","--","--","--","0:00","0.0","0:00","Nie","01:56:38.91","1","0.0","01:55:47","02:11:49","-21","108"
Kolarstwo,2021-06-28 15:27:05,false,"Gdańsk Kolarstwo","67.46","1,383","03:38:21","121","158","--","--","18.5","48.0","185","214","0.00","0.0","0.0","0.0","0.0","0.0","--","--","--","0:00","0.0","0:00","Nie","03:38:20.79","1","0.0","03:34:39","04:10:12","-46","52"
Kolarstwo,2021-06-23 15:28:29,false,"Gdańsk Kolarstwo","39.06","851","02:05:11","120","151","--","--","18.7","46.8","386","424","0.00","0.0","0.0","0.0","0.0","0.0","--","--","--","0:00","0.0","0:00","Nie","02:05:10.83","1","0.0","02:04:13","02:21:23","1","111"
Bieganie,2021-06-22 18:40:44,false,"Gdańsk Bieg","2.96","381","00:36:08","147","181","57","238","12:13","2:44","501","485","1.43","0.0","0.0","0.0","0.0","0.0","--","--","--","0:00","0.0","0:00","Nie","36:07.61","1","0.0","00:31:39","01:13:32","-96","169"
Kolarstwo,2021-06-16 16:59:52,false,"Gdańsk Kolarstwo","48.98","1,082","02:38:17","121","171","--","--","18.6","42.7","231","216","0.00","0.0","0.0","0.0","0.0","0.0","--","--","--","0:00","0.0","0:00","Nie","02:38:16.57","1","0.0","02:35:13","03:44:16","-12","82"
Bieganie,2021-06-15 18:41:46,false,"Gdańsk Bieg","2.81","325","00:33:43","138","170","68","232","12:00","2:36","4","7","1.22","0.0","0.0","0.0","0.0","0.0","--","--","--","0:00","0.0","0:00","Nie","33:42.58","1","0.0","00:30:16","01:02:53","-132","64"
Kolarstwo,2021-06-14 16:29:11,false,"Gdańsk Kolarstwo","25.72","620","01:23:09","121","178","--","--","18.6","38.3","118","118","0.00","0.0","0.0","0.0","0.0","0.0","--","--","--","0:00","0.0","0:00","Nie","01:23:08.89","1","0.0","01:21:33","01:30:46","-200","-37"
Bieganie,2021-06-08 18:41:34,false,"Gdańsk Bieg","2.36","300","00:31:42","139","181","58","215","13:25","2:13","177","134","1.29","0.0","0.0","0.0","0.0","0.0","--","--","--","0:00","0.0","0:00","Nie","31:41.62","1","0.0","00:29:11","00:58:54","-63","66"
Kolarstwo,2021-06-03 10:05:13,false,"Gdańsk Kolarstwo","65.28","1,542","04:13:25","117","161","--","--","15.5","46.6","480","501","0.00","0.0","0.0","0.0","0.0","0.0","--","--","--","0:00","0.0","0:00","Nie","04:13:24.59","1","0.0","04:11:12","05:08:40","-24","215"
Kolarstwo,2021-06-02 15:28:39,false,"Gdańsk Kolarstwo","26.20","776","01:21:40","138","167","--","--","19.3","44.5","207","217","0.00","0.0","0.0","0.0","0.0","0.0","--","--","--","0:00","0.0","0:00","Nie","01:21:39.96","1","0.0","01:21:00","01:29:49","5","97"
Bieganie,2021-06-01 18:46:10,false,"Gdańsk Bieg","2.73","289","00:32:45","132","167","57","245","11:59","2:52","--","--","1.46","0.0","0.0","0.0","0.0","0.0","--","--","--","0:00","0.0","0:00","Nie","32:44.66","1","0.0","00:29:37","01:04:32","44","65"
Kolarstwo,2021-05-31 15:39:18,false,"Gdańsk Kolarstwo","40.65","942","02:18:03","123","175","--","--","17.7","49.4","131","159","0.00","0.0","0.0","0.0","0.0","0.0","--","--","--","0:00","0.0","0:00","Nie","02:18:03.18","1","0.0","02:16:17","02:41:11","-7","99"
Bieganie,2021-05-25 18:38:43,false,"Gdańsk Bieg","3.62","393","00:46:30","132","178","58","232","12:52","1:58","168","191","1.34","0.0","0.0","0.0","0.0","0.0","--","--","--","0:00","0.0","0:00","Nie","46:30.07","1","0.0","00:42:18","01:22:03","39","112"
Kolarstwo,2021-05-24 15:29:52,false,"Gdańsk Kolarstwo","47.23","1,126","02:46:54","123","177","--","--","17.0","49.4","229","246","0.00","0.0","0.0","0.0","0.0","0.0","--","--","--","0:00","0.0","0:00","Nie","02:46:54.36","1","0.0","02:42:58","03:51:06","--","146"
Kolarstwo,2021-05-19 16:20:39,false,"Gdańsk Kolarstwo","22.01","631","01:41:14","114","154","--","--","13.0","46.3","118","131","0.00","0.0","0.0","0.0","0.0","0.0","--","--","--","0:00","0.0","0:00","Nie","01:41:14.05","1","0.0","01:39:29","02:40:49","4","97"
Bieganie,2021-05-18 18:35:37,false,"Gdańsk Bieg","3.26","272","00:40:10","118","152","56","249","12:20","2:35","115","142","1.44","0.0","0.0","0.0","0.0","0.0","--","--","--","0:00","0.0","0:00","Nie","40:10.25","1","0.0","00:35:54","01:21:05","16","90"
Bieganie,2021-05-15 13:17:00,false,"Gdańsk Bieg","4.26","490","01:14:36","119","157","44","218","17:32","2:45","54","55","1.31","0.0","0.0","0.0","0.0","0.0","--","--","--","0:00","0.0","0:00","Nie","01:14:36.46","1","0.0","00:49:50","01:14:36","39","72"
Kolarstwo,2021-05-14 15:52:01,false,"Gdańsk Kolarstwo","46.60","1,189","02:45:09","123","170","--","--","16.9","42.2","359","381","0.00","0.0","0.0","0.0","0.0","0.0","--","--","--","0:00","0.0","0:00","Nie","02:45:08.75","1","0.0","02:42:40","03:23:16","-16","136"
Kolarstwo,2021-05-12 16:37:27,false,"Gdańsk Kolarstwo","35.80","988","02:05:34","132","177","--","--","17.1","51.3","299","310","0.00","0.0","0.0","0.0","0.0","0.0","--","--","--","0:00","0.0","0:00","Nie","02:05:33.51","1","0.0","02:02:19","03:10:52","27","140"
Kolarstwo,2021-05-10 15:44:51,false,"Gdańsk Kolarstwo","37.90","1,064","02:14:55","131","177","--","--","16.9","39.0","141","157","0.00","0.0","0.0","0.0","0.0","0.0","--","--","--","0:00","0.0","0:00","Nie","02:14:55.29","1","0.0","02:12:10","02:37:03","-25","81"
Bieganie,2021-05-08 13:14:16,false,"Gdańsk Bieg","4.90","616","01:13:56","136","186","42","245","15:05","2:29","270","276","1.59","0.0","0.0","0.0","0.0","0.0","--","--","--","0:00","0.0","0:00","Nie","01:13:55.80","1","0.0","00:50:32","01:13:56","-59","30"
Kolarstwo,2021-05-01 15:16:58,false,"Gdańsk Kolarstwo","29.39","574","01:24:24","119","159","--","--","20.9","42.3","136","132","0.00","0.0","0.0","0.0","0.0","0.0","--","--","--","0:00","0.0","0:00","Nie","01:24:24.15","1","0.0","01:22:26","01:32:34","-7","83"
Bieganie,2021-04-24 15:09:40,false,"Gdańsk Bieg","4.52","518","01:13:20","120","156","44","238","16:13","2:56","17","28","1.39","0.0","0.0","0.0","0.0","0.0","--","--","--","0:00","0.0","0:00","Nie","01:13:20.48","1","0.0","00:54:50","01:13:20","42","66"
Bieganie,2021-04-22 20:51:51,false,"Gdańsk Bieg","3.90","407","01:09:10","112","149","39","245","17:43","2:41","2","13","1.45","0.0","0.0","0.0","0.0","0.0","--","--","--","0:00","0.0","0:00","Nie","01:09:09.80","1","0.0","00:44:19","01:09:10","-16","30"
Kolarstwo,2021-04-21 17:19:23,false,"Gdańsk Kolarstwo","39.14","762","01:56:09","122","169","--","--","20.2","39.5","112","119","0.00","0.0","0.0","0.0","0.0","0.0","--","--","--","0:00","0.0","0:00","Nie","01:56:09.35","1","0.0","01:54:11","02:16:58","-23","75"
Kolarstwo,2021-04-20 16:16:49,false,"Gdańsk Kolarstwo","32.54","810","01:57:07","121","158","--","--","16.7","37.6","227","228","0.00","0.0","0.0","0.0","0.0","0.0","--","--","--","0:00","0.0","0:00","Nie","01:57:07.24","1","0.0","01:54:31","02:08:29","55","169"
Kolarstwo,2021-04-14 15:43:03,false,"Gdańsk Kolarstwo","11.04","279","00:43:04","111","141","--","--","15.4","36.8","109","110","0.00","0.0","0.0","0.0","0.0","0.0","--","--","--","0:00","0.0","0:00","Nie","43:04.24","1","0.0","00:42:26","00:53:17","3","79"
Chodzenie,2021-04-13 17:40:16,false,"Krynica Morska Spacerowanie","2.07","122","00:22:07","100","113","92","121","10:41","1:24","32","33","1.02","0.0","0.0","0.0","0.0","0.0","--","--","--","0:00","0.0","0:00","Nie","00:05.85","3","0.0","00:20:21","00:22:07","-26","-1"
Kolarstwo,2021-04-11 09:52:29,false,"Gdańsk Kolarstwo","53.20","815","02:54:37","99","168","--","--","18.3","29.3","116","110","0.00","0.0","0.0","0.0","0.0","0.0","--","--","--","0:00","0.0","0:00","Nie","02:54:37.08","1","0.0","02:52:22","03:45:22","-28","72"
Kolarstwo,2021-03-31 14:56:34,false,"Gdańsk Kolarstwo","40.45","990","02:07:02","126","174","--","--","19.1","40.6","142","145","0.00","0.0","0.0","0.0","0.0","0.0","--","--","--","0:00","0.0","0:00","Nie","02:07:02.31","1","0.0","02:05:35","02:42:29","-5","91"
Kolarstwo,2021-03-30 14:49:00,false,"Gdańsk Kolarstwo","33.00","887","01:47:52","135","174","--","--","18.4","54.1","300","328","0.00","0.0","0.0","0.0","0.0","0.0","--","--","--","0:00","0.0","0:00","Nie","01:47:51.57","1","0.0","01:47:10","01:58:22","48","163"
Chodzenie,2021-03-28 12:11:07,false,"Gdańsk Spacerowanie","2.98","210","00:34:55","111","127","114","125","11:43","9:30","29","33","0.75","0.0","0.0","0.0","0.0","0.0","--","--","--","0:00","0.0","0:00","Nie","11:30.75","3","0.0","00:34:22","00:34:55","48","112"
Kolarstwo,2021-03-27 10:02:09,false,"Gdańsk Kolarstwo","28.54","632","01:48:47","113","155","--","--","15.7","42.0","128","132","0.00","0.0","0.0","0.0","0.0","0.0","--","--","--","0:00","0.0","0:00","Nie","01:48:46.79","1","0.0","01:46:19","02:36:54","36","124"
Kolarstwo,2021-03-23 14:42:34,false,"Gdańsk Kolarstwo","15.20","404","00:55:14","117","165","--","--","16.5","32.0","98","111","0.00","0.0","0.0","0.0","0.0","0.0","--","--","--","0:00","0.0","0:00","Nie","55:14.01","1","0.0","00:53:52","01:00:33","-11","126"
Chodzenie,2021-03-21 14:55:04,false,"Gdańsk Spacerowanie","3.87","269","00:51:11","104","128","89","155","13:14","7:58","35","58","0.89","0.0","0.0","0.0","0.0","0.0","--","--","--","0:00","0.0","0:00","Nie","12:05.40","4","0.0","00:46:57","00:51:11","70","143"
Chodzenie,2021-03-01 15:42:22,false,"Gdańsk Spacerowanie","4.47","298","00:56:15","101","123","90","125","12:35","10:16","46","49","18.64","0.0","0.0","0.0","0.0","0.0","--","--","--","0:00","0.0","0:00","Nie","06:54.10","5","0.0","00:54:12","00:56:15","59","102"
Chodzenie,2021-02-27 13:32:22,false,"Gdańsk Spacerowanie","3.78","207","00:39:32","97","109","100","138","10:28","0:49","17","20","1.31","0.0","0.0","0.0","0.0","0.0","--","--","--","0:00","0.0","0:00","Nie","02:26.25","4","0.0","00:36:14","00:39:32","-31","23"
Kolarstwo,2021-02-25 15:46:42,false,"Gdańsk Kolarstwo","34.07","952","01:59:38","129","176","--","--","17.1","38.8","104","114","0.00","0.0","0.0","0.0","0.0","0.0","--","--","--","0:00","0.0","0:00","Nie","01:59:37.100","1","0.0","01:56:56","02:21:53","-16","79"
Kolarstwo,2021-02-20 12:20:36,false,"Gdańsk Kolarstwo","33.54","715","02:23:38","105","157","--","--","14.0","36.7","203","224","0.00","0.0","0.0","0.0","0.0","0.0","--","--","--","0:00","0.0","0:00","Nie","02:23:38.15","1","0.0","02:18:00","03:15:26","-13","104"
Chodzenie,2021-02-14 16:43:28,false,"Kosakowo Spacerowanie","2.12","99","00:18:43","97","112","106","128","8:51","1:03","6","2","1.06","0.0","0.0","0.0","0.0","0.0","--","--","--","0:00","0.0","0:00","Nie","00:06.38","3","0.0","00:17:56","00:18:43","-11","-1"
Chodzenie,2021-02-13 12:10:05,false,"Gdańsk Spacerowanie","6.08","310","01:04:37","107","131","100","122","10:38","0:55","69","31","0.83","0.0","0.0","0.0","0.0","0.0","--","--","--","0:00","0.0","0:00","Nie","00:06.35","7","0.0","01:03:12","01:04:37","-27","75"
Bieganie,2021-01-19 17:34:58,false,"Gdańsk Bieg","7.48","1,149","01:45:25","147","187","31","159","14:06","4:02","78","79","2.27","0.0","0.0","0.0","0.0","0.0","--","--","--","0:00","0.0","0:00","Nie","01:45:24.92","1","0.0","01:26:01","01:55:17","100","154"
Chodzenie,2021-01-16 12:00:56,false,"Gdańsk Spacerowanie","4.27","311","01:02:39","102","142","96","206","14:40","3:46","22","27","0.72","0.0","0.0","0.0","0.0","0.0","--","--","--","0:00","0.0","0:00","Nie","04:52.50","5","0.0","00:56:55","01:02:39","1","26"
Kolarstwo,2021-01-12 17:18:05,false,"Kolarstwo","0.00","299","00:24:34","152","170","--","--","--","--","--","--","0.00","0.0","0.0","0.0","0.0","0.0","--","--","--","0:00","0.0","0:00","Nie","24:34.44","1","0.0","00:00:00","00:24:34","89","103"
Chodzenie,2021-01-01 13:57:41,false,"Kosakowo Spacerowanie","2.80","243","00:52:40","103","135","76","160","18:50","11:59","42","44","0.71","0.0","0.0","0.0","0.0","0.0","--","--","--","0:00","0.0","0:00","Nie","14:18.32","3","0.0","00:47:18","00:52:40","3","44"
Chodzenie,2020-12-26 13:21:48,false,"Gdańsk Spacerowanie","2.47","184","00:43:27","93","124","69","160","17:35","9:49","26","24","0.83","0.0","0.0","0.0","0.0","0.0","--","--","--","0:00","0.0","0:00","Nie","10:34.50","3","0.0","00:39:32","00:43:27","152","191"
Chodzenie,2020-12-25 09:44:31,false,"Gdańsk Spacerowanie","2.00","159","00:26:58","101","128","95","119","13:27","10:31","22","24","0.79","0.0","0.0","0.0","0.0","0.0","--","--","--","0:00","0.0","0:00","Nie","00:04.86","3","0.0","00:25:46","00:26:58","108","215"
Bieganie,2020-12-05 13:07:59,false,"Gdańsk Bieg","5.79","712","01:26:44","131","176","42","230","14:58","2:39","57","74","1.59","0.0","0.0","0.0","0.0","0.0","--","--","--","0:00","0.0","0:00","Nie","01:26:44.12","1","0.0","01:00:49","01:26:44","147","205"
Bieganie,2020-11-21 13:19:26,false,"Gdańsk Bieg","5.49","899","01:24:36","146","189","44","229","15:25","2:55","17","12","1.47","0.0","0.0","0.0","0.0","0.0","--","--","--","0:00","0.0","0:00","Nie","01:24:36.36","1","0.0","00:58:59","01:24:36","198","215"
Chodzenie,2020-11-15 13:10:52,false,"Sopot Spacerowanie","4.12","266","00:53:21","105","133","86","122","12:56","1:07","32","32","1.47","0.0","0.0","0.0","0.0","0.0","--","--","--","0:00","0.0","0:00","Nie","00:07.49","5","0.0","00:45:27","00:53:21","54","87"
Bieganie,2020-11-14 15:39:53,false,"Gdańsk Bieg","5.07","514","01:22:54","113","141","39","245","16:21","2:44","118","127","1.58","0.0","0.0","0.0","0.0","0.0","--","--","--","0:00","0.0","0:00","Nie","01:22:53.72","1","0.0","00:56:10","01:22:54","38","114"
Chodzenie,2020-11-11 15:18:15,false,"Gdańsk Spacerowanie","5.06","330","00:56:19","103","114","117","126","11:07","10:09","53","54","0.77","0.0","0.0","0.0","0.0","0.0","--","--","--","0:00","0.0","0:00","Nie","00:43.36","6","0.0","00:55:44","00:56:19","35","83"
Chodzenie,2020-11-10 15:25:28,false,"Gdańsk Spacerowanie","4.65","333","01:03:28","97","136","98","134","13:39","8:48","40","33","0.75","0.0","0.0","0.0","0.0","0.0","--","--","--","0:00","0.0","0:00","Nie","11:04.45","5","0.0","00:58:46","01:03:31","37","77"
Kolarstwo,2020-11-09 15:26:05,false,"Gdańsk Kolarstwo","26.50","818","01:20:01","135","176","--","--","19.9","39.2","93","122","0.00","0.0","0.0","0.0","0.0","0.0","--","--","--","0:00","0.0","0:00","Nie","01:20:00.83","1","0.0","01:17:54","01:33:24","-18","74"
Chodzenie,2020-11-07 11:20:27,false,"Gdańsk Spacerowanie","5.77","376","01:12:19","101","118","108","157","12:32","10:12","58","57","0.74","0.0","0.0","0.0","0.0","0.0","--","--","--","0:00","0.0","0:00","Nie","09:38.67","6","0.0","01:12:04","01:12:19","35","82"
Kolarstwo,2020-11-03 14:52:57,false,"Gdańsk Kolarstwo","26.32","752","01:30:20","131","170","--","--","17.5","46.8","241","275","0.00","0.0","0.0","0.0","0.0","0.0","--","--","--","0:00","0.0","0:00","Nie","01:30:19.96","1","0.0","01:28:17","01:44:40","12","131"
Kolarstwo,2020-10-30 17:02:10,false,"Gdańsk Kolarstwo","18.00","504","01:05:09","121","147","--","--","16.6","40.9","140","139","0.00","0.0","0.0","0.0","0.0","0.0","--","--","--","0:00","0.0","0:00","Nie","01:05:09.20","1","0.0","01:03:32","01:31:34","-25","80"
Bieganie,2020-10-29 18:22:48,false,"Gdańsk Bieg","2.44","221","00:15:04","168","189","148","182","6:10","4:19","11","16","1.10","0.0","0.0","0.0","0.0","0.0","--","--","--","0:00","0.0","0:00","Nie","15:04.33","1","0.0","00:13:22","00:15:04","5","18"
Chodzenie,2020-10-22 17:54:28,false,"Gdańsk Spacerowanie","4.48","313","00:58:28","110","153","102","123","13:03","10:54","31","38","0.75","0.0","0.0","0.0","0.0","0.0","--","--","--","0:00","0.0","0:00","Nie","08:59.40","5","0.0","00:54:52","00:58:28","64","93"
Chodzenie,2020-10-11 09:37:44,false,"Gdańsk Spacerowanie","2.28","153","00:31:24","106","122","96","143","13:46","10:57","4","6","0.75","0.0","0.0","0.0","0.0","0.0","--","--","--","0:00","0.0","0:00","Nie","03:41.51","3","0.0","00:30:14","00:31:24","-3","17"
Bieganie,2020-10-07 18:03:28,false,"Gdańsk Bieg","5.17","574","01:41:11","116","149","34","234","19:34","2:23","81","100","1.49","0.0","0.0","0.0","0.0","0.0","--","--","--","0:00","0.0","0:00","Nie","01:41:11.07","1","0.0","00:55:40","01:41:11","17","68"
Bieganie,2020-09-30 17:21:46,false,"Gdańsk Bieg","3.56","432","01:18:58","111","144","28","245","22:10","4:09","--","13","1.63","0.0","0.0","0.0","0.0","0.0","--","--","--","0:00","0.0","0:00","Nie","01:18:57.69","1","0.0","00:41:20","01:24:26","-38","-4"
Bieganie,2020-09-23 18:10:24,false,"Gdańsk Bieg","5.77","1,053","01:40:23","149","186","37","221","17:24","3:03","307","318","1.53","0.0","0.0","0.0","0.0","0.0","--","--","--","0:00","0.0","0:00","Nie","01:40:23.46","1","0.0","01:13:46","01:40:23","38","132"
Bieganie,2020-09-16 18:13:18,false,"Gdańsk Bieg","5.14","782","01:19:52","149","182","42","236","15:33","2:31","291","312","1.55","0.0","0.0","0.0","0.0","0.0","--","--","--","0:00","0.0","0:00","Nie","01:19:51.85","1","0.0","00:55:47","01:19:52","-56","85"
Chodzenie,2020-09-12 14:14:31,false,"Kosakowo Spacerowanie","2.86","222","00:54:24","98","133","69","160","19:02","13:14","38","37","0.78","0.0","0.0","0.0","0.0","0.0","--","--","--","0:00","0.0","0:00","Nie","13:24.49","3","0.0","00:51:27","00:54:24","-6","25"
Kolarstwo,2020-09-11 15:23:28,false,"Gdańsk Kolarstwo","60.47","1,203","02:59:10","124","179","--","--","20.3","42.0","132","185","0.00","0.0","0.0","0.0","0.0","0.0","--","--","--","0:00","0.0","0:00","Nie","02:59:09.63","1","0.0","02:57:57","03:27:37","-26","77"
Bieganie,2020-09-09 18:06:25,false,"Gdańsk Bieg","5.64","883","01:22:09","151","181","44","226","14:33","2:27","229","232","1.56","0.0","0.0","0.0","0.0","0.0","--","--","--","0:00","0.0","0:00","Nie","01:22:08.88","1","0.0","01:01:38","01:22:09","3","90"
Chodzenie,2020-09-04 11:11:05,false,"Sibenik Spacerowanie","9.12","815","03:12:33","98","144","38","190","21:06","3:31","99","232","11.55","0.0","0.0","0.0","0.0","0.0","--","--","--","0:00","0.0","0:00","Nie","01:32.32","10","0.0","01:27:34","03:12:33","-25","153"
Pływanie w basenie,2020-09-02 12:59:37,false,"Pływanie w basenie","--","--","00:00:09.9","--","--","--","--","--","--","--","--","0.00","0.0","0.0","0.0","0.0","0.0","--","--","--","0:00","0.0","0:00","Nie","00:02.58","3","0.0","00:00:00","00:00:39.8","--","--"
Chodzenie,2020-08-30 15:33:32,false,"Selca Spacerowanie","3.05","192","00:48:19","90","123","86","159","15:50","10:46","41","36","0.73","0.0","0.0","0.0","0.0","0.0","--","--","--","0:00","0.0","0:00","Nie","00:40.82","4","0.0","00:41:53","00:48:19","-58","16"
Kolarstwo,2020-08-21 18:20:01,false,"Gdańsk Kolarstwo","39.45","932","02:00:34","127","177","--","--","19.6","43.3","117","135","0.00","0.0","0.0","0.0","0.0","0.0","--","--","--","0:00","0.0","0:00","Nie","02:00:33.73","1","0.0","01:58:56","02:43:35","1","89"
Bieganie,2020-08-19 18:03:40,false,"Gdańsk Bieg","7.69","1,174","01:55:16","154","188","48","245","15:00","2:19","275","290","1.40","0.0","0.0","0.0","0.0","0.0","--","--","--","0:00","0.0","0:00","Nie","01:55:15.58","1","0.0","01:27:41","01:55:16","6","92"
Kolarstwo,2020-08-07 17:40:07,false,"Gdańsk Kolarstwo","20.04","534","00:59:32","134","167","--","--","20.2","35.8","104","170","0.00","0.0","0.0","0.0","0.0","0.0","--","--","--","0:00","0.0","0:00","Nie","59:31.71","1","0.0","00:58:49","01:08:12","-6","89"
Bieganie,2020-08-05 18:07:01,false,"Gdańsk Bieg","6.20","1,122","01:36:35","164","193","41","245","15:35","2:21","374","426","1.56","0.0","0.0","0.0","0.0","0.0","--","--","--","0:00","0.0","0:00","Nie","01:36:34.60","1","0.0","01:10:08","01:36:35","-71","57"
Bieganie,2020-08-02 12:47:02,false,"Gdańsk Bieg","3.02","207","00:46:29","95","112","88","231","15:23","11:40","--","4","0.74","0.0","0.0","0.0","0.0","0.0","--","--","--","0:00","0.0","0:00","Nie","46:28.62","1","0.0","00:40:35","00:49:54","-98","-6"
Kolarstwo,2020-07-25 04:58:37,false,"Gdańsk Kolarstwo","118.47","3,015","06:21:49","134","174","--","--","18.6","44.0","744","976","0.00","0.0","0.0","0.0","0.0","0.0","--","--","--","0:00","0.0","0:00","Nie","06:21:49.23","1","0.0","06:18:22","10:49:00","-78","98"
Kolarstwo,2020-07-22 15:36:37,false,"Gdańsk Kolarstwo","56.63","1,114","03:01:25","116","164","--","--","18.7","43.5","330","346","0.00","0.0","0.0","0.0","0.0","0.0","--","--","--","0:00","0.0","0:00","Nie","03:01:25.42","1","0.0","02:57:58","04:29:15","-18","95"
Kolarstwo,2020-07-21 16:32:03,false,"Gdańsk Kolarstwo","30.53","786","01:36:46","133","172","--","--","18.9","42.0","142","160","0.00","0.0","0.0","0.0","0.0","0.0","--","--","--","0:00","0.0","0:00","Nie","01:36:46.43","1","0.0","01:35:45","02:45:04","-14","87"
Kolarstwo,2020-07-19 13:26:10,false,"Kolbudy Kolarstwo","11.53","341","00:54:10","114","145","--","--","12.8","26.9","71","71","0.00","0.0","0.0","0.0","0.0","0.0","--","--","--","0:00","0.0","0:00","Nie","54:09.67","1","0.0","00:53:30","01:03:53","52","100"
Kolarstwo,2020-07-19 10:40:18,false,"Gdańsk Kolarstwo","10.97","293","00:50:51","109","163","--","--","12.9","36.9","114","117","0.00","0.0","0.0","0.0","0.0","0.0","--","--","--","0:00","0.0","0:00","Nie","50:50.99","1","0.0","00:50:07","00:59:20","60","112"
Chodzenie,2020-07-18 15:45:01,false,"Gdańsk Spacerowanie","4.17","277","00:53:02","106","135","108","124","12:43","10:27","57","52","0.73","0.0","0.0","0.0","0.0","0.0","--","--","--","0:00","0.0","0:00","Nie","02:03.50","5","0.0","00:52:57","00:53:02","-11","38"
Kolarstwo,2020-07-17 16:46:59,false,"Gdańsk Kolarstwo","55.15","1,245","03:09:57","123","157","--","--","17.4","50.8","148","174","0.00","0.0","0.0","0.0","0.0","0.0","--","--","--","0:00","0.0","0:00","Nie","03:09:56.92","1","0.0","02:59:42","05:15:08","-65","83"
Chodzenie,2020-07-12 17:20:35,false,"Gdańsk Spacerowanie","5.08","333","01:11:39","100","118","101","126","14:05","12:04","63","56","0.70","0.0","0.0","0.0","0.0","0.0","--","--","--","0:00","0.0","0:00","Nie","01:10.99","6","0.0","01:11:38","01:11:39","-24","60"
Kolarstwo,2020-07-11 08:15:57,false,"Puck (Gmina) Kolarstwo","102.23","2,264","05:34:04","123","169","--","--","18.4","38.1","241","287","0.00","0.0","0.0","0.0","0.0","0.0","--","--","--","0:00","0.0","0:00","Nie","05:34:04.07","1","0.0","05:31:49","07:28:52","-54","11"
Chodzenie,2020-07-04 18:29:46,false,"Gdańsk Spacerowanie","3.74","246","00:46:27","103","124","108","118","12:25","9:01","44","8","0.75","0.0","0.0","0.0","0.0","0.0","--","--","--","0:00","0.0","0:00","Nie","09:17.05","4","0.0","00:46:22","00:46:38","31","83"
Kolarstwo,2020-07-04 10:06:09,false,"Gdańsk Kolarstwo","47.52","1,351","02:36:49","137","174","--","--","18.2","51.9","380","356","0.00","0.0","0.0","0.0","0.0","0.0","--","--","--","0:00","0.0","0:00","Nie","02:36:48.78","1","0.0","02:33:54","03:47:36","-13","138"
Kolarstwo,2020-06-30 18:05:31,false,"Gdańsk Kolarstwo","34.46","905","01:55:23","128","172","--","--","17.9","46.1","249","244","0.00","0.0","0.0","0.0","0.0","0.0","--","--","--","0:00","0.0","0:00","Nie","01:55:22.51","1","0.0","01:53:00","02:58:46","82","183"
Kolarstwo,2020-06-25 15:57:28,false,"Gdańsk Kolarstwo","85.24","2,172","04:36:39","135","174","--","--","18.5","37.5","437","453","0.00","0.0","0.0","0.0","0.0","0.0","--","--","--","0:00","0.0","0:00","Nie","04:36:39.12","1","0.0","04:32:21","06:36:15","-2","94"
Chodzenie,2020-06-20 12:04:26,false,"Karsin Spacerowanie","13.32","1,019","02:51:06","106","143","4","177","12:51","6:01","3","13","39.14","0.0","0.0","0.0","0.0","0.0","--","--","--","0:00","0.0","0:00","Nie","05:34.16","14","0.0","02:12:14","02:53:12","96","106"
Trening siłowy,2020-06-19 16:05:40,false,"Strength","0.00","395","01:06:15","110","160","--","--","--","--","--","--","0.00","0.0","0.0","0.0","0.0","0.0","--","11","1","0:00","0.0","0:00","Nie","01:06:15.12","1","0.0","01:06:15","01:06:15","--","--"
Kolarstwo,2020-06-14 16:27:30,false,"Gdańsk Kolarstwo","37.35","865","02:06:10","124","170","--","--","17.8","37.6","123","138","0.00","0.0","0.0","0.0","0.0","0.0","--","--","--","0:00","0.0","0:00","Nie","02:06:09.57","1","0.0","02:04:24","02:46:14","2","86"
Trening siłowy,2020-06-14 10:45:07,false,"Strength","0.00","282","00:43:07","123","163","--","--","--","--","--","--","0.00","0.0","0.0","0.0","0.0","0.0","--","9","1","0:00","0.0","0:00","Nie","43:07.23","1","0.0","00:43:07","00:43:07","--","--"
Chodzenie,2020-06-12 19:19:48,false,"Choczewo Spacerowanie","4.99","396","01:22:54","101","128","78","119","16:36","10:57","15","15","0.84","0.0","0.0","0.0","0.0","0.0","--","--","--","0:00","0.0","0:00","Nie","12:28.14","5","0.0","01:03:28","01:22:54","-6","3"
Kolarstwo,2020-06-12 13:52:25,false,"Gdańsk Kolarstwo","39.68","912","02:03:28","127","185","--","--","19.3","58.0","132","140","0.00","0.0","0.0","0.0","0.0","0.0","--","--","--","0:00","0.0","0:00","Nie","02:03:28.26","1","0.0","02:01:41","02:30:46","-3","89"
Bieganie,2020-06-11 14:38:21,false,"Puck (Gmina) Bieg","3.72","261","00:55:57","97","126","33","210","15:03","12:14","22","25","2.04","0.0","0.0","0.0","0.0","0.0","--","--","--","0:00","0.0","0:00","Nie","55:56.79","1","0.0","00:54:09","00:55:57","-37","11"
Kolarstwo,2020-06-06 12:42:50,false,"Gdańsk Kolarstwo","64.68","1,686","03:42:29","131","177","--","--","17.4","42.7","185","216","0.00","0.0","0.0","0.0","0.0","0.0","--","--","--","0:00","0.0","0:00","Nie","03:42:28.93","1","0.0","03:39:54","05:22:13","-17","90"
Kolarstwo,2020-06-04 16:34:13,false,"Gdańsk Kolarstwo","32.66","791","01:59:06","121","184","--","--","16.5","48.4","179","181","0.00","0.0","0.0","0.0","0.0","0.0","--","--","--","0:00","0.0","0:00","Nie","01:59:06.19","1","0.0","01:57:44","02:57:46","-4","106"
Kolarstwo,2020-06-01 16:11:26,false,"Gdańsk Kolarstwo","43.72","946","02:23:12","122","177","--","--","18.3","46.8","144","140","0.00","0.0","0.0","0.0","0.0","0.0","--","--","--","0:00","0.0","0:00","Nie","00:00.00","1","0.0","02:20:34","03:15:46","6","100"
Kolarstwo,2020-05-31 10:56:29,false,"Gdańsk Kolarstwo","65.65","1,552","03:38:04","130","169","--","--","18.1","49.6","232","257","0.00","0.0","0.0","0.0","0.0","0.0","--","--","--","0:00","0.0","0:00","Nie","00:00.00","1","0.0","03:36:31","04:22:30","21","121"
Kolarstwo,2020-05-29 15:49:30,false,"Gdańsk Kolarstwo","32.83","926","01:37:50","143","178","--","--","20.1","49.5","270","281","0.00","0.0","0.0","0.0","0.0","0.0","--","--","--","0:00","0.0","0:00","Nie","00:00.00","1","0.0","01:37:02","01:51:58","82","179"
Kolarstwo,2020-05-27 15:29:48,false,"Gdańsk Kolarstwo","33.91","1,000","01:50:42","136","184","--","--","18.4","42.7","129","128","0.00","0.0","0.0","0.0","0.0","0.0","--","--","--","0:00","0.0","0:00","Nie","00:00.00","1","0.0","01:46:38","03:23:23","16","107"
Kolarstwo,2020-05-21 14:55:54,false,"Gdańsk Kolarstwo","36.61","1,028","01:46:39","145","177","--","--","20.6","43.5","137","154","0.00","0.0","0.0","0.0","0.0","0.0","--","--","--","0:00","0.0","0:00","Nie","00:00.00","1","0.0","01:45:46","01:58:30","-32","64"
Chodzenie,2020-05-17 14:59:12,false,"Gdańsk Spacerowanie","5.06","302","01:04:12","96","131","101","118","12:41","0:54","72","61","0.78","0.0","0.0","0.0","0.0","0.0","--","--","--","0:00","0.0","0:00","Nie","00:03.06","6","0.0","01:03:31","01:04:12","9","58"
Chodzenie,2020-05-10 14:55:46,false,"Kosakowo Spacerowanie","5.06","326","01:12:35","109","152","90","157","14:21","0:57","11","4","0.78","0.0","0.0","0.0","0.0","0.0","--","--","--","0:00","0.0","0:00","Nie","00:02.20","6","0.0","01:10:23","01:12:35","-2","12"
Kolarstwo,2020-05-09 06:58:16,false,"Gdańsk Kolarstwo","130.74","3,388","07:12:29","139","181","--","--","18.1","49.6","1,125","1,153","0.00","0.0","0.0","0.0","0.0","0.0","--","--","--","0:00","0.0","0:00","Nie","00:00.00","1","0.0","07:09:58","09:05:15","9","248"
Chodzenie,2020-05-06 18:09:19,false,"Kosakowo Spacerowanie","2.00","165","00:38:07","97","127","53","159","19:02","11:32","9","8","1.16","0.0","0.0","0.0","0.0","0.0","--","--","--","0:00","0.0","0:00","Nie","00:03.66","3","0.0","00:35:31","00:38:09","-35","16"
Kolarstwo,2020-05-03 07:43:03,false,"Lębork Kolarstwo","92.13","2,569","05:53:57","135","188","--","--","15.6","45.7","865","957","0.00","0.0","0.0","0.0","0.0","0.0","--","--","--","0:00","0.0","0:00","Nie","00:00.00","1","0.0","05:49:17","08:18:27","-7","182"
Chodzenie,2020-05-02 19:13:30,false,"Jastarnia Spacerowanie","3.18","215","00:54:06","101","138","66","160","17:00","1:07","6","11","0.87","0.0","0.0","0.0","0.0","0.0","--","--","--","0:00","0.0","0:00","Nie","00:10.36","4","0.0","00:45:51","00:54:12","-11","-4"
Kolarstwo,2020-04-28 15:59:45,false,"Gdańsk Kolarstwo","15.80","395","01:19:34","105","134","--","--","11.9","33.8","81","98","0.00","0.0","0.0","0.0","0.0","0.0","--","--","--","0:00","0.0","0:00","Nie","00:00.00","1","0.0","01:18:07","01:33:33","6","121"
Kolarstwo,2020-04-26 11:39:51,false,"Gdańsk Kolarstwo","34.57","934","02:13:57","127","173","--","--","15.5","49.6","365","393","0.00","0.0","0.0","0.0","0.0","0.0","--","--","--","0:00","0.0","0:00","Nie","00:00.00","1","0.0","02:11:53","03:16:03","21","140"
Kolarstwo,2020-04-23 15:46:12,false,"Gdańsk Kolarstwo","48.28","1,179","02:34:24","130","170","--","--","18.8","51.7","142","144","0.00","0.0","0.0","0.0","0.0","0.0","--","--","--","0:00","0.0","0:00","Nie","00:00.00","1","0.0","02:33:00","03:03:16","-15","81"
Kolarstwo,2020-04-22 16:38:26,false,"Gdańsk Kolarstwo","26.46","656","01:40:14","116","175","--","--","15.8","41.1","128","93","0.00","0.0","0.0","0.0","0.0","0.0","--","--","--","0:00","0.0","0:00","Nie","00:00.00","1","0.0","01:38:49","02:42:17","-43","77"
Chodzenie,2020-04-21 18:43:29,false,"Gdańsk Spacerowanie","6.08","406","01:22:18","91","111","98","149","13:32","8:03","69","74","0.76","0.0","0.0","0.0","0.0","0.0","--","--","--","0:00","0.0","0:00","Nie","01:06.85","7","0.0","01:12:47","01:22:18","-32","18"
Chodzenie,2020-04-19 14:21:02,false,"Kolbudy Spacerowanie","2.92","183","00:39:40","100","125","95","113","13:34","7:27","20","26","0.77","0.0","0.0","0.0","0.0","0.0","--","--","--","0:00","0.0","0:00","Nie","12:05.36","3","0.0","00:39:11","00:39:40","24","130"
Bieganie,2020-04-18 21:59:31,false,"Gdańsk Bieg","2.93","232","00:18:08","160","190","159","172","6:12","4:56","24","28","1.02","0.0","0.0","0.0","0.0","0.0","--","--","--","0:00","0.0","0:00","Nie","00:00.00","1","0.0","00:17:58","00:18:08","71","94"
Kolarstwo,2020-04-06 15:52:45,false,"Gdańsk Kolarstwo","34.93","1,031","01:38:52","149","188","--","--","21.2","37.7","135","144","0.00","0.0","0.0","0.0","0.0","0.0","--","--","--","0:00","0.0","0:00","Nie","00:00.00","1","0.0","01:37:51","01:49:41","-21","84"
Kolarstwo,2020-03-28 11:42:11,false,"Gdańsk Kolarstwo","26.66","850","01:54:54","130","167","--","--","13.9","44.3","230","233","0.00","0.0","0.0","0.0","0.0","0.0","--","--","--","0:00","0.0","0:00","Nie","00:00.00","1","0.0","01:53:31","02:25:03","47","154"
Bieganie,2020-03-27 21:18:09,false,"Gdańsk Bieg","3.38","294","00:22:06","165","186","154","172","6:33","5:21","21","28","0.99","0.0","0.0","0.0","0.0","0.0","--","--","--","0:00","0.0","0:00","Nie","00:00.00","1","0.0","00:22:06","00:22:06","58","83"
Bieganie,2020-03-20 19:21:37,false,"Gdańsk Bieg","3.38","285","00:21:32","162","190","156","173","6:22","4:15","20","30","1.01","0.0","0.0","0.0","0.0","0.0","--","--","--","0:00","0.0","0:00","Nie","00:00.00","1","0.0","00:21:32","00:21:32","59","86"
Chodzenie,2020-03-13 13:08:22,false,"Polanica-Zdrój Spacerowanie","2.84","257","00:58:01","91","124","64","160","20:25","13:02","122","119","0.76","0.0","0.0","0.0","0.0","0.0","--","--","--","0:00","0.0","0:00","Nie","15:24.17","3","0.0","00:49:32","00:58:01","434","501"
Kolarstwo,2020-03-13 09:26:07,false,"Duszniki-Zdrój Kolarstwo","15.80","394","01:23:40","100","152","--","--","11.3","38.3","1,619","1,469","0.00","0.0","0.0","0.0","0.0","0.0","--","--","--","0:00","0.0","0:00","Nie","00:00.00","1","0.0","01:21:32","02:06:40","785","1,007"
Bieganie,2020-03-10 09:40:15,false,"Duszniki-Zdrój Bieg","18.78","810","02:31:06","101","147","4","232","8:03","1:50","1,882","2,007","34.13","0.0","0.0","0.0","0.0","0.0","--","--","--","0:00","0.0","0:00","Nie","00:00.00","1","0.0","01:47:22","02:31:06","875","1,058"
Bieganie,2020-03-08 17:11:06,false,"Gdańsk Bieg","5.44","653","01:49:17","118","170","32","226","20:06","2:27","33","39","1.56","0.0","0.0","0.0","0.0","0.0","--","--","--","0:00","0.0","0:00","Nie","00:00.00","1","0.0","01:03:35","01:49:17","35","64"
Kolarstwo,2020-03-08 09:39:00,false,"Gdańsk Kolarstwo","29.37","824","01:43:49","131","176","--","--","17.0","41.3","274","275","0.00","0.0","0.0","0.0","0.0","0.0","--","--","--","0:00","0.0","0:00","Nie","00:00.00","1","0.0","01:40:44","02:25:30","-60","59"
Trening siłowy,2020-03-07 16:53:27,false,"Strength","0.00","289","00:40:37","114","158","--","--","--","--","--","--","0.00","0.0","0.0","0.0","0.0","0.0","--","34","2","0:00","0.0","0:00","Nie","00:00.00","1","0.0","00:40:17","00:40:39","--","--"
Trening siłowy,2020-03-04 11:17:03,false,"Strength","0.00","150","00:34:29","91","170","--","--","--","--","--","--","0.00","0.0","0.0","0.0","0.0","0.0","--","5","1","0:00","0.0","0:00","Nie","00:00.00","1","0.0","00:34:29","00:34:29","--","--"
Bieganie,2020-03-01 17:06:20,false,"Gdańsk Bieg","6.13","742","01:47:25","127","165","35","245","17:32","1:49","25","33","1.64","0.0","0.0","0.0","0.0","0.0","--","--","--","0:00","0.0","0:00","Nie","00:00.00","1","0.0","01:08:02","01:47:25","28","240"
Trening siłowy,2020-02-26 10:29:05,false,"Strength","0.00","139","00:30:13","99","138","--","--","--","--","--","--","0.00","0.0","0.0","0.0","0.0","0.0","--","18","2","0:00","0.0","0:00","Nie","00:00.00","1","0.0","00:30:11","00:30:37","--","--"
Trening siłowy,2020-02-19 12:57:39,false,"Strength","0.00","246","00:40:51","117","150","--","--","--","--","--","--","0.00","0.0","0.0","0.0","0.0","0.0","--","12","1","0:00","0.0","0:00","Nie","00:00.00","1","0.0","00:40:51","00:40:51","--","--"
Trening siłowy,2020-02-17 20:04:49,false,"Strength","0.00","273","00:45:23","112","174","--","--","--","--","--","--","0.00","0.0","0.0","0.0","0.0","0.0","--","7","1","0:00","0.0","0:00","Nie","00:00.00","1","0.0","00:45:23","00:45:23","--","--"
Trening siłowy,2020-02-14 10:15:43,false,"Strength","0.00","176","00:39:49","102","138","--","--","--","--","--","--","0.00","0.0","0.0","0.0","0.0","0.0","--","25","1","0:00","0.0","0:00","Nie","00:00.00","1","0.0","00:39:49","00:39:49","--","--"
Trening siłowy,2020-02-11 19:11:30,false,"Strength","0.00","137","00:22:49","104","141","--","--","--","--","--","--","0.00","0.0","0.0","0.0","0.0","0.0","--","4","1","0:00","0.0","0:00","Nie","00:00.00","1","0.0","00:22:49","00:22:49","--","--"
Trening siłowy,2020-02-07 19:24:22,false,"Strength","0.00","271","00:57:57","97","150","--","--","--","--","--","--","0.00","0.0","0.0","0.0","0.0","0.0","--","20","2","0:00","0.0","0:00","Nie","00:00.00","1","0.0","00:57:54","01:00:27","--","--"
Trening siłowy,2020-02-03 19:58:53,false,"Strength","0.00","229","00:52:08","103","151","--","--","--","--","--","--","0.00","0.0","0.0","0.0","0.0","0.0","--","9","1","0:00","0.0","0:00","Nie","00:00.00","1","0.0","00:52:08","00:52:08","--","--"
Trening siłowy,2020-01-31 14:23:55,false,"Strength","0.00","164","00:39:59","99","145","--","--","--","--","--","--","0.00","0.0","0.0","0.0","0.0","0.0","--","13","2","0:00","0.0","0:00","Nie","00:00.00","1","0.0","00:39:34","00:40:04","--","--"
Trening siłowy,2020-01-29 13:49:54,false,"Strength","0.00","135","00:43:55","87","148","--","--","--","--","--","--","0.00","0.0","0.0","0.0","0.0","0.0","--","33","1","0:00","0.0","0:00","Nie","00:00.00","1","0.0","00:43:55","00:43:55","--","--"
Trening siłowy,2020-01-24 14:14:05,false,"Strength","0.00","145","00:34:48","97","146","--","--","--","--","--","--","0.00","0.0","0.0","0.0","0.0","0.0","--","31","1","0:00","0.0","0:00","Nie","00:00.00","1","0.0","00:34:48","00:34:48","--","--"
Trening siłowy,2020-01-20 15:44:53,false,"Strength","0.00","129","00:41:07","87","133","--","--","--","--","--","--","0.00","0.0","0.0","0.0","0.0","0.0","--","11","2","0:00","0.0","0:00","Nie","00:00.00","1","0.0","00:38:33","00:41:10","--","--"
Trening siłowy,2020-01-17 11:58:44,false,"Strength","0.00","187","00:39:40","96","136","--","--","--","--","--","--","0.00","0.0","0.0","0.0","0.0","0.0","--","7","1","0:00","0.0","0:00","Nie","00:00.00","1","0.0","00:39:40","00:39:40","--","--"
Trening siłowy,2020-01-13 18:55:01,false,"Strength","0.00","566","00:43:51","156","183","--","--","--","--","--","--","0.00","0.0","0.0","0.0","0.0","0.0","--","10","1","0:00","0.0","0:00","Nie","00:00.00","1","0.0","00:43:51","00:43:51","--","--"
Kolarstwo,2020-01-11 11:54:56,false,"Gdańsk Kolarstwo","32.38","935","01:53:51","136","174","--","--","17.1","38.9","279","277","0.00","0.0","0.0","0.0","0.0","0.0","--","--","--","0:00","0.0","0:00","Nie","00:00.00","1","0.0","01:52:26","02:20:30","9","132"
Trening siłowy,2020-01-10 18:43:49,false,"Strength","0.00","282","00:42:28","112","184","--","--","--","--","--","--","0.00","0.0","0.0","0.0","0.0","0.0","--","13","2","0:00","0.0","0:00","Nie","00:00.00","1","0.0","00:42:11","00:42:37","--","--"
Trening siłowy,2020-01-07 15:13:58,false,"Strength","0.00","211","00:44:43","97","137","--","--","--","--","--","--","0.00","0.0","0.0","0.0","0.0","0.0","--","5","1","0:00","0.0","0:00","Nie","00:00.00","1","0.0","00:44:43","00:44:43","--","--"
Trening siłowy,2020-01-03 17:55:35,false,"Strength","0.00","147","00:39:15","88","145","--","--","--","--","--","--","0.00","0.0","0.0","0.0","0.0","0.0","--","30","1","0:00","0.0","0:00","Nie","00:00.00","1","0.0","00:39:15","00:39:15","--","--"
Trening siłowy,2019-12-28 14:08:25,false,"Strength","0.00","187","00:44:21","91","160","--","--","--","--","--","--","0.00","0.0","0.0","0.0","0.0","0.0","--","4","1","0:00","0.0","0:00","Nie","00:00.00","1","0.0","00:44:21","00:44:21","--","--"
Trening siłowy,2019-12-24 12:34:46,false,"Strength","0.00","172","00:28:00","107","165","--","--","--","--","--","--","0.00","0.0","0.0","0.0","0.0","0.0","--","12","1","0:00","0.0","0:00","Nie","00:00.00","1","0.0","00:28:00","00:28:00","--","--"
Trening siłowy,2019-12-21 17:32:22,false,"Strength","0.00","113","00:30:18","91","120","--","--","--","--","--","--","0.00","0.0","0.0","0.0","0.0","0.0","--","24","2","0:00","0.0","0:00","Nie","00:00.00","1","0.0","00:30:06","00:30:18","--","--"
Trening siłowy,2019-12-16 13:03:11,false,"Strength","0.00","198","00:35:36","110","141","--","--","--","--","--","--","0.00","0.0","0.0","0.0","0.0","0.0","--","25","1","0:00","0.0","0:00","Nie","00:00.00","1","0.0","00:35:36","00:35:36","--","--"
Trening siłowy,2019-12-13 13:23:00,false,"Strength","0.00","128","00:28:57","98","143","--","--","--","--","--","--","0.00","0.0","0.0","0.0","0.0","0.0","--","7","1","0:00","0.0","0:00","Nie","00:00.00","1","0.0","00:28:57","00:28:57","--","--"
Trening siłowy,2019-12-10 12:51:24,false,"Strength","0.00","183","00:38:07","103","137","--","--","--","--","--","--","0.00","0.0","0.0","0.0","0.0","0.0","--","10","1","0:00","0.0","0:00","Nie","00:00.00","1","0.0","00:38:07","00:38:07","--","--"
Trening siłowy,2019-12-06 16:56:35,false,"Strength","0.00","263","00:37:00","115","181","--","--","--","--","--","--","0.00","0.0","0.0","0.0","0.0","0.0","--","24","3","0:00","0.0","0:00","Nie","00:00.00","1","0.0","00:36:28","00:37:00","--","--"
Trening siłowy,2019-12-03 15:56:13,false,"Strength","0.00","105","00:37:09","87","165","--","--","--","--","--","--","0.00","0.0","0.0","0.0","0.0","0.0","--","51","5","0:00","0.0","0:00","Nie","00:00.00","1","0.0","00:36:01","00:37:09","--","--"
Trening siłowy,2019-11-26 11:24:34,false,"Strength","0.00","275","00:38:21","121","170","--","--","--","--","--","--","0.00","0.0","0.0","0.0","0.0","0.0","--","37","5","0:00","0.0","0:00","Nie","00:00.00","1","0.0","00:34:32","00:38:21","--","--"
Trening siłowy,2019-11-20 19:18:28,false,"Strength","0.00","558","01:10:58","127","160","--","--","--","--","--","--","0.00","0.0","0.0","0.0","0.0","0.0","--","76","7","0:00","0.0","0:00","Nie","00:00.00","1","0.0","01:07:02","01:10:58","--","--"
Trening siłowy,2019-11-18 19:23:38,false,"Strength","0.00","448","00:55:49","122","171","--","--","--","--","--","--","0.00","0.0","0.0","0.0","0.0","0.0","--","77","5","0:00","0.0","0:00","Nie","00:00.00","1","0.0","00:47:45","00:55:53","--","--"
Bieganie,2019-11-16 16:45:41,false,"Gdańsk Biegi","4.45","387","00:26:50","171","191","160","178","6:02","4:28","31","41","1.03","0.0","0.0","0.0","0.0","0.0","--","--","--","0:00","0.0","0:00","Nie","00:00.00","1","0.0","00:26:39","00:26:50","47","79"
Bieganie,2019-11-15 11:08:59,false,"Biegi","5.07","590","00:57:52","136","182","13","198","11:24","5:46","86","85","6.97","0.0","0.0","0.0","0.0","0.0","--","--","--","0:00","0.0","0:00","Nie","00:00.00","1","0.0","00:57:31","00:57:52","100","117"
Trening siłowy,2019-11-12 15:47:28,false,"Strength","0.00","171","00:46:14","90","129","--","--","--","--","--","--","0.00","0.0","0.0","0.0","0.0","0.0","--","155","16","0:00","0.0","0:00","Nie","00:00.00","1","0.0","00:33:05","00:46:14","--","--"
Bieganie,2019-11-08 11:07:15,false,"Biegi","5.27","723","00:58:12","153","183","13","178","11:02","7:04","28","28","7.03","0.0","0.0","0.0","0.0","0.0","--","--","--","0:00","0.0","0:00","Nie","00:00.00","1","0.0","00:57:58","00:58:20","128","139"
Trening siłowy,2019-11-06 17:55:29,false,"Strength","0.00","496","00:46:48","141","165","--","--","--","--","--","--","0.00","0.0","0.0","0.0","0.0","0.0","--","65","6","0:00","0.0","0:00","Nie","00:00.00","1","0.0","00:43:29","00:46:48","--","--"
Bieganie,2019-11-01 09:36:37,false,"Gdańsk Biegi","5.56","447","00:33:54","160","188","158","182","6:06","4:47","53","58","1.04","0.0","0.0","0.0","0.0","0.0","--","--","--","0:00","0.0","0:00","Nie","00:00.00","1","0.0","00:33:04","00:33:56","58","106"
Bieganie,2019-10-30 19:35:04,false,"Gdańsk Biegi","6.63","526","00:38:34","164","183","161","180","5:49","4:29","59","67","1.07","0.0","0.0","0.0","0.0","0.0","--","--","--","0:00","0.0","0:00","Nie","00:00.00","1","0.0","00:37:24","01:34:09","36","86"
Trening siłowy,2019-10-29 11:28:46,false,"Strength","0.00","352","00:49:38","111","164","--","--","--","--","--","--","0.00","0.0","0.0","0.0","0.0","0.0","--","113","9","0:00","0.0","0:00","Nie","00:00.00","1","0.0","00:45:39","00:49:38","--","--"
Bieganie,2019-10-25 18:40:06,false,"Gdańsk Biegi","3.27","480","01:18:42","114","157","21","234","24:03","3:53","--","13","1.98","0.0","0.0","0.0","0.0","0.0","--","--","--","0:00","0.0","0:00","Nie","00:00.00","1","0.0","00:37:39","01:18:42","-11","-2"
Trening siłowy,2019-10-24 15:17:15,false,"Strength","0.00","185","00:44:51","93","148","--","--","--","--","--","--","0.00","0.0","0.0","0.0","0.0","0.0","--","89","9","0:00","0.0","0:00","Nie","00:00.00","1","0.0","00:41:29","00:44:51","--","--"
Kolarstwo,2019-10-20 11:36:36,false,"Gdańsk Kolarstwo","20.52","651","01:18:53","134","167","--","--","15.6","40.8","246","214","0.00","0.0","0.0","0.0","0.0","0.0","--","--","--","0:00","0.0","0:00","Nie","00:00.00","1","0.0","01:17:00","01:30:43","18","122"
Bieganie,2019-10-15 18:08:09,false,"Gdańsk Biegi","6.62","1,058","01:23:31","166","188","51","245","12:37","2:07","164","169","1.54","0.0","0.0","0.0","0.0","0.0","--","--","--","0:00","0.0","0:00","Nie","00:00.00","1","0.0","01:02:53","01:23:31","27","85"
Trening siłowy,2019-10-14 16:04:32,false,"Strength","0.00","468","00:48:14","136","166","--","--","--","--","--","--","0.00","0.0","0.0","0.0","0.0","0.0","--","49","7","0:00","0.0","0:00","Nie","00:00.00","1","0.0","00:42:40","00:48:14","--","--"
Kolarstwo,2019-10-13 10:49:33,false,"Gdańsk Kolarstwo","48.61","1,179","02:32:33","126","170","--","--","19.1","46.7","136","150","0.00","0.0","0.0","0.0","0.0","0.0","--","--","--","0:00","0.0","0:00","Nie","00:00.00","1","0.0","02:30:32","03:42:59","-10","86"
Bieganie,2019-10-11 18:41:03,false,"Gdańsk Biegi","4.89","698","01:20:01","136","180","38","248","16:22","2:28","9","7","1.61","0.0","0.0","0.0","0.0","0.0","--","--","--","0:00","0.0","0:00","Nie","00:00.00","1","0.0","00:48:45","01:20:01","40","86"
Trening siłowy,2019-10-09 16:06:27,false,"Strength","0.00","140","00:35:55","90","144","--","--","--","--","--","--","0.00","0.0","0.0","0.0","0.0","0.0","--","71","6","0:00","0.0","0:00","Nie","00:00.00","1","0.0","00:35:23","00:35:55","--","--"
Trening siłowy,2019-10-04 15:07:53,false,"Strength","0.00","138","00:47:13","84","134","--","--","--","--","--","--","0.00","0.0","0.0","0.0","0.0","0.0","--","46","6","0:00","0.0","0:00","Nie","00:00.00","1","0.0","00:42:58","00:47:16","--","--"
Trening siłowy,2019-10-01 16:28:02,false,"Strength","0.00","330","00:39:22","128","165","--","--","--","--","--","--","0.00","0.0","0.0","0.0","0.0","0.0","--","10","1","0:00","0.0","0:00","Nie","00:00.00","1","0.0","00:39:11","00:39:33","--","--"
Bieganie,2019-09-27 18:39:04,false,"Gdańsk Biegi","6.23","926","01:38:14","147","188","33","235","15:46","2:42","122","125","1.94","0.0","0.0","0.0","0.0","0.0","--","--","--","0:00","0.0","0:00","Nie","00:00.00","1","0.0","01:05:05","01:38:14","33","74"
Bieganie,2019-09-24 18:10:20,false,"Gdańsk Biegi","5.98","812","01:16:29","151","187","48","232","12:48","2:35","15","16","1.61","0.0","0.0","0.0","0.0","0.0","--","--","--","0:00","0.0","0:00","Nie","00:00.00","1","0.0","00:56:22","01:16:29","25","56"
Trening siłowy,2019-09-23 16:25:38,false,"Strength","0.00","343","01:02:41","120","169","--","--","--","--","--","--","0.00","0.0","0.0","0.0","0.0","0.0","--","28","3","0:00","0.0","0:00","Nie","00:00.00","1","0.0","01:02:26","01:02:55","--","--"
Bieganie,2019-09-20 18:40:07,false,"Gdańsk Biegi","5.69","1,002","01:44:59","148","194","34","245","18:26","2:41","10","13","1.62","0.0","0.0","0.0","0.0","0.0","--","--","--","0:00","0.0","0:00","Nie","00:00.00","1","0.0","01:05:17","01:44:59","31","62"
Bieganie,2019-09-17 18:06:30,false,"Gdańsk Biegi","5.97","420","01:14:40","109","147","52","245","12:30","2:27","61","63","1.55","0.0","0.0","0.0","0.0","0.0","--","--","--","0:00","0.0","0:00","Nie","00:00.00","1","0.0","01:01:48","01:14:42","33","71"
Trening siłowy,2019-09-17 16:09:47,false,"Strength","0.00","121","00:46:41","77","146","--","--","--","--","--","--","0.00","0.0","0.0","0.0","0.0","0.0","--","93","10","0:00","0.0","0:00","Nie","00:00.00","1","0.0","00:39:02","00:46:47","--","--"
Bieganie,2019-09-13 18:37:34,false,"Gdańsk Biegi","6.46","1,045","01:49:20","146","188","31","218","16:56","2:40","3","12","1.92","0.0","0.0","0.0","0.0","0.0","--","--","--","0:00","0.0","0:00","Nie","00:00.00","1","0.0","01:09:08","01:49:20","-29","-13"
Trening siłowy,2019-09-13 13:15:59,false,"Strength","0.00","141","00:37:56","90","131","--","--","--","--","--","--","0.00","0.0","0.0","0.0","0.0","0.0","--","89","8","0:00","0.0","0:00","Nie","00:00.00","1","0.0","00:34:44","00:38:05","--","--"
Trening siłowy,2019-09-09 15:57:06,false,"Strength","0.00","264","00:46:57","106","158","--","--","--","--","--","--","0.00","0.0","0.0","0.0","0.0","0.0","--","37","2","0:00","0.0","0:00","Nie","00:00.00","1","0.0","00:46:54","00:47:00","--","--"
Bieganie,2019-09-06 18:37:31,false,"Gdańsk Biegi","6.48","755","01:52:13","122","174","32","245","17:18","1:58","85","90","1.78","0.0","0.0","0.0","0.0","0.0","--","--","--","0:00","0.0","0:00","Nie","00:00.00","1","0.0","01:06:29","01:52:17","-49","99"
Trening siłowy,2019-09-04 17:07:20,false,"Strength","0.00","173","00:43:04","92","160","--","--","--","--","--","--","0.00","0.0","0.0","0.0","0.0","0.0","--","171","14","0:00","0.0","0:00","Nie","00:00.00","1","0.0","00:27:20","00:43:04","--","--"
Bieganie,2019-08-30 18:43:47,false,"Gdańsk Biegi","5.74","850","01:22:17","152","188","46","245","14:21","2:50","149","153","1.53","0.0","0.0","0.0","0.0","0.0","--","--","--","0:00","0.0","0:00","Nie","00:00.00","1","0.0","01:00:16","01:22:17","-13","130"
Bieganie,2019-08-27 18:05:50,false,"Gdańsk Biegi","6.58","995","01:26:23","159","190","45","222","13:07","2:24","54","53","1.70","0.0","0.0","0.0","0.0","0.0","--","--","--","0:00","0.0","0:00","Nie","00:00.00","1","0.0","01:03:58","01:26:23","2","56"
Kolarstwo,2019-08-26 16:53:18,false,"Gdańsk Kolarstwo","32.41","673","01:52:40","112","166","--","--","17.3","40.9","119","120","0.00","0.0","0.0","0.0","0.0","0.0","--","--","--","0:00","0.0","0:00","Nie","00:00.00","1","0.0","01:51:15","02:24:46","-23","61"
Wioślarstwo,2019-08-25 11:10:43,false,"Kościerzyna (Gmina) Row","16,995","1,177","04:42:54","97","132","--","--","8:20","3:39","--","--","0.00","0.0","0.0","0.0","0.0","0.0","4507","--","--","0:00","0.0","0:00","Nie","05:06.15","34","0.0","03:22:43","04:42:54","--","--"
Kolarstwo,2019-08-24 17:29:42,false,"Gdańsk Kolarstwo","13.55","369","00:42:19","128","168","--","--","19.2","31.7","92","15","0.00","0.0","0.0","0.0","0.0","0.0","--","--","--","0:00","0.0","0:00","Nie","00:00.00","1","0.0","00:41:43","00:46:15","-4","78"
Kolarstwo,2019-08-24 15:42:58,false,"Gdańsk Kolarstwo","13.60","327","00:40:53","124","148","--","--","20.0","42.9","23","101","0.00","0.0","0.0","0.0","0.0","0.0","--","--","--","0:00","0.0","0:00","Nie","00:00.00","1","0.0","00:40:21","00:45:31","1","85"
Bieganie,2019-08-23 18:38:09,false,"Gdańsk Biegi","5.98","1,055","01:43:55","149","191","36","229","17:22","2:12","37","40","1.62","0.0","0.0","0.0","0.0","0.0","--","--","--","0:00","0.0","0:00","Nie","00:00.00","1","0.0","01:07:14","01:43:55","-16","54"
Kolarstwo,2019-08-23 18:06:59,false,"Gdańsk Kolarstwo","4.11","119","00:11:42","134","160","--","--","21.1","53.3","11","43","0.00","0.0","0.0","0.0","0.0","0.0","--","--","--","0:00","0.0","0:00","Nie","00:00.00","1","0.0","00:11:33","00:12:53","43","85"
Bieganie,2019-08-20 18:11:22,false,"Gdańsk Biegi","5.77","891","01:16:38","157","190","48","245","13:17","2:36","30","32","1.57","0.0","0.0","0.0","0.0","0.0","--","--","--","0:00","0.0","0:00","Nie","00:00.00","1","0.0","01:01:49","01:16:38","100","140"
Trening siłowy,2019-08-20 15:51:51,false,"Strength","0.00","179","00:42:45","92","152","--","--","--","--","--","--","0.00","0.0","0.0","0.0","0.0","0.0","--","11","1","0:00","0.0","0:00","Nie","00:00.00","1","0.0","00:42:45","00:42:45","--","--"
Chodzenie,2019-08-17 11:35:07,false,"Jabłonka Spacerowanie","15.01","1,650","04:25:10","106","166","79","237","17:40","9:27","739","742","0.72","0.0","0.0","0.0","0.0","0.0","--","--","--","0:00","0.0","0:00","Nie","00:04.52","16","0.0","03:37:11","04:25:10","986","1,710"
Chodzenie,2019-08-15 13:16:02,false,"Strba Spacerowanie","18.01","2,164","05:57:54","116","183","59","245","19:52","4:39","925","937","0.89","0.0","0.0","0.0","0.0","0.0","--","--","--","0:00","0.0","0:00","Nie","00:12.32","19","0.0","04:49:51","06:08:22","1,207","2,053"
Bieganie,2019-08-09 18:46:36,false,"Gdańsk Biegi","3.95","769","01:08:31","151","186","38","218","17:22","3:03","101","104","1.50","0.0","0.0","0.0","0.0","0.0","--","--","--","0:00","0.0","0:00","Nie","00:00.00","1","0.0","00:42:40","01:08:31","12","60"
Kolarstwo,2019-08-03 08:36:00,false,"Gdańsk Kolarstwo","151.89","3,681","07:26:12","133","169","--","--","20.4","54.7","349","446","0.00","0.0","0.0","0.0","0.0","0.0","--","--","--","0:00","0.0","0:00","Nie","00:00.00","1","0.0","07:19:02","11:06:20","-16","86"
Bieganie,2019-08-02 18:46:49,false,"Gdańsk Biegi","5.55","957","01:37:34","142","177","37","226","17:35","2:26","17","18","1.55","0.0","0.0","0.0","0.0","0.0","--","--","--","0:00","0.0","0:00","Nie","00:00.00","1","0.0","01:04:24","01:37:48","23","57"
Kolarstwo,2019-07-26 17:17:47,false,"Pruszcz Gdański Kolarstwo","12.90","505","00:38:54","147","170","--","--","19.9","33.2","125","56","0.00","0.0","0.0","0.0","0.0","0.0","--","--","--","0:00","0.0","0:00","Nie","10:15.08","3","0.0","00:38:26","00:38:58","14","93"
Kolarstwo,2019-07-26 07:35:17,false,"Gdańsk Kolarstwo","35.37","979","01:21:20","146","175","--","--","26.1","52.2","105","167","0.00","0.0","0.0","0.0","0.0","0.0","--","--","--","0:00","0.0","0:00","Nie","01:04.30","8","0.0","01:20:15","01:21:20","-7","71"
Trening siłowy,2019-07-24 07:15:30,false,"Strength","0.00","261","00:42:26","105","148","--","--","--","--","--","--","0.00","0.0","0.0","0.0","0.0","0.0","--","6","1","0:00","0.0","0:00","Nie","00:00.00","1","0.0","00:33:26","00:42:54","--","--"
Kolarstwo,2019-07-20 15:45:23,false,"Gdańsk Kolarstwo","46.10","1,713","03:55:57","121","180","--","--","11.7","48.2","361","361","0.00","0.0","0.0","0.0","0.0","0.0","--","--","--","0:00","0.0","0:00","Nie","03:00.68","10","0.0","02:42:51","03:56:01","3","144"
Trening siłowy,2019-07-20 13:18:28,false,"Strength","0.00","407","00:49:14","121","163","--","--","--","--","--","--","0.00","0.0","0.0","0.0","0.0","0.0","--","17","1","0:00","0.0","0:00","Nie","00:00.00","1","0.0","00:49:14","00:49:14","--","--"
Bieganie,2019-07-19 18:37:35,false,"Gdańsk Biegi","6.43","1,184","01:45:53","152","190","41","242","16:28","2:52","59","62","1.48","0.0","0.0","0.0","0.0","0.0","--","--","--","0:00","0.0","0:00","Nie","07:47.51","7","0.0","01:14:27","01:51:24","53","89"
Kolarstwo,2019-07-18 17:27:14,false,"Gdańsk Kolarstwo","28.44","1,049","02:30:57","120","160","--","--","11.3","43.3","285","289","0.00","0.0","0.0","0.0","0.0","0.0","--","--","--","0:00","0.0","0:00","Nie","09:35.20","6","0.0","01:45:41","02:30:57","43","164"
Kolarstwo,2019-07-16 17:24:25,false,"Gdańsk Kolarstwo","44.45","1,534","02:34:50","144","180","--","--","17.2","45.4","395","392","0.00","0.0","0.0","0.0","0.0","0.0","--","--","--","0:00","0.0","0:00","Nie","09:47.17","9","0.0","02:16:53","02:35:03","58","183"
