Typ aktywnoci,Data,Ulubiony,Tytu,Dystans,Kalorie,Czas,rednie ttno,Maksymalne ttno,Aerobowy TE,redni rytm biegu,Maksymalny rytm biegu,rednia prdko,Maksymalna prdko,Cakowity wznios,Cakowity spadek,rednia dugo kroku,rednie odchylenie do dugoci,rednie odchylenie pionowe,Training Stress Score庐 (TSS庐),Trudno,Pynno,cznie ruch贸w,redni Swolf,rednie tempo ruch贸w,Czas nurkowania,Minimalna temperatura,Przerwa powierzchniowa,Dekompresja,Czas najlepszego okr偶enia,Liczba okr偶e,Maksymalna temperatura,Czas ruchu,Upyno czasu,Minimalna wysoko,Maksymalna wysoko
Kolarstwo,2022-05-10 19:37:26,false,"Gdask Kolarstwo","7.92","428","00:35:57","144","169","3.5","--","--","13.2","23.7","150","12","0.00","0.0","0.0","0.0","0.0","0.0","--","--","--","0:00","22.0","0:00","Nie","11:00.13","2","0.0","00:35:54","00:36:42","20","159"
Kolarstwo,2022-05-10 17:21:10,false,"Mecz Wybrze偶e Gdask","5.15","167","00:15:34","133","150","2.4","--","--","19.8","38.2","6","56","0.00","0.0","0.0","0.0","0.0","0.0","--","--","--","0:00","25.0","0:00","Nie","01:05.37","2","0.0","00:14:47","00:20:58","44","99"
Kolarstwo,2022-05-10 16:05:34,false,"Najlepszy pstrag  w trojmiescie","6.51","204","00:17:25","141","161","2.9","--","--","22.4","43.6","32","98","0.00","0.0","0.0","0.0","0.0","0.0","--","--","--","0:00","23.0","0:00","Nie","03:21.77","2","0.0","00:17:22","00:18:15","81","153"
Kolarstwo,2022-05-08 14:44:41,false,"Gdask Kolarstwo","15.67","636","01:00:18","135","162","3.6","--","--","15.6","26.5","202","44","0.00","0.0","0.0","0.0","0.0","0.0","--","--","--","0:00","14.0","0:00","Nie","02:46.14","4","0.0","01:00:05","01:03:29","--","162"
Jazda przeajowa,2022-05-08 11:01:44,false,"Mecz Lechia","16.95","564","00:45:36","130","165","3.1","--","--","22.3","38.1","45","201","0.00","0.0","0.0","0.0","0.0","0.0","--","--","--","0:00","19.0","0:00","Nie","06:14.37","4","0.0","00:45:19","00:52:14","2","157"
Bieganie,2022-05-08 08:29:51,false,"Gdask Bieganie","5.02","477","00:27:24","163","179","4.4","163","169","5:28","5:00","24","25","1.12","0.0","0.0","0.0","0.0","0.0","--","--","--","0:00","16.0","0:00","Nie","00:00.64","7","0.0","00:27:21","00:27:24","141","154"
Chodzenie,2022-05-06 16:30:59,false,"Gdask Chodzenie","6.48","551","01:01:59","104","125","2.0","121","145","9:33","6:38","42","37","0.87","0.0","0.0","0.0","0.0","0.0","--","--","--","0:00","23.0","0:00","Nie","00:02.85","8","0.0","01:01:15","01:01:59","148","165"
Chodzenie,2022-05-05 10:20:24,false,"呕ukowo Chodzenie","5.69","486","00:49:20","108","135","2.0","129","144","8:41","7:48","27","33","0.90","0.0","0.0","0.0","0.0","0.0","--","--","--","0:00","21.0","0:00","Nie","05:59.12","6","0.0","00:49:11","00:49:20","135","159"
Bieganie,2022-05-01 07:27:32,false,"Karsin Bieganie","10.04","963","00:55:24","162","183","5.0","164","173","5:31","5:00","46","39","1.10","0.0","0.0","0.0","0.0","0.0","--","--","--","0:00","12.0","0:00","Nie","00:11.17","11","0.0","00:55:21","00:55:56","140","151"
Kolarstwo,2022-04-30 11:54:33,false,"Karsin Kolarstwo","11.91","492","01:04:25","106","140","2.0","--","--","11.1","41.4","87","118","0.00","0.0","0.0","0.0","0.0","0.0","--","--","--","0:00","21.0","0:00","Nie","11:44.55","3","0.0","01:03:37","02:10:50","142","196"
Bieganie,2022-04-23 12:18:26,false,"Gdask Bieganie","11.40","1,131","01:08:02","156","185","5.0","161","166","5:58","5:15","129","119","1.04","0.0","0.0","0.0","0.0","0.0","--","--","--","0:00","18.0","0:00","Nie","02:20.87","12","0.0","01:07:55","01:08:10","88","153"
Chodzenie,2022-04-17 19:41:14,false,"Mysakowice Chodzenie","5.25","14","01:02:45","86","92","0.0","111","145","11:57","9:55","--","7","0.83","0.0","0.0","0.0","0.0","0.0","--","--","--","0:00","25.0","0:00","Nie","00:00.64","2","0.0","00:02:44.6","00:02:45.4","386","393"
Bieganie,2022-04-17 12:45:36,false,"Mysakowice Bieganie","6.01","470","00:32:35","164","181","5.0","163","173","5:25","4:52","62","79","1.13","0.0","0.0","0.0","0.0","0.0","--","--","--","0:00","16.0","0:00","Nie","00:03.70","7","0.0","00:32:33","00:32:35","364","397"
Bieganie,2022-04-10 09:11:24,false,"Gdask - Trening biegowy","28.78","2,094","03:07:48","158","184","5.0","157","175","6:32","5:12","320","312","0.98","0.0","0.0","0.0","0.0","0.0","--","--","--","0:00","11.0","0:00","Nie","00:01.03","30","0.0","03:07:38","03:07:48","-32","28"
Bieganie,2022-04-03 16:26:38,false,"Gdask Bieganie","6.02","426","00:33:42","160","177","4.9","161","222","5:36","4:52","30","29","1.11","0.0","0.0","0.0","0.0","0.0","--","--","--","0:00","9.0","0:00","Nie","00:05.83","7","0.0","00:33:38","00:34:39","142","154"
Bieganie,2022-03-22 13:29:16,false,"Gdask Bieganie","5.58","401","00:30:32","159","179","4.5","161","166","5:29","4:52","32","27","1.14","0.0","0.0","0.0","0.0","0.0","--","--","--","0:00","19.0","0:00","Nie","03:01.25","6","0.0","00:30:30","00:30:32","140","152"
Bieganie,2022-03-13 12:19:19,false,"Gdask Bieganie","17.60","1,397","01:41:25","164","184","5.0","164","170","5:46","4:48","155","145","1.06","0.0","0.0","0.0","0.0","0.0","--","--","--","0:00","12.0","0:00","Nie","03:31.26","18","0.0","01:41:17","01:44:41","91","163"
Bieganie,2022-03-09 15:17:37,false,"Gdask Bieganie","11.24","889","01:05:24","156","177","4.9","162","166","5:49","4:58","122","118","1.06","0.0","0.0","0.0","0.0","0.0","--","--","--","0:00","11.0","0:00","Nie","01:19.41","12","0.0","01:05:19","01:05:31","86","148"
Chodzenie,2022-03-06 16:52:03,false,"Gdask Chodzenie","1.88","270","00:44:44","102","131","1.2","39","173","23:51","6:26","12","12","1.12","0.0","0.0","0.0","0.0","0.0","--","--","--","0:00","16.0","0:00","Nie","00:02.40","3","0.0","00:20:08","00:44:45","152","159"
Bieganie,2022-02-26 10:37:58,false,"Gdask Bieganie","15.01","1,162","01:20:56","167","189","5.0","165","170","5:24","4:58","16","17","1.12","0.0","0.0","0.0","0.0","0.0","--","--","--","0:00","10.0","0:00","Nie","00:03.11","16","0.0","01:20:51","01:20:56","1","5"
Bieganie,2022-02-23 18:41:46,false,"Gdask Bieganie","10.30","789","00:55:32","159","175","5.0","164","170","5:24","5:10","15","15","1.13","0.0","0.0","0.0","0.0","0.0","--","--","--","0:00","9.0","0:00","Nie","01:38.86","11","0.0","00:55:30","00:55:32","2","7"
Bieganie,2022-02-20 08:05:08,false,"Gdask Bieganie","10.01","786","00:57:23","157","171","5.0","163","167","5:44","4:53","105","104","1.07","0.0","0.0","0.0","0.0","0.0","--","--","--","0:00","8.0","0:00","Nie","00:01.80","11","0.0","00:57:18","00:57:23","51","152"
Chodzenie,2022-02-14 09:51:53,false,"Gdask Chodzenie","0.16","21","00:02:39.1","112","129","0.2","91","133","16:28","7:17","13","1","0.67","0.0","0.0","0.0","0.0","0.0","--","--","--","0:00","19.0","0:00","Nie","02:39.06","1","0.0","00:02:00","00:02:39.1","150","162"
Bieganie,2022-02-13 13:24:42,false,"Gdask Bieganie","8.73","681","00:49:29","156","179","4.9","162","169","5:40","5:04","107","97","1.09","0.0","0.0","0.0","0.0","0.0","--","--","--","0:00","10.0","0:00","Nie","04:04.93","9","0.0","00:49:26","00:51:36","60","159"
Bieganie,2022-02-10 18:21:29,false,"Gdask Bieganie","6.33","508","00:34:35","162","178","4.5","161","167","5:28","4:59","28","25","1.13","0.0","0.0","0.0","0.0","0.0","--","--","--","0:00","9.0","0:00","Nie","01:48.32","7","0.0","00:34:34","00:34:35","145","155"
Bieganie,2022-02-06 15:43:19,false,"Gdask Bieganie","5.42","438","00:29:39","166","176","4.2","163","167","5:28","5:11","33","26","1.12","0.0","0.0","0.0","0.0","0.0","--","--","--","0:00","12.0","0:00","Nie","02:22.97","6","0.0","00:29:37","00:29:39","146","158"
Bieganie,2022-02-05 10:44:08,false,"Gdask Bieganie","10.01","812","00:59:59","164","179","4.8","163","168","6:00","5:13","119","108","1.02","0.0","0.0","0.0","0.0","0.0","--","--","--","0:00","8.0","0:00","Nie","00:02.66","11","0.0","00:59:53","01:00:10","51","153"
Bieg na bie偶ni,2022-01-27 19:19:47,false,"Bieg na bie偶ni","5.04","257","00:20:18","166","174","3.5","152","171","4:02","4:00","--","--","1.06","0.0","0.0","0.0","0.0","0.0","--","--","--","0:00","25.0","0:00","Nie","00:00.78","5","0.0","00:15:46","00:16:21","--","--"
Bieganie,2022-01-25 15:14:50,false,"Gdask - bieg z podbiegami","10.47","799","01:01:05","156","181","4.5","153","244","5:50","3:14","121","119","1.13","0.0","0.0","0.0","0.0","0.0","--","--","--","0:00","9.0","0:00","Nie","00:21.37","30","0.0","01:00:54","01:01:15","87","146"
Bieganie,2022-01-23 16:19:42,false,"Gdask Bieganie","12.21","966","01:04:36","165","181","5.0","165","171","5:17","4:38","10","9","1.15","0.0","0.0","0.0","0.0","0.0","--","--","--","0:00","8.0","0:00","Nie","01:12.52","13","0.0","01:04:32","01:04:36","3","7"
Chodzenie,2022-01-23 12:03:27,false,"Sopot Chodzenie","5.06","346","01:02:49","73","106","1.1","105","219","12:25","7:30","61","52","0.77","0.0","0.0","0.0","0.0","0.0","--","--","--","0:00","10.0","0:00","Nie","00:43.71","6","0.0","01:02:45","01:02:49","91","151"
Bieganie,2022-01-19 11:38:59,false,"Gdask Bieganie","11.24","855","01:07:24","161","185","4.0","165","181","6:00","4:59","129","112","1.01","0.0","0.0","0.0","0.0","0.0","--","--","--","0:00","8.0","0:00","Nie","01:23.59","12","0.0","01:07:13","01:07:24","93","164"
Bieganie,2022-01-16 11:36:57,false,"Gdask - Trening biegowy","10.02","704","00:54:03","164","196","5.0","166","171","5:24","4:47","13","13","1.12","0.0","0.0","0.0","0.0","0.0","--","--","--","0:00","6.0","0:00","Nie","00:05.33","11","0.0","00:54:00","00:54:03","5","10"
Bieganie,2022-01-15 11:21:11,false,"Gdask - bieg po plaskim","10.02","754","00:55:30","161","176","4.5","165","171","5:32","4:57","59","64","1.10","0.0","0.0","0.0","0.0","0.0","--","--","--","0:00","7.0","0:00","Nie","00:07.95","11","0.0","00:55:22","00:55:30","140","156"
Bieganie,2022-01-12 14:21:44,false,"Gdask Bieganie","11.36","883","01:06:48","161","188","4.3","165","169","5:53","5:03","130","115","1.03","0.0","0.0","0.0","0.0","0.0","--","--","--","0:00","7.0","0:00","Nie","02:00.22","12","0.0","01:06:37","01:06:48","91","163"
Chodzenie,2022-01-09 15:39:09,false,"Gdask Chodzenie","5.54","370","01:03:31","109","134","1.3","113","135","11:27","9:07","31","27","0.77","0.0","0.0","0.0","0.0","0.0","--","--","--","0:00","10.0","0:00","Nie","06:38.02","6","0.0","01:02:57","01:03:31","144","155"
Bieganie,2022-01-08 12:54:00,false,"Gdask Bieganie","5.01","390","00:26:57","162","182","3.7","165","169","5:23","2:26","27","25","1.13","0.0","0.0","0.0","0.0","0.0","--","--","--","0:00","8.0","0:00","Nie","00:01.32","6","0.0","00:26:55","00:26:57","145","155"
Bieganie,2022-01-06 18:26:41,false,"Gdask - Trening biegowy","10.01","764","00:53:00","165","187","5.0","165","174","5:18","4:40","17","15","1.14","0.0","0.0","0.0","0.0","0.0","--","--","--","0:00","5.0","0:00","Nie","00:02.68","11","0.0","00:52:52","00:53:00","3","7"
Bieganie,2022-01-02 12:17:01,false,"Gdask Bieganie","12.03","936","01:14:09","162","185","4.1","166","174","6:10","4:53","164","160","0.98","0.0","0.0","0.0","0.0","0.0","--","--","--","0:00","13.0","0:00","Nie","00:08.31","13","0.0","01:13:45","01:15:27","87","156"
Chodzenie,2022-01-01 11:42:13,false,"Gdask Chodzenie","4.85","309","01:04:35","92","104","0.7","105","121","13:19","11:14","14","15","0.71","0.0","0.0","0.0","0.0","0.0","--","--","--","0:00","12.0","0:00","Nie","11:08.27","5","0.0","01:03:35","01:04:35","149","157"
Chodzenie,2021-12-31 13:28:48,false,"Gdynia Chodzenie","3.51","64","00:07:25.3","114","131","0.8","--","--","2:07","0:29","51","16","0.00","0.0","0.0","0.0","0.0","0.0","--","--","--","0:00","24.0","0:00","Nie","00:36.21","4","0.0","00:05:38.0","00:07:25.3","121","164"
Bieganie,2021-12-31 11:55:12,false,"Gdask - bieg po plaskim","12.01","946","01:05:20","154","187","5.0","167","172","5:26","4:53","11","12","1.10","0.0","0.0","0.0","0.0","0.0","--","--","--","0:00","16.0","0:00","Nie","00:02.73","13","0.0","01:05:09","01:05:20","4","8"
Chodzenie,2021-12-31 11:16:17,false,"Gdask Chodzenie","14.48","88","00:34:32","75","102","0.1","5","186","2:23","0:46","38","206","79.82","0.0","0.0","0.0","0.0","0.0","--","--","--","0:00","25.0","0:00","Nie","01:06.70","15","0.0","00:22:59","00:34:32","14","183"
Bieganie,2021-12-29 11:36:43,false,"Gdask Bieganie","8.01","620","00:45:23","160","185","4.3","166","173","5:40","4:25","8","10","1.06","0.0","0.0","0.0","0.0","0.0","--","--","--","0:00","9.0","0:00","Nie","00:01.42","9","0.0","00:45:21","00:45:23","4","9"
Bieganie,2021-12-26 11:08:00,false,"Gdask Bieganie","9.42","731","00:53:25","157","179","4.7","166","226","5:40","5:01","46","50","1.07","0.0","0.0","0.0","0.0","0.0","--","--","--","0:00","10.0","0:00","Nie","02:32.45","10","0.0","00:53:15","00:53:30","134","153"
Bieganie,2021-12-21 20:34:00,false,"Gdask - bieg po plaskim","5.01","391","00:28:03","155","172","3.6","165","171","5:36","5:05","17","19","1.08","0.0","0.0","0.0","0.0","0.0","--","--","--","0:00","7.0","0:00","Nie","00:01.70","6","0.0","00:27:54","00:28:09","144","153"
Bieganie,2021-12-18 11:02:06,false,"Gdask Bieganie","11.01","856","01:08:24","157","180","4.0","165","169","6:13","5:01","136","121","0.98","0.0","0.0","0.0","0.0","0.0","--","--","--","0:00","11.0","0:00","Nie","00:03.98","12","0.0","01:08:12","01:08:24","92","163"
Bieganie,2021-12-16 20:09:38,false,"Gdask Bieganie","6.23","486","00:34:03","162","178","4.2","166","169","5:28","4:13","31","32","1.10","0.0","0.0","0.0","0.0","0.0","--","--","--","0:00","14.0","0:00","Nie","01:19.53","7","0.0","00:34:02","00:34:03","144","154"
Bieganie,2021-12-12 09:01:22,false,"Gdask Bieganie","10.51","806","01:03:38","156","181","4.1","168","172","6:03","5:11","129","120","0.99","0.0","0.0","0.0","0.0","0.0","--","--","--","0:00","11.0","0:00","Nie","02:51.69","11","0.0","01:03:20","01:03:47","88","155"
Bieganie,2021-12-09 20:19:21,false,"Gdask Bieganie","6.31","483","00:36:33","155","174","3.8","162","167","5:48","5:12","27","25","1.07","0.0","0.0","0.0","0.0","0.0","--","--","--","0:00","7.0","0:00","Nie","01:58.40","7","0.0","00:36:15","00:36:33","145","154"
Bieganie,2021-12-05 12:04:21,false,"Gdask Bieganie","10.01","766","00:56:43","162","177","4.5","165","172","5:40","4:51","12","18","1.07","0.0","0.0","0.0","0.0","0.0","--","--","--","0:00","11.0","0:00","Nie","00:02.96","11","0.0","00:56:41","00:56:43","-7","4"
Chodzenie,2021-12-04 10:08:55,false,"Gdask Chodzenie","5.14","429","01:35:21","95","133","0.5","59","165","18:32","1:34","28","19","0.89","0.0","0.0","0.0","0.0","0.0","--","--","--","0:00","18.0","0:00","Nie","00:15.40","7","0.0","00:58:44","01:56:44","145","159"
Bieganie,2021-12-02 18:02:19,false,"Gdask Bieganie","5.15","395","00:29:37","157","172","3.5","165","238","5:45","5:04","33","38","1.06","0.0","0.0","0.0","0.0","0.0","--","--","--","0:00","10.0","0:00","Nie","00:54.16","6","0.0","00:29:36","00:29:37","136","152"
Bieganie,2021-11-28 12:00:00,false,"Gdask Bieganie","11.05","850","01:02:30","161","178","4.7","165","169","5:39","4:39","5","9","1.07","0.0","0.0","0.0","0.0","0.0","--","--","--","0:00","10.0","0:00","Nie","00:18.88","12","0.0","01:02:25","01:02:30","--","4"
Bieganie,2021-11-27 15:19:24,false,"Gdask Bieganie","5.01","348","00:26:13","155","183","3.6","165","173","5:14","4:32","20","24","1.16","0.0","0.0","0.0","0.0","0.0","--","--","--","0:00","13.0","0:00","Nie","00:01.88","6","0.0","00:26:07","00:26:13","141","153"
Chodzenie,2021-11-26 11:17:07,false,"Gdask Chodzenie","5.40","366","00:51:00","96","118","1.0","116","176","9:26","0:53","25","27","0.92","0.0","0.0","0.0","0.0","0.0","--","--","--","0:00","13.0","0:00","Nie","00:22.46","8","0.0","00:50:16","00:55:12","142","156"
Bieganie,2021-11-25 11:35:00,false,"Gdask Bieganie","5.40","400","00:30:33","156","170","3.5","166","171","5:39","4:44","30","24","1.06","0.0","0.0","0.0","0.0","0.0","--","--","--","0:00","9.0","0:00","Nie","02:03.78","6","0.0","00:30:26","00:30:33","143","156"
Bieganie,2021-11-20 10:50:06,false,"Gdask Bieganie","11.01","954","01:06:27","169","179","5.0","166","171","6:02","4:34","126","120","1.00","0.0","0.0","0.0","0.0","0.0","--","--","--","0:00","15.0","0:00","Nie","00:00.97","13","0.0","01:06:21","01:06:27","91","162"
Bieganie,2021-11-17 18:32:19,false,"Gdask Bieganie","8.10","628","00:46:05","156","175","4.5","164","169","5:41","4:38","27","27","1.07","0.0","0.0","0.0","0.0","0.0","--","--","--","0:00","14.0","0:00","Nie","00:39.89","9","0.0","00:46:01","00:46:05","145","156"
Bieganie,2021-11-14 11:22:29,false,"Gdask Bieganie","5.39","401","00:31:43","150","172","3.5","164","169","5:53","4:59","26","28","1.04","0.0","0.0","0.0","0.0","0.0","--","--","--","0:00","12.0","0:00","Nie","02:10.50","6","0.0","00:31:38","00:31:43","143","153"
Bieganie,2021-11-13 11:36:00,false,"Gdask Bieganie","5.01","317","00:27:09","152","168","3.5","164","169","5:25","4:36","24","21","1.12","0.0","0.0","0.0","0.0","0.0","--","--","--","0:00","11.0","0:00","Nie","00:02.11","6","0.0","00:27:07","00:27:09","144","154"
Bieganie,2021-11-11 10:22:24,false,"Gdask Bieganie","5.01","339","00:29:17","153","167","3.6","164","169","5:51","4:44","13","10","1.04","0.0","0.0","0.0","0.0","0.0","--","--","--","0:00","14.0","0:00","Nie","00:02.43","6","0.0","00:29:12","00:29:17","143","153"
Bieganie,2021-11-09 18:30:58,false,"Gdask Bieganie","5.01","339","00:28:02","164","173","4.0","166","171","5:35","0:37","20","22","1.08","0.0","0.0","0.0","0.0","0.0","--","--","--","0:00","13.0","0:00","Nie","00:04.55","6","0.0","00:27:59","00:28:02","143","153"
Bieganie,2021-11-07 12:47:05,false,"Pierwszy bieg po zabiegu","5.01","325","00:29:21","152","165","3.5","163","169","5:52","5:18","29","29","1.04","0.0","0.0","0.0","0.0","0.0","--","--","--","0:00","16.0","0:00","Nie","00:01.37","6","0.0","00:29:20","00:29:21","143","155"
Chodzenie,2021-10-31 13:53:18,false,"呕ukowo Chodzenie","5.31","365","01:09:25","98","132","0.4","89","141","13:05","7:58","25","20","0.86","0.0","0.0","0.0","0.0","0.0","--","--","--","0:00","21.0","0:00","Nie","03:49.41","6","0.0","01:04:16","01:45:33","147","162"
Bieganie,2021-10-10 10:57:25,false,"Gdask Bieganie","11.01","811","01:01:16","158","178","4.2","165","171","5:34","4:40","116","117","1.09","0.0","0.0","0.0","0.0","0.0","--","--","--","0:00","14.0","0:00","Nie","00:01.99","12","0.0","01:01:05","01:01:58","89","156"
Jazda g贸rska,2021-10-09 13:31:27,false,"Gdask Jazda g贸rska","40.02","1,124","02:13:28","131","165","2.5","--","--","18.0","36.6","303","300","0.00","0.0","0.0","0.0","0.0","0.0","--","--","--","0:00","15.0","0:00","Nie","00:01.05","10","0.0","02:12:58","02:49:10","26","168"
Bieganie,2021-10-07 16:00:45,false,"Gdask Bieganie","5.01","361","00:28:04","154","175","3.2","166","171","5:36","4:38","21","22","1.07","0.0","0.0","0.0","0.0","0.0","--","--","--","0:00","16.0","0:00","Nie","00:02.34","6","0.0","00:27:58","00:28:12","142","151"
Bieganie,2021-10-01 08:22:26,false,"Gdask Bieganie","5.50","396","00:29:52","155","186","3.4","167","173","5:26","4:33","27","26","1.10","0.0","0.0","0.0","0.0","0.0","--","--","--","0:00","12.0","0:00","Nie","02:25.10","6","0.0","00:29:50","00:29:52","143","154"
Bieganie,2021-09-30 08:33:13,false,"Gdask Bieganie","8.66","618","00:48:43","153","170","3.6","164","173","5:38","4:15","96","101","1.08","0.0","0.0","0.0","0.0","0.0","--","--","--","0:00","14.0","0:00","Nie","03:38.02","9","0.0","00:48:32","00:48:49","60","154"
Jazda g贸rska,2021-09-27 16:28:26,false,"Gdask Jazda g贸rska","24.91","676","01:25:48","123","165","2.0","--","--","17.4","43.6","224","236","0.00","0.0","0.0","0.0","0.0","0.0","--","--","--","0:00","17.0","0:00","Nie","13:34.24","5","0.0","01:25:25","02:03:20","3","158"
Bieganie,2021-09-26 11:05:30,false,"Gdask Bieganie","11.01","815","01:03:00","157","183","4.3","165","171","5:43","4:27","114","117","1.06","0.0","0.0","0.0","0.0","0.0","--","--","--","0:00","18.0","0:00","Nie","00:02.16","12","0.0","01:02:57","01:03:00","91","159"
Bieganie,2021-09-22 19:49:55,false,"Gdask Bieganie","5.01","328","00:24:54","152","168","3.1","165","169","4:58","4:15","18","19","1.22","0.0","0.0","0.0","0.0","0.0","--","--","--","0:00","13.0","0:00","Nie","00:01.75","6","0.0","00:24:53","00:24:54","145","156"
Jazda g贸rska,2021-09-19 14:16:11,false,"Gdask Jazda g贸rska","40.06","935","02:07:41","125","165","2.1","--","--","18.8","44.9","298","303","0.00","0.0","0.0","0.0","0.0","0.0","--","--","--","0:00","14.0","0:00","Nie","00:15.65","9","0.0","02:07:25","02:12:54","93","167"
Bieganie,2021-09-18 11:39:19,false,"Gdask Bieganie","15.01","1,105","01:25:07","158","185","4.8","167","207","5:40","4:29","133","145","1.05","0.0","0.0","0.0","0.0","0.0","--","--","--","0:00","14.0","0:00","Nie","00:02.38","16","0.0","01:25:04","01:25:07","59","158"
Bieganie,2021-09-17 09:31:47,false,"Gdask Bieganie","5.46","371","00:29:05","155","168","3.3","167","173","5:19","4:16","21","23","1.13","0.0","0.0","0.0","0.0","0.0","--","--","--","0:00","19.0","0:00","Nie","02:08.38","6","0.0","00:28:59","00:29:05","142","152"
Jazda po 偶wirze/drogach nieutwardz.,2021-09-16 17:09:07,false,"Gdask Kolarstwo","26.56","708","01:23:05","130","159","2.1","--","--","19.2","43.5","215","222","0.00","0.0","0.0","0.0","0.0","0.0","--","--","--","0:00","21.0","0:00","Nie","04:30.05","6","0.0","01:22:58","01:36:24","6","160"
Bieganie,2021-09-15 08:30:31,false,"Gdask Bieganie","5.52","383","00:30:11","154","166","3.3","165","171","5:28","3:52","44","45","1.11","0.0","0.0","0.0","0.0","0.0","--","--","--","0:00","17.0","0:00","Nie","02:31.03","6","0.0","00:00:00","00:30:11","142","167"
Kolarstwo,2021-09-13 15:25:20,false,"Gdask Kolarstwo","30.19","795","01:29:05","134","176","2.6","--","--","20.3","40.7","155","165","0.00","0.0","0.0","0.0","0.0","0.0","--","--","--","0:00","17.0","0:00","Nie","00:34.64","7","0.0","01:29:03","01:38:41","116","166"
Bieganie,2021-09-12 08:18:27,false,"Gdask Bieganie","11.01","854","01:07:48","158","180","4.1","165","170","6:10","4:33","117","117","0.98","0.0","0.0","0.0","0.0","0.0","--","--","--","0:00","20.0","0:00","Nie","00:02.23","12","0.0","01:07:40","01:07:55","92","156"
Bieganie,2021-09-09 08:12:50,false,"Gdask Bieganie","10.01","808","01:01:19","161","180","4.4","164","169","6:08","4:44","112","114","0.99","0.0","0.0","0.0","0.0","0.0","--","--","--","0:00","17.0","0:00","Nie","00:02.28","11","0.0","01:01:08","01:01:19","91","154"
Kolarstwo,2021-09-08 17:49:03,false,"Gdask Kolarstwo","21.79","604","01:29:04","106","140","2.2","--","--","14.7","40.0","220","211","0.00","0.0","0.0","0.0","0.0","0.0","--","--","--","0:00","23.0","0:00","Nie","06:52.95","5","0.0","01:25:09","02:11:16","58","156"
Bieganie,2021-09-05 15:51:15,false,"Gdask Bieganie","5.01","375","00:27:38","162","175","3.6","166","169","5:31","4:41","22","21","1.09","0.0","0.0","0.0","0.0","0.0","--","--","--","0:00","20.0","0:00","Nie","00:01.86","6","0.0","00:27:37","00:27:38","143","154"
Bieganie,2021-09-02 17:42:34,false,"Nowy Winicz Bieganie","5.11","388","00:30:00","157","182","3.5","165","169","5:52","4:51","55","56","1.03","0.0","0.0","0.0","0.0","0.0","--","--","--","0:00","19.0","0:00","Nie","00:39.33","6","0.0","00:29:58","00:30:00","280","322"
Chodzenie,2021-08-31 10:22:23,false,"Gdask Chodzenie","1.01","71","00:11:26","113","126","0.6","102","139","11:22","4:00","8","4","0.86","0.0","0.0","0.0","0.0","0.0","--","--","--","0:00","23.0","0:00","Nie","00:00.90","3","0.0","00:00:00","06:01:40","145","157"
Bieganie,2021-08-30 08:36:30,false,"Gdask Bieganie","5.19","382","00:28:30","163","179","3.7","168","174","5:30","4:48","13","14","1.08","0.0","0.0","0.0","0.0","0.0","--","--","--","0:00","19.0","0:00","Nie","01:05.51","6","0.0","00:28:28","00:28:30","144","156"
Bieganie,2021-08-29 11:30:07,false,"Gdask Bieganie","10.01","735","00:56:28","159","171","4.6","168","173","5:39","4:47","41","46","1.06","0.0","0.0","0.0","0.0","0.0","--","--","--","0:00","20.0","0:00","Nie","00:03.36","11","0.0","00:56:24","00:56:28","135","155"
Kolarstwo,2021-08-28 12:49:17,false,"Gdask Kolarstwo","39.18","1,030","02:00:35","129","179","2.9","--","--","19.5","36.2","216","221","0.00","0.0","0.0","0.0","0.0","0.0","--","--","--","0:00","19.0","0:00","Nie","02:27.82","9","0.0","01:59:45","05:14:47","1","159"
Bieganie,2021-08-27 10:38:56,false,"Gdask Bieganie","11.43","861","01:07:34","161","181","4.8","165","171","5:55","4:56","116","121","1.02","0.0","0.0","0.0","0.0","0.0","--","--","--","0:00","18.0","0:00","Nie","02:21.65","12","0.0","01:07:31","01:07:34","90","160"
Chodzenie,2021-08-27 08:39:03,false,"Gdask Chodzenie","14.67","101","00:29:50","84","112","0.2","3","139","2:02","0:52","58","58","30.45","0.0","0.0","0.0","0.0","0.0","--","--","--","0:00","25.0","0:00","Nie","00:56.16","15","0.0","00:00:00","00:29:50","130","156"
Kolarstwo,2021-08-26 18:30:01,false,"Gdask Kolarstwo","20.08","602","01:02:33","137","178","3.0","--","--","19.3","36.3","132","133","0.00","0.0","0.0","0.0","0.0","0.0","--","--","--","0:00","16.0","0:00","Nie","00:29.73","5","0.0","01:02:22","01:25:37","76","158"
Bieganie,2021-08-24 16:56:05,false,"Gdask Bieg","8.04","594","00:46:38","161","179","4.4","164","171","5:48","2:44","33","32","1.05","0.0","0.0","0.0","0.0","0.0","--","--","--","0:00","20.0","0:00","Nie","00:11.94","9","0.0","00:46:24","00:47:00","143","155"
Chodzenie,2021-08-24 12:30:53,false,"Gdask Chodzenie","1.93","27","00:07:11.7","85","124","0.1","--","--","3:44","1:15","3","7","0.00","0.0","0.0","0.0","0.0","0.0","--","--","--","0:00","29.0","0:00","Nie","02:45.96","2","0.0","00:00:00","00:07:11.7","147","153"
Chodzenie,2021-08-24 11:02:05,false,"Gdask Chodzenie","9.25","148","00:34:23","91","106","0.4","42","129","3:43","0:40","44","41","28.28","0.0","0.0","0.0","0.0","0.0","--","--","--","0:00","26.0","0:00","Nie","00:31.08","10","0.0","00:00:00","00:34:23","139","159"
Kolarstwo,2021-08-21 11:45:33,false,"Gdask Kolarstwo","90.57","2,541","04:40:34","107","158","1.4","--","--","19.4","33.2","236","227","0.00","0.0","0.0","0.0","0.0","0.0","--","--","--","0:00","16.0","0:00","Nie","00:04.07","20","0.0","00:00:00","08:20:54","1","158"
Chodzenie,2021-08-16 15:14:53,false,"Gdask Chodzenie","3.90","256","00:40:40","112","125","0.7","108","138","10:25","6:55","12","9","0.90","0.0","0.0","0.0","0.0","0.0","--","--","--","0:00","27.0","0:00","Nie","09:31.93","4","0.0","00:00:00","00:40:40","143","156"
Bieganie,2021-08-15 13:03:02,false,"Gdask Bieg","10.03","741","00:59:34","157","178","4.8","164","169","5:56","3:54","78","78","1.03","0.0","0.0","0.0","0.0","0.0","--","--","--","0:00","23.0","0:00","Nie","00:08.67","11","0.0","00:59:28","00:59:39","94","154"
Kolarstwo,2021-08-14 16:04:48,false,"Ekstraklasa 3:0 wygraa Lechia Gdask","34.76","977","01:40:44","82","113","0.8","--","--","20.7","40.2","203","177","0.00","0.0","0.0","0.0","0.0","0.0","--","--","--","0:00","18.0","0:00","Nie","11:42.48","7","0.0","00:00:00","04:21:00","-51","105"
Pywanie dugodystansowe,2021-08-13 12:18:15,false,"Krokowa Pywanie dugodystansowe","1,004","217","00:31:54","--","--","--","--","--","3:10","0:51","--","--","0.00","0.0","0.0","0.0","0.0","0.0","13","48","--","0:00","23.0","0:00","Nie","00:11.47","3","0.0","00:00:00","00:36:04","--","--"
Bieganie,2021-08-12 16:57:19,false,"Gdask Bieg","5.57","402","00:30:38","163","178","4.4","164","167","5:30","4:43","24","25","1.11","0.0","0.0","0.0","0.0","0.0","--","--","--","0:00","24.0","0:00","Nie","02:59.26","6","0.0","00:30:30","00:30:38","143","153"
Kolarstwo,2021-08-11 17:40:26,false,"Gdask Kolarstwo","30.17","879","01:32:37","85","113","0.2","--","--","19.5","36.9","225","225","0.00","0.0","0.0","0.0","0.0","0.0","--","--","--","0:00","17.0","0:00","Nie","00:02.28","8","0.0","01:32:17","01:55:58","9","160"
Chodzenie,2021-08-09 14:17:26,false,"Gdask Chodzenie","5.91","145","00:26:03","108","139","0.7","55","130","4:24","1:10","16","20","5.83","0.0","0.0","0.0","0.0","0.0","--","--","--","0:00","29.0","0:00","Nie","01:40.05","6","0.0","00:23:17","00:26:03","143","157"
Chodzenie,2021-08-09 07:23:54,false,"Gdask Chodzenie","6.08","96","00:24:55","89","121","0.5","26","133","4:06","1:04","28","22","74.22","0.0","0.0","0.0","0.0","0.0","--","--","--","0:00","24.0","0:00","Nie","01:36.46","7","0.0","00:18:05","02:18:41","145","159"
Chodzenie,2021-08-07 22:47:38,false,"Gdask Chodzenie","0.05","20","00:04:13.8","93","121","0.1","--","--","--","--","--","--","0.00","0.0","0.0","0.0","0.0","0.0","--","--","--","0:00","31.0","0:00","Nie","04:13.82","1","0.0","00:00:00","00:04:13.8","152","154"
Bieganie,2021-08-07 06:08:42,false,"Gdask Bieg","5.01","373","00:28:09","162","185","3.9","167","171","5:37","4:58","21","22","1.07","0.0","0.0","0.0","0.0","0.0","--","--","--","0:00","19.0","0:00","Nie","00:02.64","6","0.0","00:28:07","00:28:09","144","154"
Chodzenie,2021-08-06 07:47:38,false,"Gdask Chodzenie","5.99","95","00:22:49","91","113","0.2","37","132","3:49","1:15","17","17","9.76","0.0","0.0","0.0","0.0","0.0","--","--","--","0:00","27.0","0:00","Nie","02:05.68","6","0.0","00:19:32","00:23:26","140","149"
Bieganie,2021-08-05 08:05:32,false,"Gdask Bieg","5.50","413","00:33:14","159","175","3.7","163","167","6:02","4:54","22","24","1.01","0.0","0.0","0.0","0.0","0.0","--","--","--","0:00","20.0","0:00","Nie","02:48.47","6","0.0","00:33:04","00:33:14","143","153"
Kolarstwo,2021-08-02 20:01:41,false,"Gdask Kolarstwo","15.89","501","00:59:48","110","133","0.8","--","--","15.9","30.7","169","24","0.00","0.0","0.0","0.0","0.0","0.0","--","--","--","0:00","16.0","0:00","Nie","00:05.06","6","0.0","00:59:38","01:03:45","1","149"
Kolarstwo,2021-08-02 16:04:39,false,"Dzisiaj gra Elstraklasa najlepsza liga wiata","20.02","540","00:54:55","107","140","0.8","--","--","21.9","37.4","25","163","0.00","0.0","0.0","0.0","0.0","0.0","--","--","--","0:00","19.0","0:00","Nie","01:15.07","5","0.0","00:54:36","01:19:57","8","154"
Bieganie,2021-08-01 06:59:55,false,"Gdask Bieg","5.01","365","00:29:14","157","180","3.7","165","170","5:50","0:02","22","22","1.04","0.0","0.0","0.0","0.0","0.0","--","--","--","0:00","19.0","0:00","Nie","00:04.22","6","0.0","00:29:11","00:29:14","143","152"
Piesze wdr贸wki,2021-07-24 18:29:33,false,"Bukowina Tatrzaska Piesze wdr贸wki","9.99","383","02:18:27","77","114","0.4","94","158","13:52","7:23","38","602","0.78","0.0","0.0","0.0","0.0","0.0","--","--","--","0:00","18.0","0:00","Nie","11:37.63","10","0.0","02:14:08","02:18:27","1,037","1,593"
Piesze wdr贸wki,2021-07-24 14:55:17,false,"Tatranska Javorina Piesze wdr贸wki","1.34","288","01:33:47","81","111","0.2","4","237","--","6:44","11","242","3.99","0.0","0.0","0.0","0.0","0.0","--","--","--","0:00","21.0","0:00","Nie","19:03.92","2","0.0","00:10:33","01:34:14","1,786","2,017"
Alpinizm,2021-07-24 06:53:25,false,"Bukowina Tatrzaska Wspinaczka","4.65","581","02:59:16","82","131","1.3","17","203","1.6","22.0","659","38","1.49","0.0","0.0","0.0","0.0","0.0","--","--","--","0:00","16.0","0:00","Nie","02:59:16.34","1","0.0","00:51:38","04:04:06","1,390","1,980"
Piesze wdr贸wki,2021-07-24 05:25:15,false,"Bukowina Tatrzaska Piesze wdr贸wki","7.71","449","01:21:54","106","144","1.7","115","143","10:37","6:54","412","--","0.82","0.0","0.0","0.0","0.0","0.0","--","--","--","0:00","16.0","0:00","Nie","07:31.92","8","0.0","01:21:51","01:21:54","991","1,410"
Bieganie,2021-07-20 18:45:03,false,"Gdask Bieg","5.48","404","00:32:15","155","173","3.7","164","214","5:53","4:18","24","25","1.04","0.0","0.0","0.0","0.0","0.0","--","--","--","0:00","23.0","0:00","Nie","02:40.07","6","0.0","00:32:09","00:32:15","144","154"
Kolarstwo,2021-07-16 11:58:37,false,"Karsin Kolarstwo","40.89","1,080","02:39:19","86","139","0.3","--","--","15.4","38.4","252","250","0.00","0.0","0.0","0.0","0.0","0.0","--","--","--","0:00","27.0","0:00","Nie","04:29.23","9","0.0","02:38:54","02:40:31","138","179"
Pywanie dugodystansowe,2021-07-15 13:35:45,false,"Karsin Pywanie dugodystansowe","175","36","00:07:06.6","--","--","--","--","--","4:04","2:17","--","--","0.00","0.0","0.0","0.0","0.0","0.0","--","--","--","0:00","31.0","0:00","Nie","07:06.61","1","0.0","00:05:32","00:07:06.6","--","--"
Pywanie dugodystansowe,2021-07-14 11:39:37,false,"Karsin Pywanie dugodystansowe","439","117","00:16:18","--","--","--","--","--","3:43","0:10","--","--","0.00","0.0","0.0","0.0","0.0","0.0","--","--","--","0:00","28.0","0:00","Nie","16:17.70","1","0.0","00:15:17","00:16:18","--","--"
Bieganie,2021-07-14 08:13:19,false,"Karsin Bieg","5.02","376","00:30:09","158","165","3.6","163","169","6:00","4:56","20","17","1.02","0.0","0.0","0.0","0.0","0.0","--","--","--","0:00","26.0","0:00","Nie","00:07.30","6","0.0","00:30:08","00:30:16","144","154"
Jazda g贸rska,2021-07-13 17:00:15,false,"Karsin Jazda g贸rska","5.75","355","00:37:20","131","157","2.4","--","--","9.2","24.3","42","39","0.00","0.0","0.0","0.0","0.0","0.0","--","--","--","0:00","30.0","0:00","Nie","05:00.60","2","0.0","00:34:02","00:40:32","136","148"
Kolarstwo,2021-07-13 15:06:46,false,"Karsin Nawiguj","5.86","219","00:36:46","104","131","0.4","--","--","9.6","34.7","41","40","0.00","0.0","0.0","0.0","0.0","0.0","--","--","--","0:00","29.0","0:00","Nie","36:45.92","1","0.0","00:32:28","00:41:08","140","152"
Pywanie dugodystansowe,2021-07-13 13:00:40,false,"Karsin Pywanie dugodystansowe","616","140","00:24:57","--","--","--","--","--","4:03","0:10","--","--","0.00","0.0","0.0","0.0","0.0","0.0","--","--","--","0:00","30.0","0:00","Nie","03:26.81","2","0.0","00:21:51","00:24:57","--","--"
Kolarstwo,2021-07-13 11:48:35,false,"Czersk Nawiguj","10.27","375","00:32:14","100","131","0.5","--","--","19.1","36.3","34","26","0.00","0.0","0.0","0.0","0.0","0.0","--","--","--","0:00","28.0","0:00","Nie","32:13.64","1","0.0","00:32:13","00:34:39","138","150"
Kolarstwo,2021-07-13 10:54:05,false,"Karsin Nawiguj","10.84","428","00:37:22","100","147","0.7","--","--","17.4","27.6","34","39","0.00","0.0","0.0","0.0","0.0","0.0","--","--","--","0:00","26.0","0:00","Nie","37:22.45","1","0.0","00:36:55","00:37:28","132","151"
Kolarstwo,2021-07-12 11:53:43,false,"Wycieczka z przyczepka","19.44","472","01:47:16","93","120","0.3","--","--","10.9","32.1","59","45","0.00","0.0","0.0","0.0","0.0","0.0","--","--","--","0:00","27.0","0:00","Nie","24:14.44","4","0.0","01:41:24","02:11:22","138","153"
Bieganie,2021-07-11 12:25:57,false,"Karsin Bieg","10.04","797","00:58:59","168","180","5.0","164","169","5:52","4:25","35","36","1.04","0.0","0.0","0.0","0.0","0.0","--","--","--","0:00","26.0","0:00","Nie","00:00.61","12","0.0","00:58:50","00:58:59","136","151"
Piesze wdr贸wki,2021-07-08 12:12:25,false,"Gdask Piesze wdr贸wki","1.61","111","00:24:34","94","115","0.3","62","138","15:15","6:35","19","9","1.07","0.0","0.0","0.0","0.0","0.0","--","--","--","0:00","27.0","0:00","Nie","00:01.08","2","0.0","00:13:44","00:24:34","147","159"
Kolarstwo,2021-07-07 08:48:25,false,"Gdask Kolarstwo","22.07","618","01:18:01","96","133","0.6","--","--","17.0","38.1","221","225","0.00","0.0","0.0","0.0","0.0","0.0","--","--","--","0:00","23.0","0:00","Nie","06:51.24","5","0.0","01:17:12","01:48:10","85","165"
Bieganie,2021-07-06 10:47:04,false,"Gdask Bieg","5.06","409","00:29:16","170","184","4.4","162","167","5:47","4:36","24","19","1.07","0.0","0.0","0.0","0.0","0.0","--","--","--","0:00","25.0","0:00","Nie","00:18.67","6","0.0","00:29:11","00:29:16","144","154"
Kolarstwo,2021-07-05 18:57:59,false,"Gdask Kolarstwo","5.52","165","00:16:00","83","89","0.1","--","--","20.7","33.8","25","30","0.00","0.0","0.0","0.0","0.0","0.0","--","--","--","0:00","20.0","0:00","Nie","02:03.21","2","0.0","00:16:00","00:16:00","141","153"
Bieganie,2021-07-04 09:45:06,false,"Gdask Bieg","5.04","410","00:30:49","164","180","4.0","162","167","6:07","5:04","22","17","1.01","0.0","0.0","0.0","0.0","0.0","--","--","--","0:00","23.0","0:00","Nie","00:00.65","7","0.0","00:30:47","00:30:53","144","154"
Kolarstwo,2021-07-03 15:34:21,false,"Gdask Kolarstwo","13.35","369","01:10:25","104","163","1.1","--","--","11.4","41.3","57","62","0.00","0.0","0.0","0.0","0.0","0.0","--","--","--","0:00","25.0","0:00","Nie","00:05.12","4","0.0","01:08:43","01:22:03","130","153"
Jazda g贸rska,2021-06-20 07:59:03,false,"Gdask Jazda g贸rska","40.92","1,035","02:38:44","114","166","2.1","--","--","15.5","37.6","330","320","0.00","0.0","0.0","0.0","0.0","0.0","--","--","--","0:00","23.0","0:00","Nie","04:02.94","9","0.0","02:37:56","02:42:39","57","169"
Bieganie,2021-06-19 07:44:46,false,"Gdask Bieg","5.01","378","00:29:56","153","171","3.5","165","169","5:58","5:19","23","19","1.02","0.0","0.0","0.0","0.0","0.0","--","--","--","0:00","23.0","0:00","Nie","00:00.92","7","0.0","00:29:49","00:29:56","144","153"
Kolarstwo,2021-06-17 15:18:32,false,"Gdask Kolarstwo","28.18","832","01:49:54","110","161","1.6","--","--","15.4","40.0","286","282","0.00","0.0","0.0","0.0","0.0","0.0","--","--","--","0:00","25.0","0:00","Nie","11:28.58","6","0.0","01:49:50","02:15:57","58","174"
Bieganie,2021-06-16 08:30:21,false,"Gdask Bieg","5.44","420","00:32:30","158","180","3.7","164","169","5:58","4:53","23","24","1.02","0.0","0.0","0.0","0.0","0.0","--","--","--","0:00","19.0","0:00","Nie","02:27.67","6","0.0","00:32:23","00:32:30","143","153"
Bieganie,2021-06-13 11:32:41,false,"Gdask Bieg","5.55","387","00:31:19","149","177","3.4","163","167","5:38","4:44","23","27","1.08","0.0","0.0","0.0","0.0","0.0","--","--","--","0:00","19.0","0:00","Nie","02:56.30","6","0.0","00:31:13","00:31:19","141","151"
Chodzenie,2021-06-06 09:54:40,false,"Gdask Chodzenie","6.30","408","01:17:21","108","123","0.4","89","136","12:16","9:24","19","19","0.92","0.0","0.0","0.0","0.0","0.0","--","--","--","0:00","27.0","0:00","Nie","00:00.91","8","0.0","01:15:54","01:17:21","146","157"
Kardio,2021-06-05 19:41:30,false,"Kardio","0.00","--","00:00:15.4","76","81","0.0","--","--","--","--","--","--","0.00","0.0","0.0","0.0","0.0","0.0","--","--","--","0:00","31.0","0:00","Nie","00:01.32","2","0.0","00:00:00","00:00:15.4","169","169"
Bieganie,2021-06-04 09:06:03,true,"Gdask Bieg","5.60","436","00:31:55","160","177","3.9","163","169","5:42","4:42","22","24","1.07","0.0","0.0","0.0","0.0","0.0","--","--","--","0:00","21.0","0:00","Nie","03:19.68","6","0.0","00:31:48","00:31:55","143","152"
Chodzenie,2021-06-03 10:34:27,false,"Gdask Chodzenie","6.23","274","00:54:19","82","109","1.5","125","136","8:43","6:51","83","13","0.92","0.0","0.0","0.0","0.0","0.0","--","--","--","0:00","25.0","0:00","Nie","02:43.20","7","0.0","00:54:11","00:55:55","85","155"
Bieganie,2021-06-02 09:06:25,false,"Gdask Bieg","5.56","408","00:31:02","156","172","3.7","163","167","5:35","4:53","25","26","1.10","0.0","0.0","0.0","0.0","0.0","--","--","--","0:00","20.0","0:00","Nie","02:53.67","6","0.0","00:30:57","00:31:02","143","152"
Chodzenie,2021-06-01 07:57:15,false,"Gdask Spacerowanie","1.02","94","00:18:40","91","109","0.3","64","146","18:16","9:42","10","1","0.86","0.0","0.0","0.0","0.0","0.0","--","--","--","0:00","23.0","0:00","Nie","00:54.28","2","0.0","00:12:28","00:18:40","153","161"
Chodzenie,2021-05-31 18:54:02,false,"Gdask Spacerowanie","0.01","--","00:00:18.8","84","86","0.0","--","--","21:49","9:04","1","--","0.00","0.0","0.0","0.0","0.0","0.0","--","--","--","0:00","29.0","0:00","Nie","00:18.79","1","0.0","00:00:18","00:00:18.8","153","154"
Chodzenie,2021-05-31 07:13:48,false,"Gdask Spacerowanie","8.00","551","01:36:56","86","121","0.8","90","154","12:07","2:04","33","27","0.92","0.0","0.0","0.0","0.0","0.0","--","--","--","0:00","21.0","0:00","Nie","00:01.08","10","0.0","01:27:45","07:46:30","148","162"
Chodzenie,2021-05-30 18:11:46,false,"Gdask Spacerowanie","2.04","145","00:20:26","93","118","0.6","112","141","10:02","5:56","11","19","0.89","0.0","0.0","0.0","0.0","0.0","--","--","--","0:00","21.0","0:00","Nie","00:21.08","3","0.0","00:19:12","00:26:31","141","153"
Bieganie,2021-05-30 10:54:54,false,"Gdask Bieg","5.02","380","00:29:26","153","175","3.5","164","171","5:52","0:55","28","26","1.04","0.0","0.0","0.0","0.0","0.0","--","--","--","0:00","19.0","0:00","Nie","00:04.58","6","0.0","00:29:17","00:29:26","143","153"
Chodzenie,2021-05-29 15:57:29,false,"Gdask Spacerowanie","3.12","231","00:47:13","95","113","0.3","77","125","15:07","3:18","19","16","0.86","0.0","0.0","0.0","0.0","0.0","--","--","--","0:00","21.0","0:00","Nie","02:14.19","4","0.0","00:40:53","00:50:03","146","156"
Chodzenie,2021-05-28 07:10:22,false,"Gdask Spacerowanie","0.95","71","00:09:01.4","96","112","0.5","116","139","9:29","7:28","2","3","0.91","0.0","0.0","0.0","0.0","0.0","--","--","--","0:00","23.0","0:00","Nie","09:01.39","1","0.0","00:08:11","00:19:24","149","154"
Chodzenie,2021-05-27 07:21:13,false,"Gdask Spacerowanie","3.84","314","00:55:53","96","135","0.8","73","250","14:33","1:49","13","13","0.95","0.0","0.0","0.0","0.0","0.0","--","--","--","0:00","20.0","0:00","Nie","00:02.17","6","0.0","00:43:02","08:02:43","18","154"
Chodzenie,2021-05-26 07:14:26,false,"Gdask Spacerowanie","3.72","269","00:44:55","88","112","0.8","88","138","12:05","7:09","27","16","0.94","0.0","0.0","0.0","0.0","0.0","--","--","--","0:00","18.0","0:00","Nie","06:20.27","4","0.0","00:36:50","04:17:12","149","161"
Chodzenie,2021-05-25 14:49:13,false,"Gdask Spacerowanie","1.45","146","00:24:11","109","127","0.5","63","133","16:44","7:46","14","8","0.96","0.0","0.0","0.0","0.0","0.0","--","--","--","0:00","22.0","0:00","Nie","00:00.95","3","0.0","00:16:24","00:24:11","154","165"
Chodzenie,2021-05-24 13:37:29,false,"Gdask Spacerowanie","8.65","759","02:40:07","104","145","0.9","64","161","18:30","0:37","67","33","0.86","0.0","0.0","0.0","0.0","0.0","--","--","--","0:00","22.0","0:00","Nie","05:09.88","10","0.0","01:44:59","05:43:05","150","166"
Chodzenie,2021-05-24 06:57:37,false,"Gdask Spacerowanie","3.38","275","00:49:17","85","107","0.5","72","167","14:33","0:53","9","9","0.97","0.0","0.0","0.0","0.0","0.0","--","--","--","0:00","22.0","0:00","Nie","03:52.49","4","0.0","00:35:10","01:30:13","149","160"
Chodzenie,2021-05-23 11:30:51,false,"Gdask Spacerowanie","8.35","547","01:44:16","101","121","0.7","102","143","12:30","5:33","98","104","0.78","0.0","0.0","0.0","0.0","0.0","--","--","--","0:00","20.0","0:00","Nie","04:40.08","9","0.0","01:43:38","01:44:23","66","150"
Bieganie,2021-05-22 14:25:31,false,"Gdask Bieg","5.52","421","00:30:19","163","182","4.1","163","173","5:29","4:37","30","31","1.12","0.0","0.0","0.0","0.0","0.0","--","--","--","0:00","20.0","0:00","Nie","02:37.47","6","0.0","00:30:14","00:30:19","143","153"
Jazda g贸rska,2021-05-20 16:00:20,false,"Gdask Kolarstwo","27.37","916","01:42:35","131","160","2.4","--","--","16.0","39.4","185","199","0.00","0.0","0.0","0.0","0.0","0.0","--","--","--","0:00","20.0","0:00","Nie","09:53.04","6","0.0","01:42:10","02:17:15","24","161"
Bieganie,2021-05-16 11:16:42,false,"Gdask Bieg","11.01","834","01:05:43","153","184","4.6","164","172","5:58","4:25","115","118","1.02","0.0","0.0","0.0","0.0","0.0","--","--","--","0:00","16.0","0:00","Nie","00:02.33","12","0.0","01:05:34","01:05:43","89","156"
Bieganie,2021-05-14 10:49:16,false,"Gdask Bieg","5.55","400","00:31:05","153","171","3.6","164","171","5:36","4:31","23","24","1.09","0.0","0.0","0.0","0.0","0.0","--","--","--","0:00","17.0","0:00","Nie","02:47.88","6","0.0","00:31:03","00:31:05","143","154"
Chodzenie,2021-05-11 19:13:21,false,"Sok贸ka Spacerowanie","2.25","150","00:24:51","106","123","0.5","102","131","11:03","9:21","2","3","0.89","0.0","0.0","0.0","0.0","0.0","--","--","--","0:00","25.0","0:00","Nie","02:39.19","3","0.0","00:24:30","00:24:51","154","159"
Bieganie,2021-05-09 09:44:49,false,"Gdask Bieg","5.01","368","00:27:43","153","166","3.5","165","230","5:32","4:50","24","22","1.10","0.0","0.0","0.0","0.0","0.0","--","--","--","0:00","15.0","0:00","Nie","00:01.98","6","0.0","00:27:41","00:27:43","145","156"
Chodzenie,2021-05-08 16:01:10,false,"Gdask Spacerowanie","5.05","342","01:08:16","87","112","0.4","89","225","13:30","6:10","18","23","0.84","0.0","0.0","0.0","0.0","0.0","--","--","--","0:00","16.0","0:00","Nie","00:45.92","6","0.0","01:03:32","01:08:16","146","155"
Bieganie,2021-05-03 11:37:50,false,"Gdask Bieg","8.02","604","00:46:31","159","185","4.3","162","169","5:48","4:28","97","99","1.06","0.0","0.0","0.0","0.0","0.0","--","--","--","0:00","14.0","0:00","Nie","00:01.40","10","0.0","00:46:25","00:46:31","66","158"
Bieganie,2021-05-02 11:19:23,false,"Gdask Bieg","5.52","408","00:31:10","154","171","3.6","165","171","5:39","4:39","28","27","1.08","0.0","0.0","0.0","0.0","0.0","--","--","--","0:00","11.0","0:00","Nie","02:49.65","6","0.0","00:31:02","00:31:10","144","154"
Bieganie,2021-04-27 16:28:57,false,"Gdask Bieg","5.49","397","00:30:42","154","169","3.7","163","167","5:35","4:38","25","25","1.10","0.0","0.0","0.0","0.0","0.0","--","--","--","0:00","13.0","0:00","Nie","02:27.71","6","0.0","00:30:37","00:30:42","144","154"
Bieganie,2021-04-25 10:13:10,false,"Gdask Bieg","5.50","406","00:31:14","154","176","3.7","163","169","5:41","4:54","22","29","1.08","0.0","0.0","0.0","0.0","0.0","--","--","--","0:00","8.0","0:00","Nie","02:42.40","6","0.0","00:31:04","00:31:14","140","151"
Chodzenie,2021-04-24 10:16:31,false,"Gdask Spacerowanie","5.15","333","01:03:42","104","119","0.5","100","131","12:22","0:45","25","22","0.81","0.0","0.0","0.0","0.0","0.0","--","--","--","0:00","14.0","0:00","Nie","01:52.74","6","0.0","01:03:03","01:14:04","150","169"
Bieganie,2021-04-18 11:31:14,false,"Gdask Bieg","5.56","419","00:31:03","160","178","3.9","162","167","5:35","4:42","23","30","1.10","0.0","0.0","0.0","0.0","0.0","--","--","--","0:00","17.0","0:00","Nie","02:58.97","6","0.0","00:30:59","00:31:03","138","150"
Bieganie,2021-04-11 12:36:48,false,"Gdask Bieg","5.52","407","00:31:11","158","179","3.9","163","171","5:39","4:32","24","21","1.08","0.0","0.0","0.0","0.0","0.0","--","--","--","0:00","17.0","0:00","Nie","02:48.70","6","0.0","00:31:04","00:31:11","144","155"
Bieganie,2021-04-03 13:38:12,false,"Gdask Bieg","5.48","423","00:31:44","159","184","3.9","163","169","5:47","4:58","26","30","1.06","0.0","0.0","0.0","0.0","0.0","--","--","--","0:00","12.0","0:00","Nie","02:38.64","6","0.0","00:31:38","00:31:44","142","152"
Ch贸d sportowy,2021-03-30 00:00:00,false,"spacer","5.00","412","01:00:00","--","--","--","--","--","12:00","--","--","--","0.00","0.0","0.0","0.0","0.0","0.0","--","--","--","0:00","0.0","0:00","Nie","01:00:00.00","1","0.0","00:00:00","01:00:00","--","--"
Bieganie,2021-03-27 12:00:50,false,"Gdask Bieg","5.54","385","00:32:13","143","174","3.2","161","169","5:49","5:01","29","28","1.07","0.0","0.0","0.0","0.0","0.0","--","--","--","0:00","18.0","0:00","Nie","03:03.87","6","0.0","00:32:07","00:32:13","143","154"
Chodzenie,2021-03-21 10:38:57,false,"Gdask Spacerowanie","5.67","368","01:05:27","101","115","0.5","114","127","11:32","7:38","26","36","0.76","0.0","0.0","0.0","0.0","0.0","--","--","--","0:00","10.0","0:00","Nie","07:14.97","6","0.0","01:05:08","01:05:27","136","153"
Bieganie,2021-03-17 19:52:44,false,"Gdask Bieg","5.01","352","00:26:51","152","166","3.5","168","171","5:21","4:21","24","24","1.11","0.0","0.0","0.0","0.0","0.0","--","--","--","0:00","5.0","0:00","Nie","00:04.23","6","0.0","00:26:49","00:26:51","145","156"
Chodzenie,2021-03-16 15:18:03,false,"Gdask Spacerowanie","5.17","310","00:47:57","99","130","1.1","120","150","9:16","6:54","22","27","0.90","0.0","0.0","0.0","0.0","0.0","--","--","--","0:00","14.0","0:00","Nie","01:37.22","6","0.0","00:47:23","00:47:57","141","153"
Chodzenie,2021-03-14 16:22:47,false,"Gdask Spacerowanie","5.20","334","01:02:40","91","105","0.4","111","137","12:03","4:58","16","25","0.75","0.0","0.0","0.0","0.0","0.0","--","--","--","0:00","9.0","0:00","Nie","00:01.27","7","0.0","01:02:27","01:02:40","139","153"
Bieganie,2021-03-07 19:39:17,false,"Gdask Bieg","5.02","359","00:28:22","149","168","3.4","166","175","5:39","4:29","18","21","1.07","0.0","0.0","0.0","0.0","0.0","--","--","--","0:00","8.0","0:00","Nie","00:05.05","6","0.0","00:28:16","00:28:34","16","28"
Bieganie,2021-02-28 19:13:38,false,"Gdask Bieg","13.39","1,053","01:16:21","166","178","5.0","169","176","5:42","3:56","30","43","1.04","0.0","0.0","0.0","0.0","0.0","--","--","--","0:00","10.0","0:00","Nie","02:22.74","14","0.0","01:16:08","01:17:02","-3","26"
Bieganie,2021-02-27 18:30:57,false,"Gdask Bieg","10.25","772","00:56:29","159","170","4.7","168","176","5:31","4:44","29","31","1.08","0.0","0.0","0.0","0.0","0.0","--","--","--","0:00","9.0","0:00","Nie","01:21.87","11","0.0","00:56:26","00:56:29","145","158"
Bieganie,2021-02-24 18:36:59,false,"Gdask Bieg","10.02","713","00:55:08","154","164","4.1","166","171","5:30","4:41","10","12","1.09","0.0","0.0","0.0","0.0","0.0","--","--","--","0:00","13.0","0:00","Nie","00:03.83","11","0.0","00:55:02","00:55:08","1","7"
Bieganie,2021-02-13 13:30:26,false,"Gdask Bieg","11.09","846","01:07:24","156","171","3.7","166","171","6:05","4:50","123","124","0.99","0.0","0.0","0.0","0.0","0.0","--","--","--","0:00","8.0","0:00","Nie","00:30.08","12","0.0","01:07:15","01:07:24","89","151"
Bieganie,2021-02-06 13:21:10,false,"Gdask Bieg","10.01","715","00:54:27","156","167","4.0","170","174","5:26","4:48","10","9","1.08","0.0","0.0","0.0","0.0","0.0","--","--","--","0:00","5.0","0:00","Nie","00:02.40","11","0.0","00:54:20","00:54:27","2","9"
Bieganie,2021-02-04 19:49:51,false,"Gdask - bieg po paskim","14.01","1,040","01:17:32","162","177","5.0","168","171","5:32","4:52","8","11","1.08","0.0","0.0","0.0","0.0","0.0","--","--","--","0:00","6.0","0:00","Nie","00:03.54","15","0.0","01:17:26","01:17:32","3","8"
Bieganie,2021-02-02 18:04:57,false,"Gdask - bieg po paskim","12.01","867","01:06:33","158","180","4.2","166","171","5:32","4:59","10","15","1.09","0.0","0.0","0.0","0.0","0.0","--","--","--","0:00","8.0","0:00","Nie","00:03.99","13","0.0","01:06:28","01:06:33","3","9"
Bieganie,2021-01-29 17:51:16,false,"Gdask - Trening biegowy","14.02","997","01:14:19","160","177","4.6","168","175","5:18","4:19","10","10","1.12","0.0","0.0","0.0","0.0","0.0","--","--","--","0:00","5.0","0:00","Nie","00:04.34","15","0.0","01:14:13","01:14:19","3","8"
Bieganie,2021-01-24 10:53:53,false,"Gdask Bieg po lodzie","11.24","832","01:07:11","153","174","3.7","167","178","5:58","4:47","122","122","1.00","0.0","0.0","0.0","0.0","0.0","--","--","--","0:00","9.0","0:00","Nie","01:27.78","12","0.0","01:07:01","01:07:11","89","155"
Bieganie,2021-01-20 18:05:55,false,"Gdask - bieg po paskim","12.01","917","01:04:44","166","184","5.0","166","176","5:23","4:29","8","11","1.12","0.0","0.0","0.0","0.0","0.0","--","--","--","0:00","11.0","0:00","Nie","00:04.16","13","0.0","01:04:38","01:04:44","2","9"
Chodzenie,2021-01-17 15:18:30,false,"Gdask Spacerowanie","4.87","421","01:37:37","93","133","0.4","61","143","20:02","8:07","30","40","0.97","0.0","0.0","0.0","0.0","0.0","--","--","--","0:00","15.0","0:00","Nie","12:08.03","5","0.0","01:04:30","01:37:37","129","150"
Chodzenie,2021-01-17 15:14:36,false,"Gdask Spacerowanie","0.00","--","00:00:05.0","104","106","--","--","--","--","--","--","--","0.00","0.0","0.0","0.0","0.0","0.0","--","--","--","0:00","28.0","0:00","Nie","00:01.32","2","0.0","00:00:00","00:00:05.0","150","150"
Bieganie,2021-01-17 12:03:45,false,"Gdask Bieg","15.42","1,326","01:33:36","168","185","5.0","167","174","6:04","4:46","149","142","0.98","0.0","0.0","0.0","0.0","0.0","--","--","--","0:00","0.0","0:00","Nie","00:02.05","17","0.0","01:33:33","01:33:36","56","160"
Chodzenie,2021-01-16 12:23:01,false,"Gdask Spacerowanie","3.43","358","01:16:10","93","136","0.3","43","226","22:12","5:52","26","25","1.11","0.0","0.0","0.0","0.0","0.0","--","--","--","0:00","14.0","0:00","Nie","09:40.90","4","0.0","00:42:10","06:12:14","137","152"
Bieganie,2021-01-13 17:11:21,false,"Gdask - bieg po paskim","10.01","725","00:52:59","162","179","4.6","167","173","5:18","4:40","10","9","1.13","0.0","0.0","0.0","0.0","0.0","--","--","--","0:00","7.0","0:00","Nie","00:03.73","11","0.0","00:52:55","00:52:59","--","7"
Bieganie,2021-01-10 13:43:30,false,"Gdask Bieg","14.55","1,105","01:25:33","159","172","4.2","165","169","5:53","4:41","66","64","1.03","0.0","0.0","0.0","0.0","0.0","--","--","--","0:00","6.0","0:00","Nie","03:15.07","15","0.0","01:25:28","01:25:33","135","152"
Bieganie,2021-01-09 09:01:09,false,"Gdask - bieg z podbiegam","9.00","669","00:56:52","152","179","3.6","148","237","6:19","3:49","69","73","1.09","0.0","0.0","0.0","0.0","0.0","--","--","--","0:00","9.0","0:00","Nie","00:01.11","29","0.0","00:56:25","00:56:52","108","152"
Bieganie,2021-01-07 17:24:41,false,"Gdask - Trening biegowy","10.02","739","00:53:07","159","181","4.6","165","171","5:18","4:19","8","9","1.14","0.0","0.0","0.0","0.0","0.0","--","--","--","0:00","7.0","0:00","Nie","00:06.67","11","0.0","00:53:02","00:53:07","1","4"
Bieganie,2021-01-06 12:11:39,false,"Gdask - Trening biegowy","5.01","346","00:28:23","145","168","3.2","164","171","5:40","4:57","17","16","1.07","0.0","0.0","0.0","0.0","0.0","--","--","--","0:00","7.0","0:00","Nie","00:02.21","6","0.0","00:28:18","00:28:23","142","152"
Bieganie,2021-01-02 13:29:00,false,"Gdask Bieg","21.22","1,565","02:04:18","159","181","4.5","167","173","5:51","4:50","164","173","1.02","0.0","0.0","0.0","0.0","0.0","--","--","--","0:00","6.0","0:00","Nie","01:16.12","22","0.0","02:04:05","02:04:18","85","160"
Chodzenie,2021-01-01 12:07:07,false,"呕ukowo Spacerowanie","4.05","268","00:45:39","81","123","0.5","107","162","11:17","6:52","19","16","0.83","0.0","0.0","0.0","0.0","0.0","--","--","--","0:00","12.0","0:00","Nie","00:30.81","5","0.0","00:44:01","00:45:39","129","144"
Chodzenie,2020-12-31 09:53:22,false,"Gdask Spacerowanie","0.74","52","00:06:54.6","92","99","0.4","111","139","9:20","2:22","6","1","0.97","0.0","0.0","0.0","0.0","0.0","--","--","--","0:00","19.0","0:00","Nie","06:54.60","1","0.0","00:06:43","00:10:27","137","145"
Bieganie,2020-12-30 14:19:13,false,"Gdask Bieg","12.01","909","01:08:53","158","180","4.6","164","169","5:44","4:35","128","128","1.06","0.0","0.0","0.0","0.0","0.0","--","--","--","0:00","7.0","0:00","Nie","00:01.76","13","0.0","01:08:45","01:08:53","86","156"
Bieganie,2020-12-27 11:40:43,false,"Gdask Bieg","11.38","902","01:05:01","164","186","5.0","165","171","5:43","4:44","126","124","1.06","0.0","0.0","0.0","0.0","0.0","--","--","--","0:00","8.0","0:00","Nie","02:05.66","12","0.0","01:04:52","01:05:01","84","155"
Bieganie,2020-12-26 14:20:57,false,"Gdask Bieg","5.06","363","00:27:00","155","174","3.6","164","170","5:20","4:44","16","17","1.14","0.0","0.0","0.0","0.0","0.0","--","--","--","0:00","7.0","0:00","Nie","00:18.40","6","0.0","00:26:58","00:27:00","142","150"
Bieganie,2020-12-23 13:45:33,false,"Gdask Bieg","11.37","871","01:04:29","160","186","5.0","164","169","5:40","4:41","121","125","1.08","0.0","0.0","0.0","0.0","0.0","--","--","--","0:00","7.0","0:00","Nie","02:00.95","12","0.0","01:04:20","01:04:29","85","154"
Bieganie,2020-12-20 11:46:18,false,"Gdask Bieg","9.08","668","00:51:28","158","179","4.4","161","167","5:40","4:21","109","108","1.09","0.0","0.0","0.0","0.0","0.0","--","--","--","0:00","8.0","0:00","Nie","00:01.27","11","0.0","00:51:20","00:51:28","61","158"
Bieganie,2020-12-06 12:28:11,false,"Gdask Bieg","5.07","398","00:27:36","164","182","3.7","164","169","5:27","4:37","46","43","1.12","0.0","0.0","0.0","0.0","0.0","--","--","--","0:00","12.0","0:00","Nie","00:18.06","6","0.0","00:27:31","00:27:36","50","105"
Bieganie,2020-12-01 19:02:42,false,"Gdask Bieg","5.01","333","00:25:10","151","166","3.2","165","171","5:01","4:32","21","21","1.20","0.0","0.0","0.0","0.0","0.0","--","--","--","0:00","4.0","0:00","Nie","00:01.92","6","0.0","00:25:08","00:25:10","142","151"
Jazda g贸rska,2020-11-29 11:23:09,false,"Gdask Jazda g贸rska","40.09","1,240","02:12:06","132","173","3.3","--","--","18.2","36.8","238","241","0.00","0.0","0.0","0.0","0.0","0.0","--","--","--","0:00","6.0","0:00","Nie","00:31.88","9","0.0","02:11:02","02:57:10","-2","160"
Bieganie,2020-11-28 10:47:54,false,"Gdask Bieg","11.24","869","01:04:29","158","177","4.5","164","169","5:44","4:43","121","120","1.06","0.0","0.0","0.0","0.0","0.0","--","--","--","0:00","9.0","0:00","Nie","01:16.71","12","0.0","01:04:19","01:04:29","87","155"
Bieganie,2020-11-25 10:27:49,false,"Gdask Bieg","5.58","413","00:31:02","159","184","3.4","164","171","5:34","4:50","25","25","1.10","0.0","0.0","0.0","0.0","0.0","--","--","--","0:00","11.0","0:00","Nie","03:04.52","6","0.0","00:30:56","00:31:02","139","149"
Bieganie,2020-11-22 14:38:04,false,"Gdask Bieg","5.58","352","00:28:37","144","162","3.1","165","173","5:08","4:29","26","31","1.18","0.0","0.0","0.0","0.0","0.0","--","--","--","0:00","9.0","0:00","Nie","02:53.93","6","0.0","00:28:34","00:28:37","137","148"
Bieganie,2020-11-21 12:52:31,false,"Gdask Bieg","5.34","389","00:30:18","150","165","3.2","164","169","5:40","4:51","32","28","1.07","0.0","0.0","0.0","0.0","0.0","--","--","--","0:00","8.0","0:00","Nie","01:42.53","6","0.0","00:30:14","00:30:18","139","152"
Chodzenie,2020-11-20 15:26:00,false,"Gdask Spacerowanie","5.60","375","00:50:28","104","146","1.3","126","237","9:01","3:33","21","25","0.88","0.0","0.0","0.0","0.0","0.0","--","--","--","0:00","7.0","0:00","Nie","05:43.55","6","0.0","00:50:11","00:50:28","131","142"
Bieganie,2020-11-19 14:54:25,false,"Gdask Bieg","5.53","423","00:30:00","163","180","3.7","165","169","5:25","4:40","27","33","1.12","0.0","0.0","0.0","0.0","0.0","--","--","--","0:00","14.0","0:00","Nie","02:44.69","6","0.0","00:29:53","00:30:00","135","148"
Bieganie,2020-11-14 09:42:47,false,"Gdask Bieg","5.52","374","00:30:22","146","170","3.1","165","171","5:30","4:26","24","25","1.10","0.0","0.0","0.0","0.0","0.0","--","--","--","0:00","12.0","0:00","Nie","02:41.47","6","0.0","00:30:15","00:30:22","138","149"
Bieganie,2020-11-11 10:41:14,false,"Gdask Bieg","11.39","870","01:01:31","167","186","4.7","166","171","5:24","4:41","66","63","1.11","0.0","0.0","0.0","0.0","0.0","--","--","--","0:00","11.0","0:00","Nie","02:04.74","12","0.0","01:01:27","01:01:31","139","162"
Bieganie,2020-11-08 10:36:08,false,"Gdask Bieg","8.39","628","00:46:54","159","181","4.2","164","171","5:35","4:09","98","103","1.09","0.0","0.0","0.0","0.0","0.0","--","--","--","0:00","15.0","0:00","Nie","02:04.18","9","0.0","00:46:46","00:46:54","61","164"
Bieganie,2020-11-07 12:33:31,false,"Gdask Bieg","5.56","381","00:30:04","148","167","3.2","164","169","5:24","4:35","23","24","1.13","0.0","0.0","0.0","0.0","0.0","--","--","--","0:00","14.0","0:00","Nie","02:51.21","6","0.0","00:29:58","00:30:04","138","149"
Bieganie,2020-11-03 15:40:26,false,"Gdask Bieg","5.50","399","00:29:51","157","177","3.5","165","171","5:26","4:44","22","25","1.12","0.0","0.0","0.0","0.0","0.0","--","--","--","0:00","14.0","0:00","Nie","02:35.06","6","0.0","00:29:44","00:29:51","138","148"
Bieganie,2020-10-31 09:46:46,false,"Gdask Bieg","15.04","1,204","01:28:37","163","182","5.0","167","171","5:54","4:33","167","173","1.02","0.0","0.0","0.0","0.0","0.0","--","--","--","0:00","12.0","0:00","Nie","00:11.88","16","0.0","01:28:27","01:28:37","85","147"
Bieganie,2020-10-29 07:24:50,false,"Gdask Bieg","11.28","891","01:08:20","158","175","4.2","165","174","6:03","4:47","119","121","1.00","0.0","0.0","0.0","0.0","0.0","--","--","--","0:00","13.0","0:00","Nie","01:25.30","12","0.0","01:08:07","01:08:21","87","153"
Bieganie,2020-10-25 10:57:48,false,"Gdask Bieg","8.31","572","00:47:54","163","186","4.7","164","173","5:46","4:24","95","95","1.05","0.0","0.0","0.0","0.0","0.0","--","--","--","0:00","19.0","0:00","Nie","01:37.42","9","0.0","00:47:46","00:47:54","65","162"
Bieganie,2020-10-24 12:51:16,false,"Gdask Bieg","5.54","329","00:31:02","146","159","3.2","164","169","5:36","4:59","23","26","1.09","0.0","0.0","0.0","0.0","0.0","--","--","--","0:00","16.0","0:00","Nie","02:50.40","6","0.0","00:30:54","00:31:02","138","150"
Bieganie,2020-10-22 15:31:58,false,"Gdask Bieg","11.40","899","01:06:59","163","185","4.9","163","167","5:53","4:38","117","121","1.05","0.0","0.0","0.0","0.0","0.0","--","--","--","0:00","19.0","0:00","Nie","02:17.87","12","0.0","01:06:47","01:06:59","85","149"
Bieganie,2020-10-19 17:03:25,false,"Gdask Bieg","5.57","336","00:30:58","153","169","3.5","163","169","5:34","4:19","22","27","1.11","0.0","0.0","0.0","0.0","0.0","--","--","--","0:00","11.0","0:00","Nie","00:01.60","8","0.0","00:30:42","00:30:58","137","147"
Bieganie,2020-10-17 13:26:58,false,"Gdask Bieg","10.13","628","00:56:56","156","177","4.4","164","169","5:37","4:33","99","95","1.08","0.0","0.0","0.0","0.0","0.0","--","--","--","0:00","12.0","0:00","Nie","00:36.87","11","0.0","00:56:49","00:56:56","52","159"
Bieganie,2020-10-16 16:06:24,false,"Gdask Bieg","5.53","334","00:30:38","155","177","3.7","163","171","5:32","4:51","21","23","1.11","0.0","0.0","0.0","0.0","0.0","--","--","--","0:00","14.0","0:00","Nie","02:45.65","6","0.0","00:30:30","00:30:38","137","148"
Bieganie,2020-10-11 15:04:33,false,"Gdask Bieg","5.61","319","00:30:43","150","171","3.5","164","169","5:28","4:19","23","24","1.11","0.0","0.0","0.0","0.0","0.0","--","--","--","0:00","14.0","0:00","Nie","03:15.10","6","0.0","00:30:37","00:30:43","139","150"
Bieganie,2020-10-10 10:34:44,false,"Gdask Bieg","5.54","308","00:31:23","143","157","3.3","164","169","5:40","4:47","22","26","1.08","0.0","0.0","0.0","0.0","0.0","--","--","--","0:00","15.0","0:00","Nie","02:48.63","6","0.0","00:31:15","00:31:23","137","148"
Bieganie,2020-10-04 10:43:20,false,"Gdask Bieg","5.51","411","00:30:47","162","182","4.2","165","169","5:35","4:45","20","26","1.08","0.0","0.0","0.0","0.0","0.0","--","--","--","0:00","21.0","0:00","Nie","02:41.10","6","0.0","00:30:40","00:30:47","138","148"
Bieganie,2020-10-03 10:42:37,false,"Gdask Bieg","10.01","724","00:56:34","161","182","5.0","165","173","5:39","3:58","96","91","1.07","0.0","0.0","0.0","0.0","0.0","--","--","--","0:00","18.0","0:00","Nie","00:02.53","11","0.0","00:56:32","00:56:34","53","155"
Bieganie,2020-10-01 16:42:58,false,"Gdask Bieg","5.55","402","00:31:00","158","176","4.3","162","167","5:35","4:54","22","24","1.11","0.0","0.0","0.0","0.0","0.0","--","--","--","0:00","18.0","0:00","Nie","02:50.04","6","0.0","00:30:54","00:31:00","139","148"
Bieganie,2020-09-27 13:41:19,false,"Gdask Bieg","5.01","349","00:27:50","152","165","3.8","162","169","5:33","4:59","19","23","1.12","0.0","0.0","0.0","0.0","0.0","--","--","--","0:00","20.0","0:00","Nie","00:04.68","6","0.0","00:27:49","00:27:52","139","151"
Chodzenie,2020-09-20 16:43:58,false,"Gdask Spacerowanie","5.28","316","01:00:38","106","137","0.5","97","130","11:29","8:12","16","15","0.90","0.0","0.0","0.0","0.0","0.0","--","--","--","0:00","21.0","0:00","Nie","03:16.60","6","0.0","01:00:13","01:05:16","104","141"
Bieganie,2020-09-20 09:56:55,false,"Gdask Bieg","5.55","415","00:31:38","162","180","4.4","164","169","5:42","4:35","25","26","1.07","0.0","0.0","0.0","0.0","0.0","--","--","--","0:00","18.0","0:00","Nie","02:58.42","6","0.0","00:31:31","00:31:38","139","149"
Bieganie,2020-09-11 16:55:26,false,"Gdask Bieg","5.54","393","00:31:01","160","171","4.1","163","167","5:36","4:42","23","24","1.10","0.0","0.0","0.0","0.0","0.0","--","--","--","0:00","18.0","0:00","Nie","02:43.98","6","0.0","00:30:52","00:31:01","139","150"
Pywanie dugodystansowe,2020-09-06 15:21:42,false,"Hvar Pywanie dugodystansowe","1,444","318","01:08:05","--","--","--","--","--","4:42","0:10","--","--","0.00","0.0","0.0","0.0","0.0","0.0","--","--","--","0:00","30.0","0:00","Nie","19:37.07","3","0.0","01:03:38","01:08:07","--","--"
Pywanie dugodystansowe,2020-09-05 12:48:14,false,"Hvar Pywanie dugodystansowe","629","123","00:31:21","--","--","--","--","--","4:59","2:29","--","--","0.00","0.0","0.0","0.0","0.0","0.0","--","75","--","0:00","25.0","0:00","Nie","05:01.29","2","0.0","00:24:47","00:31:21","--","--"
Pywanie dugodystansowe,2020-09-04 13:59:19,false,"Hvar Pywanie dugodystansowe","41","9","00:13:49","--","--","--","--","--","33:20","0:30","--","--","0.00","0.0","0.0","0.0","0.0","0.0","410","754","29","0:00","24.0","0:00","Nie","13:49.47","1","0.0","00:11:10","00:19:08","--","--"
Jazda g贸rska,2020-08-30 12:29:03,false,"Gdask Jazda g贸rska","42.40","1,185","02:19:32","138","178","3.5","--","--","18.2","39.0","393","390","0.00","0.0","0.0","0.0","0.0","0.0","--","--","--","0:00","21.0","0:00","Nie","08:11.97","9","0.0","02:19:19","02:38:08","53","154"
Kolarstwo,2020-08-28 18:57:58,false,"Gdask Kolarstwo","3.13","95","00:09:31.2","132","149","2.0","--","--","19.7","30.6","12","16","0.00","0.0","0.0","0.0","0.0","0.0","--","--","--","0:00","21.0","0:00","Nie","09:31.25","1","0.0","00:09:16","00:18:03","147","158"
Kolarstwo,2020-08-28 12:54:34,false,"Gdask Kolarstwo","16.76","446","00:53:55","129","163","2.4","--","--","18.6","36.1","87","87","0.00","0.0","0.0","0.0","0.0","0.0","--","--","--","0:00","21.0","0:00","Nie","05:10.97","4","0.0","00:53:46","01:00:34","129","160"
Kolarstwo,2020-08-23 10:05:58,false,"Gdask Kolarstwo","27.94","776","01:26:34","139","176","3.4","--","--","19.4","32.4","158","159","0.00","0.0","0.0","0.0","0.0","0.0","--","--","--","0:00","24.0","0:00","Nie","08:55.97","6","0.0","01:26:11","01:41:22","121","151"
Jazda g贸rska,2020-08-20 17:44:27,false,"Gdask Jazda g贸rska","34.32","915","01:45:38","137","176","3.3","--","--","19.5","42.3","248","251","0.00","0.0","0.0","0.0","0.0","0.0","--","--","--","0:00","21.0","0:00","Nie","13:49.83","7","0.0","01:45:08","02:05:55","126","203"
Jazda g贸rska,2020-08-18 18:04:23,false,"Gdask Jazda g贸rska","27.94","766","01:30:34","129","167","2.6","--","--","18.5","42.9","214","224","0.00","0.0","0.0","0.0","0.0","0.0","--","--","--","0:00","20.0","0:00","Nie","08:47.91","6","0.0","01:29:59","02:08:27","7","159"
Pywanie dugodystansowe,2020-08-16 16:22:50,false,"Tremosine sul Garda Pywanie dugodystansowe","3","--","00:02:01.7","--","--","--","--","--","1:04:06","3:40","--","--","0.00","0.0","0.0","0.0","0.0","0.0","60","--","29","0:00","24.0","0:00","Nie","02:01.71","1","0.0","00:00:00","00:02:01.7","--","--"
Pywanie dugodystansowe,2020-08-15 15:13:48,false,"Ledro Pywanie relaksacyjne","106","26","00:02:37.5","--","--","--","--","--","2:29","0:48","--","--","0.00","0.0","0.0","0.0","0.0","0.0","78","56","29","0:00","23.0","0:00","Nie","02:37.51","1","0.0","00:02:37.5","00:02:37.5","--","--"
Kolarstwo,2020-08-14 15:43:57,false,"Nago-Torbole Nawiguj","27.63","1,128","01:58:45","144","189","5.0","--","--","14.0","45.6","547","552","0.00","0.0","0.0","0.0","0.0","0.0","--","--","--","0:00","22.0","0:00","Nie","01:58:44.77","1","0.0","01:57:57","02:45:12","66","603"
Kolarstwo,2020-08-08 18:11:50,false,"Dziemiany Kolarstwo","16.76","421","01:19:39","103","149","0.9","--","--","12.6","28.1","110","104","0.00","0.0","0.0","0.0","0.0","0.0","--","--","--","0:00","26.0","0:00","Nie","12:43.24","4","0.0","01:15:43","01:31:40","143","178"
Kolarstwo,2020-08-02 13:06:09,false,"Dziemiany Kolarstwo","13.15","330","00:58:36","108","143","1.0","--","--","13.5","37.4","138","123","0.00","0.0","0.0","0.0","0.0","0.0","--","--","--","0:00","26.0","0:00","Nie","13:58.13","3","0.0","00:58:02","01:12:32","156","192"
Kolarstwo,2020-08-01 11:14:40,false,"Dziemiany Kolarstwo","40.12","1,110","02:55:28","94","139","0.6","--","--","13.7","43.9","317","311","0.00","0.0","0.0","0.0","0.0","0.0","--","--","--","0:00","22.0","0:00","Nie","01:02.88","9","0.0","02:52:08","06:05:18","149","195"
Bieganie,2020-07-29 17:59:03,false,"Gdask Bieg","5.37","376","00:30:20","157","177","3.4","163","169","5:39","4:39","24","26","1.09","0.0","0.0","0.0","0.0","0.0","--","--","--","0:00","21.0","0:00","Nie","01:49.16","6","0.0","00:30:14","00:30:20","139","148"
Kolarstwo,2020-07-25 11:38:45,false,"Gdask Kolarstwo","73.72","1,891","04:02:10","105","162","1.6","--","--","18.3","39.9","319","309","0.00","0.0","0.0","0.0","0.0","0.0","--","--","--","0:00","18.0","0:00","Nie","12:25.08","15","0.0","00:00:00","06:34:32","-20","151"
Kolarstwo,2020-07-24 15:07:28,false,"Gdask Kolarstwo","30.21","813","01:37:22","98","125","0.5","--","--","18.6","40.6","225","212","0.00","0.0","0.0","0.0","0.0","0.0","--","--","--","0:00","16.0","0:00","Nie","00:41.97","7","0.0","01:35:36","03:04:05","-9","153"
Bieganie,2020-07-22 19:32:13,false,"Gdask Bieg","5.01","325","00:27:29","149","173","3.2","164","171","5:29","4:24","22","24","1.11","0.0","0.0","0.0","0.0","0.0","--","--","--","0:00","20.0","0:00","Nie","00:01.46","6","0.0","00:27:22","00:27:29","141","150"
Bieganie,2020-07-20 19:08:32,false,"Gdask Bieg","11.01","815","01:03:09","162","184","4.9","164","169","5:44","5:01","40","45","1.07","0.0","0.0","0.0","0.0","0.0","--","--","--","0:00","20.0","0:00","Nie","00:01.47","12","0.0","01:03:05","01:03:09","136","153"
Pywanie dugodystansowe,2020-07-17 14:47:43,false,"Karsin Pywanie dugodystansowe","76","12","00:06:04.1","--","--","--","--","--","7:58","0:49","--","--","0.00","0.0","0.0","0.0","0.0","0.0","45","134","7","0:00","29.0","0:00","Nie","06:04.12","1","0.0","00:00:00","00:06:04.1","--","--"
Kolarstwo,2020-07-16 18:01:26,false,"Karsin Kolarstwo","10.66","361","01:01:41","117","160","1.3","--","--","10.4","26.1","69","75","0.00","0.0","0.0","0.0","0.0","0.0","--","--","--","0:00","18.0","0:00","Nie","02:38.71","3","0.0","00:58:39","01:34:51","134","150"
Kolarstwo,2020-07-15 10:52:22,false,"Karsin Kolarstwo","40.50","1,081","02:38:41","82","109","0.2","--","--","15.3","40.5","258","239","0.00","0.0","0.0","0.0","0.0","0.0","--","--","--","0:00","25.0","0:00","Nie","01:49.09","9","0.0","02:36:28","03:32:57","141","193"
Bieganie,2020-07-15 07:41:44,false,"Karsin Bieg","5.01","363","00:29:18","155","176","3.4","164","169","5:51","4:58","13","15","1.04","0.0","0.0","0.0","0.0","0.0","--","--","--","0:00","21.0","0:00","Nie","00:02.33","6","0.0","00:29:07","00:29:25","139","147"
Kolarstwo,2020-07-14 11:19:46,false,"Karsin Kolarstwo","20.50","524","01:49:44","78","83","0.1","--","--","11.2","28.5","136","125","0.00","0.0","0.0","0.0","0.0","0.0","--","--","--","0:00","22.0","0:00","Nie","02:48.77","5","0.0","01:48:28","02:15:46","141","179"
Kolarstwo,2020-07-13 13:34:30,false,"Karsin Kolarstwo","7.20","206","00:33:30","106","124","0.3","--","--","12.9","38.2","58","60","0.00","0.0","0.0","0.0","0.0","0.0","--","--","--","0:00","18.0","0:00","Nie","09:50.08","2","0.0","00:32:34","00:38:02","134","178"
Kolarstwo,2020-07-13 11:57:03,false,"Karsin Kolarstwo","9.12","251","00:46:23","111","137","0.7","--","--","11.8","26.4","57","50","0.00","0.0","0.0","0.0","0.0","0.0","--","--","--","0:00","17.0","0:00","Nie","21:53.88","2","0.0","00:42:12","00:54:49","140","170"
Bieganie,2020-07-13 07:28:02,false,"Karsin Bieg","7.01","536","00:41:54","163","180","4.1","164","171","5:59","4:16","36","39","1.02","0.0","0.0","0.0","0.0","0.0","--","--","--","0:00","15.0","0:00","Nie","00:02.24","8","0.0","00:41:50","00:41:54","135","150"
Bieganie,2020-07-11 15:29:26,false,"Gdask Bieg","11.01","824","01:01:50","163","184","5.0","165","169","5:37","4:53","56","63","1.08","0.0","0.0","0.0","0.0","0.0","--","--","--","0:00","20.0","0:00","Nie","00:02.50","12","0.0","01:01:47","01:01:50","139","155"
Bieganie,2020-07-10 19:43:29,false,"Gdask Bieg","5.01","352","00:27:47","154","172","3.4","163","167","5:33","4:31","21","25","1.10","0.0","0.0","0.0","0.0","0.0","--","--","--","0:00","21.0","0:00","Nie","00:01.27","6","0.0","00:27:44","00:27:47","140","150"
Bieganie,2020-07-08 17:03:18,false,"Gdask Bieg","10.01","728","00:57:20","160","178","4.4","165","171","5:44","4:20","92","93","1.06","0.0","0.0","0.0","0.0","0.0","--","--","--","0:00","18.0","0:00","Nie","00:02.16","11","0.0","00:57:17","00:57:20","53","156"
Kolarstwo,2020-07-07 18:48:39,false,"Sopot Kolarstwo","15.01","427","00:56:45","106","132","0.6","--","--","15.9","25.4","161","21","0.00","0.0","0.0","0.0","0.0","0.0","--","--","--","0:00","15.0","0:00","Nie","00:03.81","4","0.0","00:56:35","01:03:15","-5","146"
Jazda g贸rska,2020-07-07 17:36:38,false,"Gdask Jazda g贸rska","14.73","302","00:42:09","108","149","1.2","--","--","21.0","38.6","54","200","0.00","0.0","0.0","0.0","0.0","0.0","--","--","--","0:00","16.0","0:00","Nie","00:01.04","5","0.0","00:41:32","00:49:35","4","151"
Bieganie,2020-07-05 10:05:22,false,"Gdask Bieg","5.49","421","00:31:09","168","182","4.0","166","169","5:40","4:34","27","27","1.06","0.0","0.0","0.0","0.0","0.0","--","--","--","0:00","23.0","0:00","Nie","02:28.46","6","0.0","00:31:01","00:31:09","139","151"
Bieganie,2020-07-04 07:27:08,false,"Gdask Bieg","5.13","394","00:31:30","155","177","3.4","164","169","6:08","4:58","42","70","1.00","0.0","0.0","0.0","0.0","0.0","--","--","--","0:00","20.0","0:00","Nie","00:57.18","6","0.0","00:31:22","00:31:30","87","145"
Chodzenie,2020-07-03 18:52:49,false,"Gdask Spacerowanie","5.01","326","00:48:59","89","114","0.7","109","231","9:46","5:46","12","19","0.95","0.0","0.0","0.0","0.0","0.0","--","--","--","0:00","22.0","0:00","Nie","00:08.37","6","0.0","00:48:46","01:00:23","144","153"
Bieganie,2020-07-01 13:37:22,false,"Gdask Bieg","5.53","413","00:30:55","163","180","3.9","163","169","5:35","4:36","21","22","1.10","0.0","0.0","0.0","0.0","0.0","--","--","--","0:00","23.0","0:00","Nie","02:45.48","6","0.0","00:30:48","00:30:55","138","150"
Bieganie,2020-06-27 12:16:23,false,"Gdask Bieg","5.44","380","00:32:52","145","176","3.2","162","167","6:03","4:44","24","25","1.02","0.0","0.0","0.0","0.0","0.0","--","--","--","0:00","25.0","0:00","Nie","02:32.15","6","0.0","00:32:44","00:32:52","139","149"
Kolarstwo,2020-06-21 14:02:08,false,"Gdask Kolarstwo","13.25","381","01:03:56","114","149","1.7","--","--","12.4","30.5","93","91","0.00","0.0","0.0","0.0","0.0","0.0","--","--","--","0:00","23.0","0:00","Nie","15:29.93","3","0.0","01:03:20","02:14:39","72","150"
Bieganie,2020-06-21 08:16:00,false,"Gdask Bieg","5.01","343","00:28:17","149","174","3.3","165","170","5:39","4:59","19","21","1.07","0.0","0.0","0.0","0.0","0.0","--","--","--","0:00","24.0","0:00","Nie","00:01.46","7","0.0","00:28:08","00:28:17","140","151"
Kolarstwo,2020-06-20 11:24:46,false,"Gdask Kolarstwo","40.63","1,301","03:22:40","124","165","2.6","--","--","12.0","32.9","326","299","0.00","0.0","0.0","0.0","0.0","0.0","--","--","--","0:00","22.0","0:00","Nie","05:39.67","9","0.0","03:15:10","05:57:45","6","165"
Kolarstwo,2020-06-19 17:50:07,false,"Gdask Kolarstwo","15.05","462","00:51:15","129","166","2.3","--","--","17.6","40.6","161","174","0.00","0.0","0.0","0.0","0.0","0.0","--","--","--","0:00","19.0","0:00","Nie","00:16.88","4","0.0","00:50:44","00:56:26","99","163"
Bieganie,2020-06-18 17:14:29,false,"Gdask Bieg","5.58","407","00:31:35","159","183","4.0","163","169","5:40","4:43","20","29","1.09","0.0","0.0","0.0","0.0","0.0","--","--","--","0:00","22.0","0:00","Nie","03:09.05","6","0.0","00:31:26","00:31:35","137","148"
Kolarstwo,2020-06-14 10:48:52,false,"Gdask Kolarstwo","39.79","1,415","03:26:36","120","158","2.2","--","--","11.6","41.1","347","345","0.00","0.0","0.0","0.0","0.0","0.0","--","--","--","0:00","21.0","0:00","Nie","17:35.94","8","0.0","03:12:39","06:12:18","133","215"
Bieganie,2020-06-13 16:42:38,false,"Gdask Bieg","5.51","422","00:31:27","166","184","4.4","164","169","5:43","5:03","21","25","1.07","0.0","0.0","0.0","0.0","0.0","--","--","--","0:00","22.0","0:00","Nie","02:49.16","6","0.0","00:31:21","00:31:27","138","148"
Kolarstwo,2020-06-13 09:38:16,false,"Gdask Kolarstwo","20.63","667","02:12:57","110","179","2.3","--","--","9.3","26.2","145","154","0.00","0.0","0.0","0.0","0.0","0.0","--","--","--","0:00","21.0","0:00","Nie","04:48.16","5","0.0","02:03:44","06:38:52","59","157"
Bieganie,2020-06-12 16:15:34,false,"Gdask Bieg","5.54","444","00:31:39","172","182","4.6","164","169","5:43","4:24","23","23","1.07","0.0","0.0","0.0","0.0","0.0","--","--","--","0:00","25.0","0:00","Nie","02:53.82","6","0.0","00:31:31","00:31:39","139","151"
Kolarstwo,2020-06-11 10:54:45,false,"Gdask Kolarstwo","40.99","1,181","02:36:33","129","165","2.6","--","--","15.7","36.0","389","394","0.00","0.0","0.0","0.0","0.0","0.0","--","--","--","0:00","18.0","0:00","Nie","09:15.17","9","0.0","02:30:49","03:03:24","54","161"
Chodzenie,2020-06-08 10:13:13,false,"Gdask Spacerowanie","7.56","175","01:09:03","73","116","0.4","113","247","9:08","5:16","126","124","0.98","0.0","0.0","0.0","0.0","0.0","--","--","--","0:00","16.0","0:00","Nie","05:31.67","8","0.0","01:07:25","01:09:05","19","148"
Kolarstwo,2020-06-07 13:16:02,false,"Gdask Kolarstwo","24.68","746","01:33:38","125","166","2.5","--","--","15.8","31.9","182","184","0.00","0.0","0.0","0.0","0.0","0.0","--","--","--","0:00","21.0","0:00","Nie","14:26.87","5","0.0","01:33:19","02:57:19","2","155"
Bieganie,2020-06-07 10:17:16,false,"Gdask Bieg","5.01","382","00:27:54","164","182","4.2","164","169","5:34","4:28","22","24","1.09","0.0","0.0","0.0","0.0","0.0","--","--","--","0:00","21.0","0:00","Nie","00:02.28","6","0.0","00:27:46","00:27:54","140","150"
Chodzenie,2020-06-06 17:35:49,false,"Gdask Spacerowanie","2.19","160","00:30:00","101","133","0.6","62","179","13:43","0:51","4","16","1.24","0.0","0.0","0.0","0.0","0.0","--","--","--","0:00","22.0","0:00","Nie","02:45.84","3","0.0","00:22:04","00:46:59","138","150"
Kolarstwo,2020-06-06 13:41:42,false,"Gdask Kolarstwo","20.89","652","01:16:59","128","161","2.5","--","--","16.3","34.0","145","148","0.00","0.0","0.0","0.0","0.0","0.0","--","--","--","0:00","16.0","0:00","Nie","03:25.55","5","0.0","01:16:44","02:34:27","73","151"
Bieganie,2020-06-04 16:38:17,false,"Gdask Bieg","5.47","459","00:31:53","170","186","4.7","162","167","5:50","4:44","21","22","1.06","0.0","0.0","0.0","0.0","0.0","--","--","--","0:00","20.0","0:00","Nie","02:28.70","6","0.0","00:31:51","00:31:53","139","149"
Kolarstwo,2020-05-30 14:46:47,false,"Karsin Kolarstwo","10.82","547","01:03:02","129","156","2.5","--","--","10.3","36.2","70","74","0.00","0.0","0.0","0.0","0.0","0.0","--","--","--","0:00","23.0","0:00","Nie","00:07.41","4","0.0","00:58:00","01:13:01","140","161"
Kolarstwo,2020-05-30 11:58:32,false,"Karsin Kolarstwo","12.61","343","01:00:04","85","124","0.2","--","--","12.6","33.3","132","131","0.00","0.0","0.0","0.0","0.0","0.0","--","--","--","0:00","19.0","0:00","Nie","17:05.26","3","0.0","00:58:25","01:16:07","134","195"
Kolarstwo,2020-05-26 17:45:52,false,"Gdask Kolarstwo","15.16","406","00:48:28","110","137","1.1","--","--","18.8","40.3","124","127","0.00","0.0","0.0","0.0","0.0","0.0","--","--","--","0:00","12.0","0:00","Nie","00:32.69","4","0.0","00:47:38","00:48:28","53","155"
Kolarstwo,2020-05-24 16:24:15,false,"Gdask Kolarstwo","15.88","431","01:06:02","101","132","0.7","--","--","14.4","36.1","128","135","0.00","0.0","0.0","0.0","0.0","0.0","--","--","--","0:00","12.0","0:00","Nie","11:35.20","4","0.0","01:05:48","01:08:36","45","150"
Bieganie,2020-04-30 18:04:44,false,"Gdask - Spokojny bieg","5.52","411","00:30:40","158","176","3.9","164","169","5:33","4:47","22","22","1.10","0.0","0.0","0.0","0.0","0.0","--","--","--","0:00","19.0","0:00","Nie","00:14.87","7","0.0","00:30:38","00:30:40","139","149"
Bieganie,2020-04-26 09:48:20,false,"Gdask - Spokojny bieg","14.56","953","01:25:02","156","175","4.6","162","173","5:50","4:01","158","161","1.06","0.0","0.0","0.0","0.0","0.0","--","--","--","0:00","14.0","0:00","Nie","00:01.83","17","0.0","01:24:57","01:25:02","50","155"
Bieganie,2020-04-23 17:12:20,false,"Gdask - Serie z prawie s","3.55","221","00:20:42","139","155","2.4","140","245","5:50","3:09","20","18","1.23","0.0","0.0","0.0","0.0","0.0","--","--","--","0:00","21.0","0:00","Nie","00:00.86","24","0.0","00:20:33","00:20:42","136","151"
Bieganie,2020-04-15 18:36:20,false,"Gdask - Serie z szybkim","7.45","511","00:48:55","140","169","3.1","129","237","6:34","3:18","36","37","1.19","0.0","0.0","0.0","0.0","0.0","--","--","--","0:00","11.0","0:00","Nie","00:30.00","29","0.0","00:47:47","00:48:56","136","150"
Bieganie,2020-04-13 11:10:53,false,"Gdask - Spokojny bieg","7.81","586","00:45:00","158","186","4.2","160","171","5:46","4:56","48","55","1.08","0.0","0.0","0.0","0.0","0.0","--","--","--","0:00","11.0","0:00","Nie","03:30.80","9","0.0","00:44:45","00:45:00","126","152"
Bieganie,2020-04-11 15:13:19,false,"Gdask - Spokojny bieg","13.10","944","01:15:28","151","174","4.2","164","200","5:46","4:54","68","67","1.06","0.0","0.0","0.0","0.0","0.0","--","--","--","0:00","17.0","0:00","Nie","03:41.62","14","0.0","01:15:24","01:15:28","120","152"
Bieganie,2020-04-10 06:54:44,false,"Gdask - Serie z prawie s","3.82","285","00:26:30","140","166","2.6","126","236","6:56","2:26","7","17","1.17","0.0","0.0","0.0","0.0","0.0","--","--","--","0:00","12.0","0:00","Nie","01:35.10","5","0.0","00:25:35","00:26:37","138","151"
Bieganie,2020-04-07 17:28:24,false,"Gdask - Spokojny bieg","6.84","466","00:40:00","145","172","3.3","158","169","5:51","4:45","31","35","1.08","0.0","0.0","0.0","0.0","0.0","--","--","--","0:00","18.0","0:00","Nie","03:21.32","8","0.0","00:39:52","00:40:00","138","150"
Bieganie,2020-04-06 19:06:23,false,"Gdask - Bieg wzorcowy","1.63","100","00:09:00","138","154","1.9","143","174","5:30","3:48","4","8","1.32","0.0","0.0","0.0","0.0","0.0","--","--","--","0:00","20.0","0:00","Nie","00:17.11","4","0.0","00:08:58.9","00:09:00","141","150"
Bieganie,2020-04-04 16:58:46,false,"Gdask Bieg","5.01","348","00:27:19","155","178","3.4","166","171","5:27","4:43","19","25","1.11","0.0","0.0","0.0","0.0","0.0","--","--","--","0:00","13.0","0:00","Nie","00:03.52","6","0.0","00:27:17","00:27:19","136","151"
Bieganie,2020-03-31 17:35:01,false,"Gdask Bieg","7.52","571","00:42:37","162","179","4.3","165","171","5:40","4:46","38","41","1.07","0.0","0.0","0.0","0.0","0.0","--","--","--","0:00","10.0","0:00","Nie","03:00.79","8","0.0","00:42:35","00:42:37","136","151"
Bieganie,2020-03-29 15:56:25,false,"Gdask Bieg","5.01","378","00:28:48","158","180","3.7","166","173","5:45","4:27","32","37","1.05","0.0","0.0","0.0","0.0","0.0","--","--","--","0:00","7.0","0:00","Nie","00:03.68","6","0.0","00:28:47","00:28:48","135","151"
Bieganie,2020-03-27 17:19:17,false,"Gdask Bieg","2.31","179","00:15:16","149","162","2.5","163","171","6:36","4:44","8","9","0.93","0.0","0.0","0.0","0.0","0.0","--","--","--","0:00","14.0","0:00","Nie","01:45.94","3","0.0","00:15:15","00:15:16","140","147"
Bieganie,2020-03-25 16:54:07,false,"Gdask Bieg","5.33","411","00:29:42","166","186","4.2","166","173","5:34","4:21","46","47","1.08","0.0","0.0","0.0","0.0","0.0","--","--","--","0:00","10.0","0:00","Nie","01:30.53","6","0.0","00:29:38","00:29:42","47","101"
Bieganie,2020-03-24 17:40:47,false,"Gdask Bieg","5.02","375","00:33:12","142","164","3.0","153","200","6:37","3:34","25","27","0.99","0.0","0.0","0.0","0.0","0.0","--","--","--","0:00","13.0","0:00","Nie","00:04.09","6","0.0","00:33:11","00:33:12","138","150"
Bieganie,2020-03-21 14:10:28,false,"Gdask Bieg","10.01","781","00:59:52","170","185","5.0","165","173","5:59","4:36","108","101","1.01","0.0","0.0","0.0","0.0","0.0","--","--","--","0:00","12.0","0:00","Nie","00:03.70","11","0.0","00:59:42","00:59:52","53","165"
Bieganie,2020-03-17 17:10:49,false,"Gdask Bieg","7.01","570","00:41:33","167","183","4.9","162","214","5:56","5:13","39","53","1.04","0.0","0.0","0.0","0.0","0.0","--","--","--","0:00","14.0","0:00","Nie","00:02.15","8","0.0","00:41:29","00:41:33","129","150"
Bieganie,2020-03-15 11:08:29,false,"Gdask Bieg","5.01","391","00:29:28","158","183","4.0","162","167","5:53","5:34","32","34","1.05","0.0","0.0","0.0","0.0","0.0","--","--","--","0:00","13.0","0:00","Nie","00:03.55","6","0.0","00:29:22","00:29:28","133","150"
Bieganie,2020-03-14 09:30:50,false,"Gdask Bieg","5.03","420","00:30:43","163","185","4.1","162","167","6:07","5:06","23","34","1.01","0.0","0.0","0.0","0.0","0.0","--","--","--","0:00","8.0","0:00","Nie","00:10.47","6","0.0","00:30:40","00:30:43","133","150"
Bieganie,2020-02-09 11:03:26,false,"Gdask Biegi","5.02","447","00:29:01","174","191","5.0","164","167","5:47","5:20","26","23","1.05","0.0","0.0","0.0","0.0","0.0","--","--","--","0:00","11.0","0:00","Nie","00:06.94","6","0.0","00:28:52","00:29:01","137","152"
Bieganie,2020-01-01 08:01:30,false,"Mysakowice Biegi","5.01","354","00:28:52","146","160","3.3","165","171","5:46","4:43","29","39","1.05","0.0","0.0","0.0","0.0","0.0","--","--","--","0:00","6.0","0:00","Nie","00:03.57","6","0.0","00:28:44","00:28:52","367","392"
Bieganie,2019-12-31 13:37:32,false,"Mysakowice Biegi","5.19","388","00:30:00","156","171","3.6","162","167","5:47","4:42","63","66","1.07","0.0","0.0","0.0","0.0","0.0","--","--","--","0:00","9.0","0:00","Nie","01:13.46","6","0.0","00:29:55","00:30:00","374","393"
Narciarstwo rekreacyjne/snowboarding,2019-12-30 12:25:54,false,"Karpacz Resort Skiing/Snowboarding","5.46","120","00:25:33","95","127","0.4","--","--","12.8","37.0","--","754","0.00","0.0","0.0","0.0","0.0","0.0","--","--","--","0:00","18.0","0:00","Nie","01:58.100","6","0.0","00:25:15","02:26:45","-15","223"
Bieganie,2019-12-26 12:41:03,false,"Gdask Biegi","5.12","412","00:29:16","164","182","4.2","163","169","5:43","4:14","25","36","1.07","0.0","0.0","0.0","0.0","0.0","--","--","--","0:00","11.0","0:00","Nie","00:39.09","6","0.0","00:29:12","00:29:17","129","149"
Bieganie,2019-12-20 12:49:35,false,"Gdask Biegi","5.55","438","00:33:09","158","182","3.9","161","167","5:58","4:08","33","28","1.04","0.0","0.0","0.0","0.0","0.0","--","--","--","0:00","13.0","0:00","Nie","03:10.42","6","0.0","00:33:06","00:33:11","142","156"
Bieganie,2019-11-14 15:27:16,false,"Leszno Biegi","5.02","353","00:27:44","153","173","3.6","163","169","5:31","4:52","3","10","1.11","0.0","0.0","0.0","0.0","0.0","--","--","--","0:00","10.0","0:00","Nie","00:06.50","6","0.0","00:27:40","00:27:44","81","87"
Bieganie,2019-11-11 10:26:15,false,"Gdask Biegi","5.01","397","00:27:43","167","184","4.3","163","169","5:32","4:41","18","25","1.11","0.0","0.0","0.0","0.0","0.0","--","--","--","0:00","12.0","0:00","Nie","00:02.95","6","0.0","00:27:40","00:27:43","134","150"
Bieganie,2019-11-03 09:34:29,false,"Gdask Biegi","10.06","771","01:04:02","157","181","3.9","166","171","6:22","0:16","342","93","0.95","0.0","0.0","0.0","0.0","0.0","--","--","--","0:00","14.0","0:00","Nie","00:18.31","11","0.0","01:03:57","01:04:02","-56","298"
Bieganie,2019-08-24 07:37:24,false,"Arco Biegi","5.01","359","00:27:23","158","178","3.8","166","171","5:28","4:49","25","22","1.10","0.0","0.0","0.0","0.0","0.0","--","--","--","0:00","22.0","0:00","Nie","00:01.87","6","0.0","00:27:15","00:27:23","100","117"
Bieganie,2019-08-20 07:24:00,false,"Arco Biegi","5.01","351","00:28:09","151","167","3.5","165","169","5:37","4:32","24","23","1.08","0.0","0.0","0.0","0.0","0.0","--","--","--","0:00","23.0","0:00","Nie","00:02.72","6","0.0","00:28:06","00:28:09","92","117"
Bieganie,2019-08-19 07:05:44,false,"Arco Biegi","5.01","376","00:28:31","162","174","3.9","165","171","5:42","4:55","22","22","1.06","0.0","0.0","0.0","0.0","0.0","--","--","--","0:00","23.0","0:00","Nie","00:03.17","6","0.0","00:28:23","00:28:31","94","109"
Bieganie,2019-08-18 08:06:29,false,"Arco Biegi","5.01","347","00:27:46","152","171","3.5","166","171","5:33","4:32","23","22","1.09","0.0","0.0","0.0","0.0","0.0","--","--","--","0:00","22.0","0:00","Nie","00:03.25","6","0.0","00:27:44","00:27:46","93","113"
Bieganie,2019-08-03 08:44:43,false,"Gdask Biegi","5.10","361","00:29:44","150","167","3.7","156","169","5:50","3:56","28","29","1.09","0.0","0.0","0.0","0.0","0.0","--","--","--","0:00","21.0","0:00","Nie","02:06.53","6","0.0","00:29:30","00:29:45","136","154"
Bieganie,2019-07-17 16:53:50,false,"Rawa Mazowiecka (Gmina) Biegi","5.09","360","00:28:04","159","173","3.7","166","211","5:31","4:53","31","38","1.09","0.0","0.0","0.0","0.0","0.0","--","--","--","0:00","22.0","0:00","Nie","00:27.51","6","0.0","00:27:58","00:28:04","127","153"
Bieganie,2019-07-14 09:08:14,false,"Gdask Biegi","5.01","375","00:28:11","164","178","4.3","166","171","5:37","3:57","21","31","1.07","0.0","0.0","0.0","0.0","0.0","--","--","--","0:00","22.0","0:00","Nie","00:03.32","6","0.0","00:27:56","00:28:11","135","150"
Bieganie,2019-07-11 13:01:10,false,"Gdask Biegi","10.03","798","00:57:52","170","186","5.0","164","169","5:46","4:23","154","149","1.05","0.0","0.0","0.0","0.0","0.0","--","--","--","0:00","21.0","0:00","Nie","00:08.14","11","0.0","00:57:33","00:57:52","54","153"
Bieganie,2019-07-10 12:03:11,false,"Gdask Biegi","5.53","405","00:31:13","161","181","4.0","163","169","5:39","3:52","24","26","1.08","0.0","0.0","0.0","0.0","0.0","--","--","--","0:00","19.0","0:00","Nie","02:56.64","6","0.0","00:30:53","00:31:13","140","151"
Bieganie,2019-07-06 09:49:39,false,"Gdask Biegi","5.56","483","00:31:50","170","188","5.0","164","169","5:43","4:38","26","23","1.07","0.0","0.0","0.0","0.0","0.0","--","--","--","0:00","19.0","0:00","Nie","03:17.77","6","0.0","00:31:34","00:31:50","140","151"
Bieganie,2019-05-19 12:25:24,false,"Gdask Biegi","6.01","404","00:31:30","149","159","3.3","168","172","5:14","4:46","17","21","1.14","0.0","0.0","0.0","0.0","0.0","--","--","--","0:00","20.0","0:00","Nie","00:06.14","7","0.0","00:31:20","00:31:30","139","152"
Bieganie,2019-05-15 17:57:28,false,"Gdask Biegi","10.54","767","00:55:50","161","181","4.8","167","171","5:18","4:33","54","54","1.13","0.0","0.0","0.0","0.0","0.0","--","--","--","0:00","9.0","0:00","Nie","02:45.94","11","0.0","00:55:18","00:55:50","138","162"
Bieganie,2019-05-12 09:06:56,false,"Gdask Biegi","14.01","998","01:17:45","155","170","4.5","165","211","5:33","4:23","210","205","1.09","0.0","0.0","0.0","0.0","0.0","--","--","--","0:00","14.0","0:00","Nie","00:02.66","15","0.0","01:17:09","01:17:45","55","155"
Bieganie,2019-05-11 07:48:15,false,"Gdask Biegi","7.01","509","00:37:54","157","180","3.8","165","173","5:24","4:29","20","39","1.12","0.0","0.0","0.0","0.0","0.0","--","--","--","0:00","14.0","0:00","Nie","00:03.64","8","0.0","00:37:35","00:37:54","130","150"
Bieganie,2019-05-08 14:50:14,false,"Gdask Biegi","5.01","343","00:26:30","154","167","3.2","166","171","5:17","3:48","22","21","1.14","0.0","0.0","0.0","0.0","0.0","--","--","--","0:00","17.0","0:00","Nie","00:01.76","6","0.0","00:26:16","00:26:30","139","153"
Bieganie,2019-05-05 09:25:18,false,"Gdask Biegi","12.01","991","01:10:12","166","186","5.0","163","175","5:51","4:04","169","179","1.05","0.0","0.0","0.0","0.0","0.0","--","--","--","0:00","12.0","0:00","Nie","00:03.81","13","0.0","01:09:35","01:10:27","53","146"
Bieganie,2019-05-01 08:58:11,false,"Gdask Biegi","12.01","863","01:06:13","154","182","4.6","166","180","5:31","3:52","62","58","1.09","0.0","0.0","0.0","0.0","0.0","--","--","--","0:00","16.0","0:00","Nie","00:03.79","13","0.0","01:05:39","01:06:13","138","151"
Bieganie,2019-04-29 12:30:45,false,"Gdask Biegi","9.02","692","00:56:02","156","177","3.6","158","193","6:13","3:46","110","113","1.02","0.0","0.0","0.0","0.0","0.0","--","--","--","0:00","15.0","0:00","Nie","00:09.26","10","0.0","00:55:28","00:56:02","56","154"
Bieganie,2019-04-27 09:14:24,false,"Gdask Biegi","10.01","789","00:58:35","157","177","4.3","165","169","5:51","4:47","40","42","1.04","0.0","0.0","0.0","0.0","0.0","--","--","--","0:00","23.0","0:00","Nie","00:02.88","11","0.0","00:58:08","00:58:35","132","154"
Bieganie,2019-04-25 18:02:56,false,"Gdask Biegi","8.01","631","00:44:41","160","181","4.4","164","169","5:35","3:48","31","36","1.09","0.0","0.0","0.0","0.0","0.0","--","--","--","0:00","25.0","0:00","Nie","00:04.17","9","0.0","00:44:19","00:44:41","132","151"
Bieganie,2019-04-20 08:56:45,false,"Gdask Biegi","5.24","421","00:29:37","164","191","4.4","164","170","5:39","2:37","28","26","1.08","0.0","0.0","0.0","0.0","0.0","--","--","--","0:00","17.0","0:00","Nie","01:19.89","6","0.0","00:29:17","00:29:37","140","153"
Kolarstwo,2019-04-18 17:24:02,false,"Gdask Kolarstwo","6.79","205","00:22:43","121","170","2.1","--","--","17.9","26.6","11","137","0.00","0.0","0.0","0.0","0.0","0.0","--","--","--","0:00","16.0","0:00","Nie","06:22.35","2","0.0","00:21:59","00:22:43","23","146"
Bieganie,2019-04-18 12:12:34,false,"Gdask Biegi","10.01","862","00:59:34","163","187","5.0","161","167","5:57","2:52","126","127","1.05","0.0","0.0","0.0","0.0","0.0","--","--","--","0:00","20.0","0:00","Nie","00:04.76","11","0.0","00:59:08","00:59:37","89","152"
Bieganie,2019-04-16 18:27:08,false,"Gdask Biegi","6.48","523","00:34:20","160","184","5.0","163","169","5:18","4:05","36","36","1.16","0.0","0.0","0.0","0.0","0.0","--","--","--","0:00","12.0","0:00","Nie","00:01.82","9","0.0","00:33:56","00:34:20","136","149"
Bieg przeajowy,2012-11-24 11:23:00,false,"Bieg","21.58","--","02:07:23","--","--","--","--","--","5:54","1:37","266","267","0.00","0.0","0.0","0.0","0.0","0.0","--","--","--","0:00","0.0","0:00","Nie","02:07:23.00","1","0.0","02:07:23","02:07:23","46","152"
Inne,2012-11-11 14:59:47,false,"Gdynia Bez kategorii","10.08","--","00:53:30","--","--","--","--","--","11.3","18.8","63","63","0.00","0.0","0.0","0.0","0.0","0.0","--","--","--","0:00","0.0","0:00","Nie","53:30.00","1","0.0","00:52:11","00:53:30","1","25"
