Activity Type,Date,Favorite,Title,Distance,Calories,Time,Avg HR,Max HR,Avg Run Cadence,Max Run Cadence,Avg Speed,Max Speed,Total Ascent,Total Descent,Avg Stride Length,Avg Vertical Ratio,Avg Vertical Oscillation,Training Stress Score®,Grit,Flow,Total Strokes,Avg. Swolf,Avg Stroke Rate,Dive Time,Min Temp,Surface Interval,Decompression,Best Lap Time,Number of Laps,Max Temp,Moving Time,Elapsed Time,Min Elevation,Max Elevation
Cycling,2022-05-15 14:50:33,false,"Warszawa Kolarstwo","32.24","745","01:38:03","136","170","--","--","19.7","31.5","63","49","0.00","0.0","0.0","0.0","0.0","0.0","--","--","--","0:00","0.0","0:00","No","07:51.12","7","0.0","01:36:50","01:45:11","82","111"
Cycling,2022-05-08 17:08:10,false,"Warszawa Kolarstwo","24.82","646","01:17:07","139","155","--","--","19.3","33.7","69","94","0.00","0.0","0.0","0.0","0.0","0.0","--","--","--","0:00","0.0","0:00","No","14:38.75","5","0.0","01:15:52","01:19:45","10","31"
Cross Country Classic Skiing,2022-04-02 13:30:14,false,"Warszawa Klasyczny bieg narciarski","8.41","579","01:52:58","125","157","--","--","4.5","9.7","26","22","0.00","0.0","0.0","0.0","0.0","0.0","--","--","--","0:00","0.0","0:00","No","09:40.100","3","0.0","01:27:35","01:52:58","104","122"
Elliptical,2022-03-15 20:12:17,false,"Orbitrek","0.00","556","01:01:10","148","171","74","235","--","--","--","--","0.00","0.0","0.0","0.0","0.0","0.0","--","--","--","0:00","0.0","0:00","No","01:01:10.04","1","0.0","00:00:00","01:01:10","--","--"
Elliptical,2022-03-09 17:07:05,false,"Orbitrek","0.00","337","00:42:43","137","163","85","204","--","--","--","--","0.00","0.0","0.0","0.0","0.0","0.0","--","--","--","0:00","0.0","0:00","No","42:43.42","1","0.0","00:00:00","00:42:43","--","--"
Elliptical,2022-03-07 21:05:22,false,"Orbitrek","0.00","354","00:52:54","126","164","76","191","--","--","--","--","0.00","0.0","0.0","0.0","0.0","0.0","--","--","--","0:00","0.0","0:00","No","52:54.11","1","0.0","00:00:00","00:52:54","--","--"
Walking,2022-03-06 15:29:49,false,"Warszawa Chodzenie","5.35","276","01:02:21","99","122","109","128","11:39","8:48","23","4","0.79","0.0","0.0","0.0","0.0","0.0","--","--","--","0:00","0.0","0:00","No","00:54.77","7","0.0","00:58:51","01:02:21","98","118"
Cross Country Classic Skiing,2022-02-14 16:50:18,false,"Zakopane Klasyczny bieg narciarski","5.22","517","01:44:57","120","160","--","--","3.0","14.5","127","153","0.00","0.0","0.0","0.0","0.0","0.0","--","--","--","0:00","0.0","0:00","No","00:02.23","8","0.0","01:04:25","01:44:57","882","935"
Cross Country Classic Skiing,2022-02-13 09:11:07,false,"Zakopane Klasyczny bieg narciarski","16.79","2,285","07:18:47","130","168","--","--","2.3","43.2","1,108","1,085","0.00","0.0","0.0","0.0","0.0","0.0","--","--","--","0:00","0.0","0:00","No","15:24.19","4","0.0","02:53:44","07:18:47","1,020","2,029"
Cross Country Classic Skiing,2022-02-12 11:18:44,false,"Kościelisko Klasyczny bieg narciarski","12.19","1,534","05:18:47","120","166","--","--","2.3","31.9","584","659","0.00","0.0","0.0","0.0","0.0","0.0","--","--","--","0:00","0.0","0:00","No","40:09.76","3","0.0","02:39:27","05:18:47","848","1,280"
Resort Skiing/Snowboarding,2022-02-12 11:18:29,false,"Narciarstwo rekreacyjne/snowboarding","0.00","--","00:00:00.6","--","--","--","--","--","--","--","--","0.00","0.0","0.0","0.0","0.0","0.0","--","--","--","0:00","0.0","0:00","No","00:00.64","1","0.0","00:00:00","00:20:25","--","--"
Skating,2022-02-01 18:38:28,false,"Warszawa Łyżwiarstwo ","11.75","495","01:00:55","138","158","31","160","11.6","17.9","11","29","6.80","0.0","0.0","0.0","0.0","0.0","--","--","--","0:00","0.0","0:00","No","03:32.08","12","0.0","00:56:36","01:00:55","81","86"
Skating,2022-02-01 18:22:23,false,"Warszawa Łyżwiarstwo ","3.01","130","00:15:13","136","155","28","160","11.9","16.8","13","13","7.40","0.0","0.0","0.0","0.0","0.0","--","--","--","0:00","0.0","0:00","No","00:03.34","4","0.0","00:14:05","00:15:13","79","104"
Skating,2022-01-29 12:04:32,false,"Warszawa Łyżwiarstwo ","16.02","657","01:31:55","134","153","19","246","10.5","45.2","25","25","10.13","0.0","0.0","0.0","0.0","0.0","--","--","--","0:00","0.0","0:00","No","00:02.95","17","0.0","01:21:20","01:31:55","80","89"
Running,2022-01-16 20:42:26,false,"Sopot Bieganie","5.51","335","00:31:52","162","179","168","211","5:47","4:59","16","2","1.03","0.0","0.0","0.0","0.0","0.0","--","--","--","0:00","0.0","0:00","No","02:53.07","6","0.0","00:31:44","00:31:52","-1","16"
Cycling,2022-01-15 13:43:18,false,"Gdańsk Kolarstwo","22.10","423","01:12:13","123","158","--","--","18.4","28.4","47","50","0.00","0.0","0.0","0.0","0.0","0.0","--","--","--","0:00","0.0","0:00","No","09:33.13","5","0.0","01:11:28","01:23:15","-25","1"
Walking,2022-01-09 14:05:55,false,"Poznań Chodzenie","4.16","211","00:48:08","103","122","93","134","11:35","0:49","6","170","0.93","0.0","0.0","0.0","0.0","0.0","--","--","--","0:00","0.0","0:00","No","00:07.69","5","0.0","00:41:52","00:48:08","54","62"
Walking,2022-01-05 13:23:53,false,"Alqwairah Aljdedah Chodzenie","4.98","424","01:45:19","100","158","62","235","21:09","4:12","152","141","0.78","0.0","0.0","0.0","0.0","0.0","--","--","--","0:00","0.0","0:00","No","12:58.40","5","0.0","01:01:57","01:45:19","1,042","1,155"
Walking,2022-01-03 13:55:43,false,"Aqaba Chodzenie","9.24","528","02:04:19","102","130","94","224","13:27","3:50","34","136","0.79","0.0","0.0","0.0","0.0","0.0","--","--","--","0:00","0.0","0:00","No","02:59.73","10","0.0","01:49:55","02:04:19","953","1,074"
Walking,2022-01-01 17:00:21,false,"Aqaba Chodzenie","3.45","277","04:38:42","90","116","13","193","--","8:51","54","26","1.55","0.0","0.0","0.0","0.0","0.0","--","--","--","0:00","0.0","0:00","No","03:40.38","5","0.0","00:45:42","04:38:42","960","1,006"
Cross Country Classic Skiing,2021-12-28 18:40:54,false,"Warszawa Klasyczny bieg narciarski","3.78","260","01:04:53","105","120","--","--","3.5","11.1","11","2","0.00","0.0","0.0","0.0","0.0","0.0","--","--","--","0:00","0.0","0:00","No","01:04:52.58","1","0.0","00:48:16","01:04:53","87","98"
Cross Country Classic Skiing,2021-12-26 12:50:03,false,"Komorniki Klasyczny bieg narciarski","7.00","369","01:09:24","107","131","--","--","6.1","15.1","48","26","0.00","0.0","0.0","0.0","0.0","0.0","--","--","--","0:00","0.0","0:00","No","20:11.63","2","0.0","01:02:03","01:09:24","99","123"
Cross Country Classic Skiing,2021-12-25 12:22:44,false,"Komorniki Klasyczny bieg narciarski","7.00","655","01:21:55","146","165","--","--","5.1","12.2","25","34","0.00","0.0","0.0","0.0","0.0","0.0","--","--","--","0:00","0.0","0:00","No","19:45.43","2","0.0","01:06:02","01:21:55","76","102"
Running,2021-12-12 13:54:39,false,"Warszawa Bieganie","5.25","333","00:30:12","168","188","171","187","5:45","5:02","21","--","1.02","0.0","0.0","0.0","0.0","0.0","--","--","--","0:00","0.0","0:00","No","01:31.73","6","0.0","00:30:11","00:30:12","88","109"
Walking,2021-11-28 12:05:55,false,"Poznań Chodzenie","5.51","303","00:58:42","111","129","112","240","10:39","8:53","11","7","0.84","0.0","0.0","0.0","0.0","0.0","--","--","--","0:00","0.0","0:00","No","05:18.16","6","0.0","00:56:39","00:58:42","60","71"
Cycling,2021-11-21 10:35:40,false,"Copenhagen Kolarstwo","40.39","806","03:06:10","110","157","--","--","13.0","34.4","65","83","0.00","0.0","0.0","0.0","0.0","0.0","--","--","--","0:00","0.0","0:00","No","01:54.23","9","0.0","02:58:46","05:25:02","-38","35"
Running,2021-11-20 10:05:42,false,"Copenhagen Bieganie","5.55","336","00:31:07","168","182","166","183","5:36","4:50","20","8","1.07","0.0","0.0","0.0","0.0","0.0","--","--","--","0:00","0.0","0:00","No","03:06.70","6","0.0","00:30:16","00:31:07","12","32"
Walking,2021-11-14 12:00:58,false,"Czorsztyn Chodzenie","6.82","598","01:59:24","109","158","77","249","17:29","0:16","542","526","0.75","0.0","0.0","0.0","0.0","0.0","--","--","--","0:00","0.0","0:00","No","01:13.40","9","0.0","01:36:17","01:59:24","458","993"
Running,2021-11-12 16:48:01,false,"Zakopane Bieganie","2.01","112","00:11:19","159","172","164","177","5:37","4:41","27","14","1.09","0.0","0.0","0.0","0.0","0.0","--","--","--","0:00","0.0","0:00","No","00:03.97","3","0.0","00:11:13","00:11:19","772","797"
Running,2021-11-09 21:44:16,false,"Warszawa Bieganie","5.14","298","00:27:41","168","186","167","249","5:23","4:51","13","7","1.11","0.0","0.0","0.0","0.0","0.0","--","--","--","0:00","0.0","0:00","No","00:42.99","6","0.0","00:27:40","00:27:41","166","177"
Running,2021-11-07 17:25:19,false,"Warszawa Bieganie","5.13","297","00:27:27","168","186","169","178","5:21","4:37","13","2","1.11","0.0","0.0","0.0","0.0","0.0","--","--","--","0:00","0.0","0:00","No","00:39.39","6","0.0","00:27:20","00:27:27","84","96"
Walking,2021-11-01 12:35:31,false,"Komorniki Chodzenie","2.00","135","00:39:43","96","113","60","179","19:49","9:55","13","7","0.84","0.0","0.0","0.0","0.0","0.0","--","--","--","0:00","0.0","0:00","No","00:03.32","3","0.0","00:30:38","00:39:43","117","129"
Walking,2021-10-31 11:36:21,false,"Komorniki Chodzenie","6.29","342","01:24:16","99","123","94","213","13:24","8:03","41","29","0.80","0.0","0.0","0.0","0.0","0.0","--","--","--","0:00","0.0","0:00","No","03:56.33","7","0.0","01:20:16","01:24:16","93","114"
Walking,2021-10-30 16:11:42,false,"Poznań Chodzenie","5.37","289","01:01:46","101","114","106","235","11:30","8:56","10","61","0.82","0.0","0.0","0.0","0.0","0.0","--","--","--","0:00","0.0","0:00","No","04:45.61","6","0.0","00:59:46","01:01:46","48","58"
Walking,2021-10-27 21:24:33,false,"Warszawa Chodzenie","4.60","253","00:56:47","101","120","109","241","12:21","7:07","33","10","0.75","0.0","0.0","0.0","0.0","0.0","--","--","--","0:00","0.0","0:00","No","08:30.29","5","0.0","00:52:32","00:56:47","78","86"
Running,2021-10-24 14:09:01,false,"Gdańsk Bieganie","5.02","291","00:27:04","167","188","168","181","5:24","4:35","32","29","1.10","0.0","0.0","0.0","0.0","0.0","--","--","--","0:00","0.0","0:00","No","00:06.77","6","0.0","00:27:03","00:27:04","6","38"
Running,2021-10-17 22:38:21,false,"Warszawa Bieganie","5.16","332","00:30:39","167","181","163","171","5:57","4:59","11","2","1.03","0.0","0.0","0.0","0.0","0.0","--","--","--","0:00","0.0","0:00","No","00:49.88","6","0.0","00:30:20","00:30:39","93","105"
Cycling,2021-10-17 12:32:40,false,"Warszawa Kolarstwo","17.46","399","01:22:54","114","167","--","--","12.6","24.7","48","42","0.00","0.0","0.0","0.0","0.0","0.0","--","--","--","0:00","0.0","0:00","No","16:38.61","4","0.0","01:06:09","01:38:52","82","120"
Cycling,2021-10-04 23:34:07,false,"Warszawa Kolarstwo","3.16","58","00:10:38","106","129","--","--","17.8","31.2","7","44","0.00","0.0","0.0","0.0","0.0","0.0","--","--","--","0:00","0.0","0:00","No","10:38.31","1","0.0","00:10:20","00:11:54","73","106"
Cycling,2021-10-04 18:06:43,false,"Warszawa Kolarstwo","3.49","84","00:14:10","113","144","--","--","14.8","25.7","34","5","0.00","0.0","0.0","0.0","0.0","0.0","--","--","--","0:00","0.0","0:00","No","14:10.41","1","0.0","00:13:36","00:23:30","85","116"
Cycling,2021-09-29 20:08:29,false,"Warszawa Kolarstwo","1.57","41","00:05:38.8","121","142","--","--","16.7","28.0","4","2","0.00","0.0","0.0","0.0","0.0","0.0","--","--","--","0:00","0.0","0:00","No","05:38.76","1","0.0","00:05:31","00:06:22.8","81","88"
Cycling,2021-09-29 18:48:31,false,"Warszawa Kolarstwo","1.57","49","00:06:11.0","128","147","--","--","15.2","20.1","12","--","0.00","0.0","0.0","0.0","0.0","0.0","--","--","--","0:00","0.0","0:00","No","06:11.00","1","0.0","00:06:01","00:06:21","85","92"
Cycling,2021-09-26 18:06:48,false,"Warszawa Kolarstwo","1.24","36","00:05:08.6","119","136","--","--","14.4","18.4","--","--","0.00","0.0","0.0","0.0","0.0","0.0","--","--","--","0:00","0.0","0:00","No","05:08.60","1","0.0","00:05:04","00:05:15.6","64","66"
Cycling,2021-09-26 17:53:30,false,"Warszawa Kolarstwo","1.59","45","00:06:59.3","115","131","--","--","13.7","18.9","2","2","0.00","0.0","0.0","0.0","0.0","0.0","--","--","--","0:00","0.0","0:00","No","06:59.33","1","0.0","00:06:47","00:08:59.3","80","85"
Running,2021-09-26 17:09:32,false,"Warszawa Bieganie","5.08","324","00:29:34","167","189","165","176","5:49","5:07","20","14","1.04","0.0","0.0","0.0","0.0","0.0","--","--","--","0:00","0.0","0:00","No","00:28.80","6","0.0","00:29:14","00:29:34","82","97"
Cycling,2021-09-25 12:04:03,false,"Gdańsk Kolarstwo","48.35","1,031","02:52:59","126","163","--","--","16.8","33.2","182","199","0.00","0.0","0.0","0.0","0.0","0.0","--","--","--","0:00","0.0","0:00","No","11:44.92","10","0.0","02:49:26","04:26:29","-41","55"
Cycling,2021-09-24 17:27:26,false,"Gdańsk Kolarstwo","33.31","639","01:48:35","126","158","--","--","18.4","32.5","79","170","0.00","0.0","0.0","0.0","0.0","0.0","--","--","--","0:00","0.0","0:00","No","12:44.74","7","0.0","01:47:19","02:18:17","4","53"
Hiking,2021-09-21 18:35:31,false,"Ledro Chodzenie","1.58","127","00:24:26","116","146","64","160","15:30","2:02","41","99","1.04","0.0","0.0","0.0","0.0","0.0","--","--","--","0:00","0.0","0:00","No","06:48.10","2","0.0","00:00:00","00:24:26","386","487"
Hiking,2021-09-21 17:28:21,false,"Ledro Chodzenie","0.79","150","00:27:50","113","146","19","154","35:23","6:54","10","87","1.47","0.0","0.0","0.0","0.0","0.0","--","--","--","0:00","0.0","0:00","No","27:49.85","1","0.0","00:00:00","00:27:50","384","482"
Hiking,2021-09-20 18:31:32,false,"Arco Chodzenie","1.67","117","00:32:15","94","126","67","164","19:15","10:09","--","251","0.78","0.0","0.0","0.0","0.0","0.0","--","--","--","0:00","0.0","0:00","No","09:11.73","2","0.0","00:00:00","00:32:15","57","309"
Hiking,2021-09-20 14:33:53,false,"Arco Chodzenie","1.92","300","00:43:35","129","165","53","206","22:44","6:23","266","18","0.83","0.0","0.0","0.0","0.0","0.0","--","--","--","0:00","0.0","0:00","No","21:15.57","2","0.0","00:00:00","00:43:35","123","358"
Cycling,2021-09-19 16:46:47,false,"Arco Kolarstwo","35.86","734","01:51:04","138","165","--","--","19.4","33.7","247","257","0.00","0.0","0.0","0.0","0.0","0.0","--","--","--","0:00","0.0","0:00","No","03:06.29","8","0.0","01:50:35","02:00:13","88","278"
Hiking,2021-09-19 11:56:37,false,"Drena Chodzenie","1.42","140","00:34:13","106","135","47","243","24:09","9:15","40","177","0.88","0.0","0.0","0.0","0.0","0.0","--","--","--","0:00","0.0","0:00","No","08:53.92","2","0.0","00:00:00","00:34:17","205","384"
Cycling,2021-09-14 19:23:31,false,"Warszawa Kolarstwo","3.23","77","00:12:57","112","123","--","--","14.9","20.3","2","--","0.00","0.0","0.0","0.0","0.0","0.0","--","--","--","0:00","0.0","0:00","No","12:56.89","1","0.0","00:12:21","00:15:10","84","88"
Cycling,2021-09-11 10:20:49,false,"Stegna Kolarstwo","85.55","2,091","05:07:40","131","167","--","--","16.7","33.5","288","492","0.00","0.0","0.0","0.0","0.0","0.0","--","--","--","0:00","0.0","0:00","No","03:38.97","19","0.0","05:05:14","06:18:16","--","34"
Walking,2021-09-10 19:11:23,false,"Gdańsk Chodzenie","6.25","368","01:30:42","104","134","84","216","14:31","9:30","8","4","0.83","0.0","0.0","0.0","0.0","0.0","--","--","--","0:00","0.0","0:00","No","03:11.83","7","0.0","00:00:00","01:30:42","14","23"
Walking,2021-09-09 18:18:15,false,"Gdańsk Chodzenie","6.89","413","01:24:54","117","136","94","244","12:20","9:27","6","2","0.87","0.0","0.0","0.0","0.0","0.0","--","--","--","0:00","0.0","0:00","No","10:54.67","7","0.0","00:00:00","01:24:54","-10","-2"
Gravel/Unpaved Cycling,2021-09-08 17:51:05,false,"Gdańsk Kolarstwo","21.13","486","01:26:07","124","167","--","--","14.7","32.9","194","186","0.00","0.0","0.0","0.0","0.0","0.0","--","--","--","0:00","0.0","0:00","No","03:10.82","5","0.0","01:21:11","02:09:08","48","147"
Walking,2021-09-05 15:52:12,false,"Gdańsk Chodzenie","7.41","497","02:05:45","104","138","74","230","16:58","5:39","37","31","0.84","0.0","0.0","0.0","0.0","0.0","--","--","--","0:00","0.0","0:00","No","05:56.04","8","0.0","00:00:00","02:05:45","-21","-2"
Rowing,2021-09-05 10:41:37,false,"Gdańsk Wiosłowanie","10,002","634","02:31:38","110","140","--","--","7:35","1:35","--","--","0.00","0.0","0.0","0.0","0.0","0.0","2669","--","--","0:00","0.0","0:00","No","00:03.59","21","0.0","00:00:00","02:31:38","--","--"
Cycling,2021-09-04 17:50:46,false,"Hel Kolarstwo","33.39","721","01:54:32","131","156","--","--","17.5","25.7","20","13","0.00","0.0","0.0","0.0","0.0","0.0","--","--","--","0:00","0.0","0:00","No","10:27.71","7","0.0","01:53:55","02:07:14","10","19"
Cycling,2021-09-04 13:30:34,false,"Władysławowo Kolarstwo","34.66","655","01:53:41","121","147","--","--","18.3","26.1","28","10","0.00","0.0","0.0","0.0","0.0","0.0","--","--","--","0:00","0.0","0:00","No","15:06.79","7","0.0","01:53:02","02:30:32","-1","10"
Cycling,2021-08-29 12:42:16,false,"Poznań Kolarstwo","6.41","169","00:22:21","130","155","--","--","17.2","25.2","24","18","0.00","0.0","0.0","0.0","0.0","0.0","--","--","--","0:00","0.0","0:00","No","05:18.67","2","0.0","00:22:06","00:26:00","84","97"
Walking,2021-08-28 13:44:55,false,"Kórnik Chodzenie","2.43","147","00:36:15","104","125","43","204","14:53","4:47","9","13","1.60","0.0","0.0","0.0","0.0","0.0","--","--","--","0:00","0.0","0:00","No","08:03.10","3","0.0","00:00:00","00:36:15","108","118"
Cycling,2021-08-22 15:42:56,false,"Somonino Kolarstwo","15.72","294","00:50:13","122","160","--","--","18.8","33.7","151","108","0.00","0.0","0.0","0.0","0.0","0.0","--","--","--","0:00","0.0","0:00","No","01:50.61","4","0.0","00:49:44","01:04:06","163","269"
Cycling,2021-08-22 13:30:37,false,"Somonino Kolarstwo","13.69","245","00:50:12","113","145","--","--","16.4","30.6","84","119","0.00","0.0","0.0","0.0","0.0","0.0","--","--","--","0:00","0.0","0:00","No","15:44.73","3","0.0","00:47:58","01:05:51","158","225"
Cycling,2021-08-21 18:44:54,false,"Gdańsk Kolarstwo","7.10","175","00:23:46","130","151","--","--","17.9","26.1","24","6","0.00","0.0","0.0","0.0","0.0","0.0","--","--","--","0:00","0.0","0:00","No","06:45.99","2","0.0","00:23:32","00:24:30","--","21"
Indoor Cycling,2021-08-21 18:05:05,false,"Jazda na rowerze treningowym","0.00","255","00:39:07","124","148","--","--","--","--","--","--","0.00","0.0","0.0","0.0","0.0","0.0","--","--","--","0:00","0.0","0:00","No","39:06.71","1","0.0","00:00:00","00:39:07","--","--"
Cycling,2021-08-21 16:12:24,false,"Gdańsk Kolarstwo","2.45","48","00:09:57.5","105","122","--","--","14.8","21.9","9","5","0.00","0.0","0.0","0.0","0.0","0.0","--","--","--","0:00","0.0","0:00","No","09:57.45","1","0.0","00:09:56","00:10:13","--","9"
Cycling,2021-08-21 12:30:19,false,"Gdańsk Kolarstwo","40.67","613","01:59:57","123","149","--","--","20.3","32.9","161","80","0.00","0.0","0.0","0.0","0.0","0.0","--","--","--","0:00","0.0","0:00","No","02:07.02","9","0.0","01:59:30","02:20:54","-15","35"
Pool Swimming,2021-08-15 13:54:34,false,"Pływanie w basenie","--","--","01:19:56","107","130","--","--","--","--","--","--","0.00","0.0","0.0","0.0","0.0","0.0","--","--","--","0:00","0.0","0:00","No","01:19:55.93","1","0.0","00:00:00","01:20:11","--","--"
Pool Swimming,2021-08-14 16:43:51,false,"Pływanie w basenie","767","173","00:16:53","130","156","--","--","2:12","0:44","--","--","0.00","0.0","0.0","0.0","0.0","0.0","479","65","28","0:00","0.0","0:00","No","16:52.67","1","0.0","00:00:00","00:16:56","--","--"
Pool Swimming,2021-08-14 16:22:22,false,"Pływanie w basenie","300","68","00:06:57.4","138","149","--","--","2:19","1:19","--","--","0.00","0.0","0.0","0.0","0.0","0.0","197","68","28","0:00","0.0","0:00","No","06:57.37","1","0.0","00:00:00","00:07:04.4","--","--"
Pool Swimming,2021-08-13 18:05:00,false,"Pływanie w basenie","1,267","303","00:19:38","119","146","--","--","1:33","0:37","--","--","0.00","0.0","0.0","0.0","0.0","0.0","525","45","27","0:00","0.0","0:00","No","19:38.44","1","0.0","00:00:00","00:19:43","--","--"
Walking,2021-08-13 17:52:14,false,"Atarfe Chodzenie","0.32","17","00:05:14.9","93","101","76","204","16:20","13:02","--","4","0.81","0.0","0.0","0.0","0.0","0.0","--","--","--","0:00","0.0","0:00","No","05:14.91","1","0.0","00:00:00","00:05:14.9","644","649"
Pool Swimming,2021-08-09 19:26:32,false,"Pływanie w basenie","2,300","536","00:39:44","124","146","--","--","1:42","0:38","--","--","0.00","0.0","0.0","0.0","0.0","0.0","1082","50","28","0:00","0.0","0:00","No","00:36.64","2","0.0","00:39:08","00:40:01","--","--"
Stand Up Paddleboarding,2021-08-09 19:01:15,false,"Albolote SUP","0.51","63","00:12:25","115","127","--","--","24:09","13:32","--","--","0.00","0.0","0.0","0.0","0.0","0.0","244","--","--","0:00","0.0","0:00","No","12:24.60","1","0.0","00:09:12","00:12:25","--","--"
Stand Up Paddleboarding,2021-08-09 18:20:32,false,"Albolote SUP","0.66","121","00:16:26","131","147","--","--","24:57","8:30","--","--","0.00","0.0","0.0","0.0","0.0","0.0","419","--","--","0:00","0.0","0:00","No","16:26.19","1","0.0","00:10:24","00:16:26","--","--"
Walking,2021-08-08 11:34:30,false,"Monachil Chodzenie","11.02","843","03:15:23","108","161","67","230","17:44","1:10","478","801","0.88","0.0","0.0","0.0","0.0","0.0","--","--","--","0:00","0.0","0:00","No","00:04.52","12","0.0","02:20:01","03:15:23","2,574","3,365"
Walking,2021-08-06 18:36:34,false,"Granada Chodzenie","5.35","337","01:37:30","91","122","63","164","18:14","7:32","39","25","0.90","0.0","0.0","0.0","0.0","0.0","--","--","--","0:00","0.0","0:00","No","05:55.47","6","0.0","01:11:53","01:37:30","671","694"
Pool Swimming,2021-08-03 18:50:03,false,"Pływanie w basenie","1,966","467","00:36:15","94","123","--","--","1:50","0:37","--","--","0.00","0.0","0.0","0.0","0.0","0.0","950","53","26","0:00","0.0","0:00","No","00:11.71","2","0.0","00:36:04","00:36:46","--","--"
Cycling,2021-07-31 17:16:00,false,"Pruszcz Gdański (Gmina) Kolarstwo","18.30","478","00:54:03","142","173","--","--","20.3","28.9","59","15","0.00","0.0","0.0","0.0","0.0","0.0","--","--","--","0:00","0.0","0:00","No","11:26.21","4","0.0","00:53:33","01:06:56","-8","45"
Cycling,2021-07-31 16:54:29,false,"Gdańsk Kolarstwo","0.01","--","00:00:04.0","101","101","--","--","8.0","8.0","--","--","0.00","0.0","0.0","0.0","0.0","0.0","--","--","--","0:00","0.0","0:00","No","00:04.05","1","0.0","00:00:00","00:00:04.0","--","--"
Cycling,2021-07-31 13:34:54,false,"Gdańsk Kolarstwo","20.83","401","01:00:37","124","153","--","--","20.6","33.9","26","43","0.00","0.0","0.0","0.0","0.0","0.0","--","--","--","0:00","0.0","0:00","No","02:47.37","5","0.0","01:00:04","01:09:06","5","22"
Cycling,2021-07-04 14:05:34,false,"Warszawa Kolarstwo","1.95","38","00:05:38.3","114","147","--","--","20.7","26.3","5","5","0.00","0.0","0.0","0.0","0.0","0.0","--","--","--","0:00","0.0","0:00","No","05:38.34","1","0.0","00:05:34","00:06:14.3","88","96"
Cycling,2021-06-27 09:22:48,false,"Gdańsk Kolarstwo","15.63","308","01:05:46","105","161","--","--","14.3","32.9","69","63","0.00","0.0","0.0","0.0","0.0","0.0","--","--","--","0:00","0.0","0:00","No","02:49.46","4","0.0","01:03:47","01:17:07","1","59"
Cycling,2021-06-25 19:47:58,false,"Gdańsk Kolarstwo","14.55","260","00:57:33","104","150","--","--","15.2","31.6","78","31","0.00","0.0","0.0","0.0","0.0","0.0","--","--","--","0:00","0.0","0:00","No","15:12.71","3","0.0","00:56:40","01:09:09","2","59"
Rowing,2021-06-20 09:53:22,false,"Lidzbark Wiosłowanie","18,577","1,631","06:10:25","105","152","--","--","9:58","1:43","--","--","0.00","0.0","0.0","0.0","0.0","0.0","4663","--","--","0:00","0.0","0:00","No","01:09.73","38","0.0","03:37:22","06:10:25","--","--"
Rowing,2021-06-19 10:06:40,false,"Lidzbark Wiosłowanie","13,841","1,249","04:57:44","108","168","--","--","10:45","1:47","--","--","0.00","0.0","0.0","0.0","0.0","0.0","3616","--","--","0:00","0.0","0:00","No","04:58.71","28","0.0","02:54:28","04:57:44","--","--"
Running,2021-06-02 23:33:05,false,"Bolesławiec (Gmina) Bieg","1.01","40","00:04:52.3","129","156","163","183","4:48","4:17","33","--","1.29","0.0","0.0","0.0","0.0","0.0","--","--","--","0:00","0.0","0:00","No","00:06.24","2","0.0","00:04:48","00:04:52.3","193","228"
Cycling,2021-05-29 19:48:09,false,"Jabłonna Kolarstwo","16.13","376","00:58:43","123","160","--","--","16.5","37.8","17","29","0.00","0.0","0.0","0.0","0.0","0.0","--","--","--","0:00","0.0","0:00","No","07:51.79","4","0.0","00:52:06","00:58:43","55","75"
Running,2021-05-23 13:20:23,false,"Poznań Bieg","5.03","320","00:28:13","165","184","162","246","5:37","4:38","18","32","1.11","0.0","0.0","0.0","0.0","0.0","--","--","--","0:00","0.0","0:00","No","00:18.23","11","0.0","00:27:07","00:28:13","44","69"
Cycling,2021-05-15 18:16:22,false,"Stegna Kolarstwo","12.37","329","00:39:30","135","152","--","--","18.8","27.6","16","12","0.00","0.0","0.0","0.0","0.0","0.0","--","--","--","0:00","0.0","0:00","No","00:13.56","5","0.0","00:37:54","00:39:30","11","23"
Cycling,2021-05-15 16:47:45,false,"Sztutowo Kolarstwo","7.30","357","01:17:22","108","159","--","--","5.7","24.5","32","27","0.00","0.0","0.0","0.0","0.0","0.0","--","--","--","0:00","0.0","0:00","No","05:00.88","4","0.0","00:31:26","01:17:22","-4","15"
Indoor Cycling,2021-05-15 16:20:00,false,"Jazda na rowerze treningowym","0.00","236","00:25:57","138","155","--","--","--","--","--","--","0.00","0.0","0.0","0.0","0.0","0.0","--","--","--","0:00","0.0","0:00","No","25:57.18","1","0.0","00:00:00","00:25:57","--","--"
Indoor Cycling,2021-05-15 13:42:03,false,"Jazda na rowerze treningowym","0.00","1,016","02:32:27","131","166","--","--","--","--","--","--","0.00","0.0","0.0","0.0","0.0","0.0","--","--","--","0:00","0.0","0:00","No","02:32:27.20","1","0.0","00:00:00","02:32:27","--","--"
Running,2021-05-08 14:17:36,false,"Kórnik Bieg","2.03","135","00:11:05","176","192","161","178","5:28","4:33","2","4","1.13","0.0","0.0","0.0","0.0","0.0","--","--","--","0:00","0.0","0:00","No","00:07.98","3","0.0","00:10:58","00:11:05","47","52"
Running,2021-05-08 13:57:33,false,"Kórnik Bieg","3.16","199","00:17:51","163","190","170","176","5:39","4:20","11","2","1.04","0.0","0.0","0.0","0.0","0.0","--","--","--","0:00","0.0","0:00","No","00:53.88","4","0.0","00:17:51","00:17:51","58","69"
Cycling,2021-05-03 16:36:56,false,"Warszawa Kolarstwo","29.19","720","01:58:11","125","164","--","--","14.8","31.1","137","82","0.00","0.0","0.0","0.0","0.0","0.0","--","--","--","0:00","0.0","0:00","No","14:49.77","6","0.0","01:31:17","01:58:11","39","111"
Walking,2021-04-25 19:32:07,false,"Muratpasa Spacerowanie","2.27","162","00:34:25","108","137","85","249","15:08","6:41","13","4","0.77","0.0","0.0","0.0","0.0","0.0","--","--","--","0:00","0.0","0:00","No","03:08.80","3","0.0","00:29:06","00:34:25","24","38"
Walking,2021-04-25 17:55:15,false,"Muratpasa Spacerowanie","0.67","50","00:14:38","84","120","59","160","21:49","11:59","6","204","0.78","0.0","0.0","0.0","0.0","0.0","--","--","--","0:00","0.0","0:00","No","14:37.83","1","0.0","00:09:08","00:14:38","29","237"
Walking,2021-04-04 14:49:46,false,"Rabka-Zdrój Spacerowanie","5.27","344","01:23:05","106","141","77","241","15:46","8:56","31","349","0.83","0.0","0.0","0.0","0.0","0.0","--","--","--","0:00","0.0","0:00","No","04:15.99","6","0.0","01:05:31","01:23:05","613","935"
Walking,2021-04-04 14:15:49,false,"Niedźwiedź Spacerowanie","2.31","167","00:33:42","110","142","91","235","14:37","10:38","67","82","0.75","0.0","0.0","0.0","0.0","0.0","--","--","--","0:00","0.0","0:00","No","04:07.13","3","0.0","00:30:50","00:33:42","921","981"
Walking,2021-04-04 12:12:10,false,"Niedźwiedź Spacerowanie","3.91","473","01:15:48","123","158","77","182","19:24","12:04","379","29","0.67","0.0","0.0","0.0","0.0","0.0","--","--","--","0:00","0.0","0:00","No","15:13.71","4","0.0","01:06:55","01:15:48","629","981"
Walking,2021-04-03 12:18:56,false,"Niedźwiedź Spacerowanie","8.03","794","02:40:07","114","154","70","236","19:58","2:12","373","567","0.72","0.0","0.0","0.0","0.0","0.0","--","--","--","0:00","0.0","0:00","No","00:03.97","9","0.0","01:57:11","02:40:07","608","1,094"
Cycling,2021-04-01 19:25:41,false,"Warszawa Kolarstwo","5.86","156","00:22:38","117","146","--","--","15.5","33.0","8","89","0.00","0.0","0.0","0.0","0.0","0.0","--","--","--","0:00","0.0","0:00","No","03:59.26","2","0.0","00:20:49","00:22:38","98","182"
Indoor Cycling,2021-04-01 18:43:23,false,"Jazda na rowerze treningowym","0.00","169","00:22:27","125","169","--","--","--","--","--","--","0.00","0.0","0.0","0.0","0.0","0.0","--","--","--","0:00","0.0","0:00","No","22:27.13","1","0.0","00:00:00","00:22:27","--","--"
Pool Swimming,2021-03-02 19:53:55,false,"Pływanie w basenie","1,500","284","00:45:20","148","171","--","--","2:53","0:53","--","--","0.00","0.0","0.0","0.0","0.0","0.0","1312","87","30","0:00","0.0","0:00","No","00:02.01","9","0.0","00:43:13","00:48:19","--","--"
Cross Country Classic Skiing,2021-02-14 12:21:21,false,"Kościelisko Klasyczny bieg narciarski","11.72","758","02:28:15","117","145","--","--","4.7","29.8","400","592","0.00","0.0","0.0","0.0","0.0","0.0","--","--","--","0:00","0.0","0:00","No","09:21.54","3","0.0","01:32:28","02:28:15","955","1,547"
Cross Country Classic Skiing,2021-02-14 10:19:11,false,"Kościelisko Klasyczny bieg narciarski","5.65","431","01:42:40","106","137","--","--","3.3","11.1","188","3","0.00","0.0","0.0","0.0","0.0","0.0","--","--","--","0:00","0.0","0:00","No","33:14.54","2","0.0","01:13:38","01:42:40","956","1,146"
Cross Country Classic Skiing,2021-02-13 10:44:44,false,"Kościelisko Klasyczny bieg narciarski","15.09","1,665","05:51:28","119","147","--","--","2.6","22.6","688","702","0.00","0.0","0.0","0.0","0.0","0.0","--","--","--","0:00","0.0","0:00","No","39:52.70","4","0.0","03:09:07","05:51:28","871","1,268"
Cross Country Classic Skiing,2021-02-09 19:53:14,false,"Warszawa Klasyczny bieg narciarski","7.24","448","01:43:45","107","135","--","--","4.2","15.7","38","40","0.00","0.0","0.0","0.0","0.0","0.0","--","--","--","0:00","0.0","0:00","No","33:59.74","2","0.0","01:24:32","01:43:45","79","100"
Cross Country Classic Skiing,2021-02-02 21:05:46,false,"Warszawa Klasyczny bieg narciarski","5.10","255","00:45:41","119","136","--","--","6.7","75.8","31","8","0.00","0.0","0.0","0.0","0.0","0.0","--","--","--","0:00","0.0","0:00","No","00:04.71","2","0.0","00:33:54","00:45:41","79","103"
Cross Country Classic Skiing,2021-02-02 20:11:48,false,"Warszawa Klasyczny bieg narciarski","4.37","254","00:53:12","108","128","--","--","4.9","10.2","6","7","0.00","0.0","0.0","0.0","0.0","0.0","--","--","--","0:00","0.0","0:00","No","00:10.63","2","0.0","00:43:33","00:53:12","77","82"
Cross Country Classic Skiing,2021-01-24 09:19:51,false,"Namestovo Klasyczny bieg narciarski","4.80","1,046","02:20:19","142","167","--","--","2.1","37.5","590","270","0.00","0.0","0.0","0.0","0.0","0.0","--","--","--","0:00","0.0","0:00","No","02:20:18.70","1","0.0","01:06:44","02:20:19","947","1,538"
Cross Country Classic Skiing,2021-01-23 11:10:26,false,"Jeleśnia Klasyczny bieg narciarski","7.08","759","01:36:54","140","170","--","--","4.4","40.4","269","918","0.00","0.0","0.0","0.0","0.0","0.0","--","--","--","0:00","0.0","0:00","No","11:29.86","2","0.0","00:53:50","01:36:54","694","1,572"
Cross Country Classic Skiing,2021-01-23 09:04:27,false,"Jeleśnia Klasyczny bieg narciarski","3.92","974","01:36:32","158","175","--","--","2.4","30.6","576","8","0.00","0.0","0.0","0.0","0.0","0.0","--","--","--","0:00","0.0","0:00","No","01:36:32.34","1","0.0","01:04:37","01:36:32","730","1,309"
Cross Country Classic Skiing,2021-01-20 19:29:52,false,"Warszawa Klasyczny bieg narciarski","7.80","716","01:43:14","135","173","--","--","4.5","10.9","12","14","0.00","0.0","0.0","0.0","0.0","0.0","--","--","--","0:00","0.0","0:00","No","37:24.20","2","0.0","01:19:35","01:43:14","82","91"
Walking,2021-01-04 15:20:35,false,"Toudgha El Oulia Spacerowanie","3.09","198","01:02:34","101","123","72","151","20:15","12:09","2","460","0.69","0.0","0.0","0.0","0.0","0.0","--","--","--","0:00","0.0","0:00","No","01:03.06","4","0.0","00:54:31","01:02:34","1,471","1,933"
Walking,2021-01-01 18:31:25,false,"Rabat Spacerowanie","1.12","73","00:16:27","91","105","86","221","14:43","8:35","295","6","0.80","0.0","0.0","0.0","0.0","0.0","--","--","--","0:00","0.0","0:00","No","02:47.71","2","0.0","00:13:25","00:16:27","76","371"
Cycling,2020-12-31 14:14:19,false,"Salé Kolarstwo","14.48","518","01:47:57","112","138","--","--","8.0","24.8","93","30","0.00","0.0","0.0","0.0","0.0","0.0","--","--","--","0:00","0.0","0:00","No","29:59.84","3","0.0","01:14:07","01:47:57","10","81"
Cycling,2020-12-31 13:39:15,false,"Salé Kolarstwo","1.25","56","00:08:34.5","113","130","--","--","8.7","22.5","9","18","0.00","0.0","0.0","0.0","0.0","0.0","--","--","--","0:00","0.0","0:00","No","08:34.50","1","0.0","00:06:16","00:08:34.5","19","38"
Cycling,2020-12-31 09:50:17,false,"Rabat Kolarstwo","37.45","1,000","03:16:28","118","156","--","--","11.4","31.8","168","143","0.00","0.0","0.0","0.0","0.0","0.0","--","--","--","0:00","0.0","0:00","No","10:53.67","8","0.0","02:44:47","03:28:28","-9","26"
Cycling,2020-12-26 15:05:30,false,"Poznań Kolarstwo","15.76","379","01:05:24","119","145","--","--","14.5","30.5","48","37","0.00","0.0","0.0","0.0","0.0","0.0","--","--","--","0:00","0.0","0:00","No","02:46.63","4","0.0","01:00:59","01:05:24","62","96"
Cycling,2020-12-25 11:18:04,false,"Poznań Kolarstwo","10.37","292","00:57:15","111","130","--","--","10.9","32.9","43","33","0.00","0.0","0.0","0.0","0.0","0.0","--","--","--","0:00","0.0","0:00","No","02:56.46","3","0.0","00:49:10","00:57:20","43","70"
Walking,2020-11-07 06:05:54,false,"Bukowina Tatrzańska Spacerowanie","14.28","2,236","09:00:55","108","164","27","233","37:53","5:18","1,424","164","3.22","0.0","0.0","0.0","0.0","0.0","--","--","--","0:00","0.0","0:00","No","09:33.59","15","0.0","02:35:32","09:21:18","969","2,317"
Running,2020-10-31 13:34:29,false,"Poznań Bieg","13.03","766","01:12:34","163","176","172","190","5:34","4:54","8","25","1.04","0.0","0.0","0.0","0.0","0.0","--","--","--","0:00","0.0","0:00","No","00:09.50","14","0.0","01:12:20","01:23:07","46","58"
Running,2020-10-29 17:22:54,false,"Warszawa Bieg","5.74","355","00:33:03","164","186","173","184","5:45","4:41","4","2","1.00","0.0","0.0","0.0","0.0","0.0","--","--","--","0:00","0.0","0:00","No","04:06.11","6","0.0","00:32:44","00:35:48","70","75"
Running,2020-10-29 16:49:35,false,"Warszawa Bieg","5.07","306","00:29:02","161","175","173","182","5:44","4:58","4","6","1.01","0.0","0.0","0.0","0.0","0.0","--","--","--","0:00","0.0","0:00","No","00:21.97","6","0.0","00:29:00","00:29:57","73","80"
Running,2020-10-27 21:00:47,false,"Warszawa Bieg","6.61","402","00:39:07","157","174","169","176","5:55","5:03","4","10","1.00","0.0","0.0","0.0","0.0","0.0","--","--","--","0:00","0.0","0:00","No","03:37.02","7","0.0","00:38:42","00:43:14","72","82"
Running,2020-10-26 18:13:24,false,"Warszawa Bieg","12.51","763","01:13:13","159","181","168","183","5:51","4:44","10","11","1.02","0.0","0.0","0.0","0.0","0.0","--","--","--","0:00","0.0","0:00","No","02:50.08","13","0.0","01:12:55","01:28:25","76","87"
Running,2020-10-25 20:38:28,false,"Warszawa Bieg","8.10","448","00:43:08","157","173","167","181","5:20","4:19","13","9","1.13","0.0","0.0","0.0","0.0","0.0","--","--","--","0:00","0.0","0:00","No","00:41.85","9","0.0","00:42:34","00:48:59","76","91"
Running,2020-10-24 13:33:57,false,"Warszawa Bieg","5.03","318","00:34:36","152","170","157","175","6:53","5:27","2","7","0.92","0.0","0.0","0.0","0.0","0.0","--","--","--","0:00","0.0","0:00","No","00:08.11","6","0.0","00:34:33","00:45:27","60","74"
Running,2020-10-22 21:15:51,false,"Warszawa Bieg","10.03","600","00:55:08","163","186","169","178","5:30","4:20","8","9","1.08","0.0","0.0","0.0","0.0","0.0","--","--","--","0:00","0.0","0:00","No","00:07.28","11","0.0","00:54:59","01:01:19","68","78"
Running,2020-10-19 21:10:03,false,"Warszawa Bieg","7.10","421","00:38:00","163","181","169","182","5:21","4:32","9","13","1.11","0.0","0.0","0.0","0.0","0.0","--","--","--","0:00","0.0","0:00","No","00:32.72","8","0.0","00:37:54","00:40:24","65","76"
Running,2020-10-17 17:49:37,false,"Warszawa Bieg","6.17","343","00:31:07","161","187","168","177","5:03","3:55","8","12","1.18","0.0","0.0","0.0","0.0","0.0","--","--","--","0:00","0.0","0:00","No","01:02.35","7","0.0","00:31:03","00:35:31","65","77"
Running,2020-10-15 21:42:19,false,"Warszawa Bieg","7.20","382","00:38:09","155","181","167","247","5:18","4:14","9","13","1.13","0.0","0.0","0.0","0.0","0.0","--","--","--","0:00","0.0","0:00","No","01:04.97","8","0.0","00:37:59","00:43:21","76","87"
Running,2020-10-10 17:53:27,false,"Warszawa Bieg","7.13","372","00:37:08","156","173","169","176","5:13","4:43","--","11","1.14","0.0","0.0","0.0","0.0","0.0","--","--","--","0:00","0.0","0:00","No","00:36.54","8","0.0","00:37:05","00:43:13","66","77"
Running,2020-10-07 20:26:05,false,"Warszawa Bieg","7.19","437","00:41:20","160","189","167","174","5:45","4:37","--","13","1.04","0.0","0.0","0.0","0.0","0.0","--","--","--","0:00","0.0","0:00","No","01:12.33","8","0.0","00:41:19","00:44:53","76","85"
Running,2020-10-02 17:49:30,false,"Arco Bieg","5.32","319","00:32:40","151","174","164","240","6:08","4:38","7","7","0.99","0.0","0.0","0.0","0.0","0.0","--","--","--","0:00","0.0","0:00","No","01:46.21","6","0.0","00:32:36","00:36:38","46","85"
Running,2020-09-24 00:57:17,false,"Bieg","0.00","--","00:00:02.0","82","84","--","--","--","--","--","--","0.00","0.0","0.0","0.0","0.0","0.0","--","--","--","0:00","0.0","0:00","No","00:02.01","1","0.0","00:00:00","00:00:03.1","46","46"
Cycling,2020-08-30 14:21:52,false,"Poznań Kolarstwo","40.57","734","02:08:06","119","155","--","--","19.0","35.5","132","123","0.00","0.0","0.0","0.0","0.0","0.0","--","--","--","0:00","0.0","0:00","No","02:10.89","9","0.0","02:06:00","02:50:47","46","114"
Cycling,2020-08-02 12:37:25,false,"Bari Kolarstwo","37.89","893","02:47:36","118","157","--","--","13.6","37.3","173","261","0.00","0.0","0.0","0.0","0.0","0.0","--","--","--","0:00","0.0","0:00","No","14:40.25","8","0.0","02:17:57","06:15:35","-11","44"
Cycling,2020-08-02 10:58:06,false,"Bari Kolarstwo","11.55","252","00:43:04","117","153","--","--","16.1","28.9","30","17","0.00","0.0","0.0","0.0","0.0","0.0","--","--","--","0:00","0.0","0:00","No","05:39.44","3","0.0","00:41:18","01:00:48","25","41"
Cycling,2020-07-30 20:34:17,false,"Warszawa Kolarstwo","7.39","158","00:31:10","108","136","--","--","14.2","27.2","15","11","0.00","0.0","0.0","0.0","0.0","0.0","--","--","--","0:00","0.0","0:00","No","07:57.56","2","0.0","00:24:21","00:42:38","79","89"
Cycling,2020-07-29 19:35:57,false,"Warszawa Kolarstwo","14.78","312","00:58:29","115","147","--","--","15.2","35.3","51","29","0.00","0.0","0.0","0.0","0.0","0.0","--","--","--","0:00","0.0","0:00","No","15:12.88","3","0.0","00:47:53","01:39:29","66","100"
Cycling,2020-07-26 11:46:47,false,"Warszawa Kolarstwo","40.88","753","02:15:02","122","155","--","--","18.2","36.1","43","54","0.00","0.0","0.0","0.0","0.0","0.0","--","--","--","0:00","0.0","0:00","No","08:18.32","9","0.0","02:03:56","02:34:42","35","82"
Rowing,2020-07-19 11:54:25,false,"Kórnik Wiosłowanie","3,904","171","01:04:03","83","119","--","--","8:12","4:19","--","--","0.00","0.0","0.0","0.0","0.0","0.0","1132","--","--","0:00","0.0","0:00","No","05:24.10","8","0.0","00:54:13","01:12:19","--","--"
Cycling,2020-07-18 15:39:25,false,"Kórnik Kolarstwo","30.84","549","01:39:14","120","154","--","--","18.6","31.2","86","68","0.00","0.0","0.0","0.0","0.0","0.0","--","--","--","0:00","0.0","0:00","No","03:22.23","7","0.0","01:33:36","02:01:27","50","83"
Floor Climbing,2020-07-18 14:32:49,false,"Pokonywanie pi","0.00","156","00:57:47","83","120","--","--","--","--","255","229","0.00","0.0","0.0","0.0","0.0","0.0","--","--","--","0:00","0.0","0:00","No","57:47.15","1","0.0","00:00:00","00:57:47","-131","73"
Cycling,2020-07-17 22:42:42,false,"Warszawa Kolarstwo","7.39","161","00:24:27","120","142","--","--","18.1","27.2","3","7","0.00","0.0","0.0","0.0","0.0","0.0","--","--","--","0:00","0.0","0:00","No","08:39.10","2","0.0","00:23:12","00:24:27","66","73"
Cycling,2020-07-17 21:04:29,false,"Warszawa Kolarstwo","7.45","179","00:28:20","117","144","--","--","15.8","28.2","13","13","0.00","0.0","0.0","0.0","0.0","0.0","--","--","--","0:00","0.0","0:00","No","08:58.33","2","0.0","00:23:07","00:28:20","40","87"
Cycling,2020-07-15 22:17:27,false,"Warszawa Kolarstwo","7.35","169","00:24:38","122","146","--","--","17.9","26.2","6","13","0.00","0.0","0.0","0.0","0.0","0.0","--","--","--","0:00","0.0","0:00","No","09:24.30","2","0.0","00:22:26","00:24:38","63","77"
Cycling,2020-07-15 20:36:34,false,"Warszawa Kolarstwo","7.37","147","00:25:33","112","137","--","--","17.3","27.6","2","5","0.00","0.0","0.0","0.0","0.0","0.0","--","--","--","0:00","0.0","0:00","No","08:11.45","2","0.0","00:23:12","00:27:18","77","83"
Cycling,2020-07-13 14:49:14,false,"Warszawa Kolarstwo","16.81","413","01:22:13","115","151","--","--","12.3","34.3","50","49","0.00","0.0","0.0","0.0","0.0","0.0","--","--","--","0:00","0.0","0:00","No","11:10.98","4","0.0","00:58:48","01:22:13","64","93"
Cycling,2020-07-11 19:40:17,false,"Warszawa Kolarstwo","7.63","165","00:29:34","113","138","--","--","15.5","30.9","2","4","0.00","0.0","0.0","0.0","0.0","0.0","--","--","--","0:00","0.0","0:00","No","14:45.79","2","0.0","00:23:12","00:29:34","20","82"
Cycling,2020-07-11 17:56:15,false,"Warszawa Kolarstwo","7.24","140","00:24:37","112","136","--","--","17.7","29.9","4","9","0.00","0.0","0.0","0.0","0.0","0.0","--","--","--","0:00","0.0","0:00","No","08:55.98","2","0.0","00:20:42","00:24:37","25","32"
Cycling,2020-07-08 15:07:06,false,"Warszawa Kolarstwo","2.81","88","00:15:35","111","136","--","--","10.8","25.3","34","9","0.00","0.0","0.0","0.0","0.0","0.0","--","--","--","0:00","0.0","0:00","No","15:35.23","1","0.0","00:11:49","00:15:35","82","108"
Cycling,2020-07-08 10:07:26,false,"Warszawa Kolarstwo","4.76","126","00:22:03","113","146","--","--","13.0","34.5","11","33","0.00","0.0","0.0","0.0","0.0","0.0","--","--","--","0:00","0.0","0:00","No","22:02.53","1","0.0","00:16:32","00:22:03","65","109"
Cycling,2020-07-08 09:11:22,false,"Warszawa Kolarstwo","6.37","229","00:29:45","133","177","--","--","12.8","25.3","36","15","0.00","0.0","0.0","0.0","0.0","0.0","--","--","--","0:00","0.0","0:00","No","07:57.95","2","0.0","00:22:41","00:29:45","55","87"
Cycling,2020-07-07 16:46:02,false,"Gdańsk Kolarstwo","9.39","267","00:44:51","116","143","--","--","12.6","39.1","87","81","0.00","0.0","0.0","0.0","0.0","0.0","--","--","--","0:00","0.0","0:00","No","21:00.83","2","0.0","00:38:22","00:44:51","3","71"
Walking,2020-07-05 11:43:11,false,"Lubichowo Spacerowanie","7.21","396","01:30:38","98","120","94","187","12:34","8:59","33","34","0.85","0.0","0.0","0.0","0.0","0.0","--","--","--","0:00","0.0","0:00","No","02:39.16","8","0.0","01:21:29","01:30:38","104","123"
Cycling,2020-07-01 22:09:36,false,"Warszawa Kolarstwo","7.64","163","00:27:58","114","140","--","--","16.4","25.4","9","7","0.00","0.0","0.0","0.0","0.0","0.0","--","--","--","0:00","0.0","0:00","No","09:45.97","2","0.0","00:25:00","00:27:58","77","84"
Cycling,2020-07-01 18:08:34,false,"Warszawa Kolarstwo","3.97","96","00:13:10","123","134","--","--","18.1","24.1","22","--","0.00","0.0","0.0","0.0","0.0","0.0","--","--","--","0:00","0.0","0:00","No","13:10.06","1","0.0","00:12:52","00:13:10","87","116"
Cycling,2020-06-25 19:09:26,false,"Warszawa Kolarstwo","17.39","263","00:56:26","110","145","--","--","18.5","32.2","74","75","0.00","0.0","0.0","0.0","0.0","0.0","--","--","--","0:00","0.0","0:00","No","07:49.98","4","0.0","00:50:22","02:29:17","72","125"
Cycling,2020-06-22 13:14:18,false,"Warszawa Kolarstwo","8.26","166","00:29:32","115","165","--","--","16.8","33.8","59","64","0.00","0.0","0.0","0.0","0.0","0.0","--","--","--","0:00","0.0","0:00","No","13:45.18","2","0.0","00:23:57","00:55:08","45","88"
Rowing,2020-06-07 11:17:30,false,"Kępice Wiosłowanie","10,510","546","03:05:11","91","115","--","--","8:49","3:10","--","--","0.00","0.0","0.0","0.0","0.0","0.0","2681","--","--","0:00","0.0","0:00","No","00:39.55","22","0.0","02:01:01","03:05:16","--","--"
Rowing,2020-06-06 16:02:44,false,"Kępice Wiosłowanie","7,659","564","02:46:21","98","141","--","--","10:52","1:02","--","--","0.00","0.0","0.0","0.0","0.0","0.0","1655","--","--","0:00","0.0","0:00","No","00:05.12","16","0.0","01:17:47","02:46:21","--","--"
Rowing,2020-06-06 10:53:15,false,"Trzebielino Wiosłowanie","1,467","108","00:29:56","93","115","--","--","10:12","2:56","--","--","0.00","0.0","0.0","0.0","0.0","0.0","336","--","--","0:00","0.0","0:00","No","05:20.09","3","0.0","00:15:29","00:50:30","--","--"
Cycling,2020-06-02 19:21:54,false,"Warszawa Kolarstwo","1.82","39","00:05:59.0","116","143","--","--","18.3","30.5","10","9","0.00","0.0","0.0","0.0","0.0","0.0","--","--","--","0:00","0.0","0:00","No","00:00.00","1","0.0","00:05:17","00:05:59.0","84","93"
Cycling,2020-06-01 19:10:16,false,"Warszawa Kolarstwo","15.91","388","00:44:43","146","177","--","--","21.3","32.9","110","90","0.00","0.0","0.0","0.0","0.0","0.0","--","--","--","0:00","0.0","0:00","No","05:29.91","4","0.0","00:41:31","00:44:43","26","126"
Cycling,2020-06-01 15:25:34,false,"Warszawa Kolarstwo","9.36","228","00:37:30","121","150","--","--","15.0","32.3","41","57","0.00","0.0","0.0","0.0","0.0","0.0","--","--","--","0:00","0.0","0:00","No","18:35.24","2","0.0","00:27:30","02:12:35","68","120"
Cycling,2020-05-26 14:37:03,false,"Warszawa Kolarstwo","5.54","133","00:18:43","124","169","--","--","17.8","34.7","36","12","0.00","0.0","0.0","0.0","0.0","0.0","--","--","--","0:00","0.0","0:00","No","01:37.24","2","0.0","00:16:10","00:18:43","66","98"
Cycling,2020-05-13 16:00:36,false,"Warszawa Kolarstwo","20.05","387","01:06:44","119","148","--","--","18.0","30.7","38","37","0.00","0.0","0.0","0.0","0.0","0.0","--","--","--","0:00","0.0","0:00","No","00:20.76","5","0.0","00:59:52","01:06:44","72","86"
Cycling,2020-05-12 16:20:02,false,"Warszawa Spacerowanie","16.13","421","01:24:19","113","155","3","157","11.5","30.3","49","53","50.48","0.0","0.0","0.0","0.0","0.0","--","--","--","0:00","0.0","0:00","No","02:27.40","17","0.0","00:56:03","01:24:19","76","101"
Cycling,2020-05-02 12:06:54,false,"Lubichowo Kolarstwo","38.61","885","02:52:58","118","162","--","--","13.4","33.3","217","198","0.00","0.0","0.0","0.0","0.0","0.0","--","--","--","0:00","0.0","0:00","No","11:12.98","8","0.0","02:17:35","03:11:09","100","142"
Cycling,2020-05-01 16:37:08,false,"Lubichowo Kolarstwo","39.29","1,007","02:31:18","133","160","--","--","15.6","28.9","194","252","0.00","0.0","0.0","0.0","0.0","0.0","--","--","--","0:00","0.0","0:00","No","14:25.93","8","0.0","02:18:53","02:31:18","75","173"
Cycling,2020-04-30 18:45:02,false,"Warszawa Kolarstwo","14.74","307","00:59:21","115","150","--","--","14.9","31.5","162","223","0.00","0.0","0.0","0.0","0.0","0.0","--","--","--","0:00","0.0","0:00","No","17:06.66","3","0.0","00:45:31","00:59:21","21","227"
Cycling,2020-04-30 13:22:17,false,"Warszawa Kolarstwo","29.73","689","01:58:06","125","169","--","--","15.1","32.7","210","284","0.00","0.0","0.0","0.0","0.0","0.0","--","--","--","0:00","0.0","0:00","No","16:32.05","6","0.0","01:33:35","02:04:06","-135","-37"
Running,2020-04-27 18:18:45,false,"Poznań Bieg","4.32","246","00:23:10","163","181","169","182","5:22","3:41","8","140","1.10","0.0","0.0","0.0","0.0","0.0","--","--","--","0:00","0.0","0:00","No","01:37.02","5","0.0","00:23:10","00:29:26","-135","196"
Walking,2020-04-26 11:58:40,false,"Kaźmierz Spacerowanie","5.36","238","01:17:45","85","140","82","159","14:30","8:45","443","438","0.86","0.0","0.0","0.0","0.0","0.0","--","--","--","0:00","0.0","0:00","No","04:48.46","6","0.0","01:06:25","01:33:05","82","245"
Running,2020-04-25 16:19:36,false,"Komorniki Bieg","6.02","353","00:34:10","160","179","168","181","5:40","4:44","7","20","1.05","0.0","0.0","0.0","0.0","0.0","--","--","--","0:00","0.0","0:00","No","00:07.28","7","0.0","00:34:08","00:39:35","83","99"
Running,2020-04-19 16:31:26,false,"Czerwińsk nad Wisłą Bieg","5.01","267","00:28:49","146","171","166","176","5:45","4:59","14","28","1.05","0.0","0.0","0.0","0.0","0.0","--","--","--","0:00","0.0","0:00","No","00:02.99","6","0.0","00:28:47","00:28:49","58","77"
Cycling,2020-04-18 14:34:01,false,"Warszawa Kolarstwo","38.61","738","02:29:39","116","152","--","--","15.5","27.1","52","46","0.00","0.0","0.0","0.0","0.0","0.0","--","--","--","0:00","0.0","0:00","No","14:41.16","8","0.0","02:14:42","02:44:10","80","117"
Cycling,2020-04-11 14:57:32,false,"Warszawa Kolarstwo","30.65","658","01:46:41","127","156","--","--","17.2","32.7","59","58","0.00","0.0","0.0","0.0","0.0","0.0","--","--","--","0:00","0.0","0:00","No","05:54.59","7","0.0","01:31:15","01:46:41","105","129"
Walking,2020-04-06 15:24:59,false,"Warszawa Spacerowanie","6.02","328","01:13:34","107","137","95","149","12:13","6:00","7","2","0.87","0.0","0.0","0.0","0.0","0.0","--","--","--","0:00","0.0","0:00","No","00:19.41","7","0.0","01:02:22","01:13:34","109","115"
Running,2020-04-05 20:28:13,false,"Warszawa Bieg","5.02","293","00:28:13","159","180","166","196","5:37","2:09","--","6","1.07","0.0","0.0","0.0","0.0","0.0","--","--","--","0:00","0.0","0:00","No","00:05.58","6","0.0","00:28:06","00:28:13","82","87"
Cycling,2020-04-04 13:42:00,false,"Warszawa Kolarstwo","57.27","1,137","03:45:59","117","155","--","--","15.2","26.3","41","48","0.00","0.0","0.0","0.0","0.0","0.0","--","--","--","0:00","0.0","0:00","No","07:30.31","12","0.0","03:21:26","04:11:46","73","90"
Running,2020-04-03 17:48:04,false,"Warszawa Bieg","5.01","286","00:30:18","149","167","164","230","6:03","5:08","5","13","1.01","0.0","0.0","0.0","0.0","0.0","--","--","--","0:00","0.0","0:00","No","00:03.21","6","0.0","00:30:17","00:34:10","81","94"
Walking,2020-03-31 19:52:53,false,"Warszawa Spacerowanie","3.25","84","00:32:14","77","117","118","129","9:56","6:38","2","2","0.85","0.0","0.0","0.0","0.0","0.0","--","--","--","0:00","0.0","0:00","No","02:51.47","4","0.0","00:32:01","00:32:14","108","114"
Cycling,2020-03-28 15:45:09,false,"Pułtusk Kolarstwo","11.13","267","00:46:14","115","139","--","--","14.4","25.1","9","6","0.00","0.0","0.0","0.0","0.0","0.0","--","--","--","0:00","0.0","0:00","No","04:29.13","3","0.0","00:41:18","00:46:14","68","76"
Running,2020-03-24 19:53:28,false,"Warszawa Bieg","5.02","282","00:28:05","155","172","164","174","5:36","4:40","3","9","1.09","0.0","0.0","0.0","0.0","0.0","--","--","--","0:00","0.0","0:00","No","00:05.86","6","0.0","00:27:47","00:28:05","65","72"
Walking,2020-03-22 10:07:39,false,"Zawoja Spacerowanie","14.76","1,263","04:48:24","110","169","62","242","19:32","5:33","791","802","0.88","0.0","0.0","0.0","0.0","0.0","--","--","--","0:00","0.0","0:00","No","09:12.96","15","0.0","03:39:24","04:48:24","1,014","1,780"
Cycling,2020-03-21 13:47:50,false,"Goniądz Kolarstwo","15.88","479","01:42:37","111","145","--","--","9.3","26.1","73","78","0.00","0.0","0.0","0.0","0.0","0.0","--","--","--","0:00","0.0","0:00","No","19:12.73","4","0.0","01:00:23","01:42:37","108","133"
Cycling,2020-03-21 12:19:59,false,"Goniądz Kolarstwo","19.00","472","01:14:50","124","153","--","--","15.2","26.4","13","20","0.00","0.0","0.0","0.0","0.0","0.0","--","--","--","0:00","0.0","0:00","No","16:54.30","4","0.0","01:04:44","01:14:50","96","108"
Running,2020-03-19 18:37:16,false,"Warszawa Bieg","6.01","361","00:36:05","156","181","161","170","6:00","5:08","--","4","1.04","0.0","0.0","0.0","0.0","0.0","--","--","--","0:00","0.0","0:00","No","00:03.23","7","0.0","00:35:57","00:36:05","67","75"
Running,2020-03-17 18:35:35,false,"Warszawa Bieg","5.03","314","00:31:04","155","172","159","178","6:11","2:57","2","6","1.02","0.0","0.0","0.0","0.0","0.0","--","--","--","0:00","0.0","0:00","No","00:13.41","6","0.0","00:31:03","00:31:04","66","74"
Cycling,2020-03-14 16:23:53,false,"Warszawa Kolarstwo","23.61","555","01:15:03","132","157","--","--","18.9","31.1","58","70","0.00","0.0","0.0","0.0","0.0","0.0","--","--","--","0:00","0.0","0:00","No","12:37.30","5","0.0","01:12:39","01:15:03","60","90"
Running,2020-03-08 13:34:45,false,"Warszawa Bieg","5.02","324","00:30:21","164","181","165","173","6:03","5:11","16","13","1.00","0.0","0.0","0.0","0.0","0.0","--","--","--","0:00","0.0","0:00","No","00:04.42","6","0.0","00:30:17","00:30:21","93","110"
Walking,2020-02-13 00:43:06,false,"Rombo Spacerowanie","7.15","2,039","08:17:31","109","165","8","187","--","11:50","1,066","147","4.47","0.0","0.0","0.0","0.0","0.0","--","--","--","0:00","0.0","0:00","No","13:54.23","8","0.0","01:14:16","09:06:20","4,613","5,673"
Elliptical,2020-01-26 18:48:40,false,"Maszyna eliptyczna","0.00","546","01:16:34","130","158","102","191","--","--","--","--","0.00","0.0","0.0","0.0","0.0","0.0","--","--","--","0:00","0.0","0:00","No","00:00.00","1","0.0","00:00:00","01:17:39","--","--"
Running,2020-01-19 11:55:16,false,"Poznań Biegi","8.01","466","00:43:15","166","186","170","184","5:24","5:01","9","12","1.09","0.0","0.0","0.0","0.0","0.0","--","--","--","0:00","0.0","0:00","No","00:03.90","9","0.0","00:43:00","00:43:15","34","44"
Elliptical,2020-01-17 19:44:55,false,"Maszyna eliptyczna","0.00","599","01:06:09","150","170","76","138","--","--","--","--","0.00","0.0","0.0","0.0","0.0","0.0","--","--","--","0:00","0.0","0:00","No","00:00.00","1","0.0","00:00:00","01:06:09","--","--"
Running,2020-01-12 11:45:01,false,"Warszawa Biegi","10.02","587","00:58:03","162","187","167","178","5:47","4:57","30","28","1.03","0.0","0.0","0.0","0.0","0.0","--","--","--","0:00","0.0","0:00","No","00:06.85","11","0.0","00:57:51","00:58:03","83","104"
Walking,2020-01-11 20:56:36,false,"Warszawa Spacerowanie","1.57","73","00:16:39","99","114","112","245","10:38","1:35","--","2","0.84","0.0","0.0","0.0","0.0","0.0","--","--","--","0:00","0.0","0:00","No","06:21.08","2","0.0","00:16:12","00:16:39","109","111"
