Typ aktywności,Data,Ulubiony,Tytuł,Dystans,Kalorie,Czas,Średnie tętno,Maksymalne tętno,Aerobowy TE,Średni rytm biegu,Maksymalny rytm biegu,Średnie tempo,Najlepsze tempo,Całkowity wznios,Całkowity spadek,Średnia długość kroku,Średnie odchylenie do długości,Średnie odchylenie pionowe,Training Stress Score® (TSS®),Trudność,Płynność,Łącznie ruchów,Średni Swolf,Średnie tempo ruchów,Razem powtórzeń,Razem serii,Czas nurkowania,Minimalna temperatura,Przerwa powierzchniowa,Dekompresja,Czas najlepszego okrążenia,Liczba okrążeń,Maksymalna temperatura,Średnia częstotliwość oddechu,Minimalna częstotliwość oddechu,Maksymalna częstotliwość oddechu,Zmiana poziomu stresu,Początek stresu,Koniec stresu,Czas ruchu,Upłynęło czasu,Minimalna wysokość,Maksymalna wysokość
Bieganie,2022-05-10 18:38:26,false,"Gdańsk Bieganie","4.69","489","01:05:48","120","168","3.2","53","249","14:02","2:22","3","6","1.35","0.0","0.0","0.0","0.0","0.0","--","--","--","--","--","0:00","0.0","0:00","Nie","08:23.31","5","0.0","--","--","--","--","--","--","00:46:53","01:05:48","59","63"
Bieganie,2022-04-25 18:41:12,false,"Gdańsk Bieganie","5.11","482","01:08:29","112","170","3.0","61","237","13:25","2:32","10","10","1.24","0.0","0.0","0.0","0.0","0.0","--","--","--","--","--","0:00","0.0","0:00","Nie","01:36.93","6","0.0","--","--","--","--","--","--","00:52:30","01:08:29","59","64"
Kolarstwo,2022-04-21 18:06:00,false,"Gdańsk Kolarstwo","32.72","852","02:11:02","122","150","3.0","--","--","15.0","39.4","108","109","0.00","0.0","0.0","0.0","0.0","0.0","--","--","--","--","--","0:00","0.0","0:00","Nie","10:54.91","7","0.0","--","--","--","--","--","--","01:48:07","02:11:02","-8","48"
Bieganie,2022-04-11 18:39:51,false,"Gdańsk Bieganie","4.96","477","01:08:34","115","154","2.7","56","239","13:49","2:54","32","32","1.29","0.0","0.0","0.0","0.0","0.0","--","--","--","--","--","0:00","0.0","0:00","Nie","11:34.15","5","0.0","--","--","--","--","--","--","00:51:51","01:08:34","46","56"
Bieganie,2022-04-09 17:55:08,false,"Gdańsk Bieganie","5.27","442","00:35:30","153","175","4.7","154","187","6:44","5:35","65","73","0.96","0.0","0.0","0.0","0.0","0.0","--","--","--","--","--","0:00","0.0","0:00","Nie","01:58.32","6","0.0","--","--","--","--","--","--","00:35:08","00:36:13","19","71"
Bieg na bieżni,2022-04-05 18:31:22,false,"Bieg na bieżni","4.49","352","00:29:41","152","172","4.5","145","162","6:36","5:04","--","--","1.04","0.0","0.0","0.0","0.0","0.0","--","--","--","--","--","0:00","0.0","0:00","Nie","03:45.36","5","0.0","--","--","--","--","--","--","00:29:21","00:29:41","--","--"
Inne,2022-03-30 18:33:14,false,"Gdańsk Silka","1.53","264","00:39:27","112","152","2.5","30","193","2.3","26.2","95","102","2.93","0.0","0.0","0.0","0.0","0.0","--","--","--","--","--","0:00","0.0","0:00","Nie","09:02.68","2","0.0","--","--","--","--","--","--","00:14:13","00:39:27","48","94"
Bieganie,2022-03-28 18:48:19,false,"Gdańsk Bieganie","4.03","445","00:57:52","123","174","3.0","59","242","14:21","1:34","8","10","1.18","0.0","0.0","0.0","0.0","0.0","--","--","--","--","--","0:00","0.0","0:00","Nie","01:07.40","5","0.0","--","--","--","--","--","--","00:42:33","00:57:52","58","65"
Inne,2022-03-26 17:02:33,false,"Gdańsk Silka","4.04","487","01:14:02","120","162","2.9","11","230","3.3","28.1","59","59","14.00","0.0","0.0","0.0","0.0","0.0","--","--","--","--","--","0:00","0.0","0:00","Nie","00:57.57","5","0.0","--","--","--","--","--","--","00:54:57","01:14:02","26","84"
Kolarstwo,2022-03-25 16:09:10,false,"Gdańsk Kolarstwo","19.83","613","01:24:15","123","162","2.9","--","--","14.1","43.1","136","143","0.00","0.0","0.0","0.0","0.0","0.0","--","--","--","--","--","0:00","0.0","0:00","Nie","16:13.86","4","0.0","--","--","--","--","--","--","01:08:53","02:20:30","5","78"
Bieganie,2022-03-22 18:42:07,false,"Gdańsk Bieganie","4.36","362","00:58:18","107","139","2.3","57","249","13:23","3:05","16","20","1.33","0.0","0.0","0.0","0.0","0.0","--","--","--","--","--","0:00","0.0","0:00","Nie","04:40.22","5","0.0","--","--","--","--","--","--","00:45:07","00:58:18","48","55"
Kolarstwo,2022-03-13 14:22:59,false,"Gdańsk Kolarstwo","0.26","13","00:01:25.9","126","131","0.3","--","--","11.1","16.4","--","--","0.00","0.0","0.0","0.0","0.0","0.0","--","--","--","--","--","0:00","0.0","0:00","Nie","01:25.91","1","0.0","--","--","--","--","--","--","00:01:22","00:01:25.9","2","4"
Kolarstwo,2022-03-13 12:39:48,false,"Gdańsk Kolarstwo","13.45","456","00:56:25","125","163","3.0","--","--","14.3","35.0","47","107","0.00","0.0","0.0","0.0","0.0","0.0","--","--","--","--","--","0:00","0.0","0:00","Nie","16:44.31","3","0.0","--","--","--","--","--","--","00:48:08","00:56:25","1","78"
Pływanie w basenie,2022-03-11 18:00:40,false,"Pływanie w basenie","1,500","486","00:37:54","120","162","2.9","--","--","2:32","0:50","--","--","0.00","0.0","0.0","0.0","0.0","0.0","1104","56","29","--","--","0:00","0.0","0:00","Nie","37:54.33","1","0.0","--","--","--","--","--","--","00:37:54","00:38:20","--","--"
Bieg na bieżni,2022-03-09 18:33:03,false,"Bieg na bieżni","4.33","357","00:31:40","148","174","4.1","133","225","7:19","4:33","--","--","1.02","0.0","0.0","0.0","0.0","0.0","--","--","--","--","--","0:00","0.0","0:00","Nie","04:26.45","5","0.0","--","--","--","--","--","--","00:29:55","00:31:40","--","--"
Bieganie,2022-03-08 18:39:55,false,"Gdańsk Bieganie","4.57","451","01:13:11","112","135","2.3","51","229","16:00","3:31","7","8","1.24","0.0","0.0","0.0","0.0","0.0","--","--","--","--","--","0:00","0.0","0:00","Nie","11:56.72","5","0.0","--","--","--","--","--","--","00:49:42","01:13:11","59","64"
Inne,2022-02-08 18:05:29,false,"Silka","0.00","538","01:20:04","117","146","2.2","23","176","--","--","--","--","0.00","0.0","0.0","0.0","0.0","0.0","--","--","--","--","--","0:00","0.0","0:00","Nie","01:20:03.91","1","0.0","--","--","--","--","--","--","00:00:00","01:20:04","--","--"
Bieg na bieżni,2022-02-07 17:50:36,false,"Bieg na bieżni","5.22","515","00:37:39","163","182","4.9","138","233","7:13","3:58","--","--","0.99","0.0","0.0","0.0","0.0","0.0","--","--","--","--","--","0:00","0.0","0:00","Nie","03:00.57","6","0.0","--","--","--","--","--","--","00:36:38","00:37:39","--","--"
Pływanie w basenie,2022-02-04 18:00:27,false,"Pływanie w basenie","1,425","450","00:39:37","115","153","2.4","--","--","2:46","2:07","--","--","0.00","0.0","0.0","0.0","0.0","0.0","1129","61","29","--","--","0:00","0.0","0:00","Nie","39:37.17","1","0.0","--","--","--","--","--","--","00:39:21","00:39:51","--","--"
Inne,2022-02-03 18:42:56,false,"Gdańsk Silka","3.20","402","00:51:41","119","166","2.5","23","157","3.7","38.3","152","152","5.54","0.0","0.0","0.0","0.0","0.0","--","--","--","--","--","0:00","0.0","0:00","Nie","03:07.39","4","0.0","--","--","--","--","--","--","00:33:07","00:51:41","52","84"
Inne,2022-02-01 18:11:07,false,"Gdańsk Silka","0.94","481","01:05:13","125","172","3.0","37","206","0.9","45.4","107","122","0.39","0.0","0.0","0.0","0.0","0.0","--","--","--","--","--","0:00","0.0","0:00","Nie","01:05:12.89","1","0.0","--","--","--","--","--","--","00:08:10","01:05:13","17","65"
Pływanie w basenie,2022-01-28 18:00:47,false,"Pływanie w basenie","1,450","467","00:39:03","122","140","2.2","--","--","2:34","0:56","--","--","0.00","0.0","0.0","0.0","0.0","0.0","1012","56","27","--","--","0:00","0.0","0:00","Nie","39:02.85","1","0.0","--","--","--","--","--","--","00:37:17","00:39:12","--","--"
Bieg na bieżni,2022-01-27 18:28:33,false,"Bieg na bieżni","4.30","432","00:33:15","160","181","4.4","132","242","7:44","3:47","--","--","0.96","0.0","0.0","0.0","0.0","0.0","--","--","--","--","--","0:00","0.0","0:00","Nie","04:50.40","5","0.0","--","--","--","--","--","--","00:32:04","00:33:15","--","--"
Inne,2022-01-25 18:44:13,false,"Gdańsk Silka","0.49","281","00:34:36","122","143","2.2","10","159","0.8","28.3","36","50","1.46","0.0","0.0","0.0","0.0","0.0","--","--","--","--","--","0:00","0.0","0:00","Nie","34:35.85","1","0.0","--","--","--","--","--","--","00:04:30","00:34:36","53","84"
Inne,2022-01-23 17:12:44,false,"Gdańsk Silka","1.40","216","00:26:39","119","144","2.0","12","147","3.2","69.2","22","12","4.28","0.0","0.0","0.0","0.0","0.0","--","--","--","--","--","0:00","0.0","0:00","Nie","05:27.75","2","0.0","--","--","--","--","--","--","00:13:02","00:26:39","60","76"
Inne,2022-01-20 18:36:32,false,"Gdańsk Silka","0.64","334","00:45:32","117","140","2.2","10","162","0.8","27.0","37","38","1.38","0.0","0.0","0.0","0.0","0.0","--","--","--","--","--","0:00","0.0","0:00","Nie","45:31.73","1","0.0","--","--","--","--","--","--","00:03:54","00:45:32","30","66"
Inne,2022-01-18 18:55:24,false,"Silka","0.00","516","01:12:01","122","159","2.7","19","203","--","--","--","--","0.00","0.0","0.0","0.0","0.0","0.0","--","--","--","--","--","0:00","0.0","0:00","Nie","01:12:01.03","1","0.0","--","--","--","--","--","--","00:00:00","01:12:01","--","--"
Inne,2022-01-16 12:14:42,false,"Gdańsk Silka","2.81","396","00:47:53","122","143","2.6","8","157","3.5","33.4","128","128","7.83","0.0","0.0","0.0","0.0","0.0","--","--","--","--","--","0:00","0.0","0:00","Nie","10:19.74","3","0.0","--","--","--","--","--","--","00:31:02","00:47:53","50","81"
Pływanie w basenie,2022-01-14 18:04:23,false,"Pływanie w basenie","1,125","336","00:34:51","134","164","3.1","--","--","2:39","0:58","--","--","0.00","0.0","0.0","0.0","0.0","0.0","718","56","24","--","--","0:00","0.0","0:00","Nie","34:50.60","1","0.0","--","--","--","--","--","--","00:29:54","00:35:17","--","--"
Pływanie w basenie,2022-01-07 18:00:44,false,"Pływanie w basenie","1,200","375","00:39:58","111","128","1.4","--","--","2:48","1:36","--","--","0.00","0.0","0.0","0.0","0.0","0.0","846","60","25","--","--","0:00","0.0","0:00","Nie","39:57.97","1","0.0","--","--","--","--","--","--","00:33:39","00:47:25","--","--"
Bieg na bieżni,2021-12-07 18:30:27,false,"Bieg na bieżni","5.23","509","00:43:35","150","179","4.0","127","225","8:20","3:53","--","--","0.93","0.0","0.0","0.0","0.0","0.0","--","--","--","--","--","0:00","0.0","0:00","Nie","04:05.46","6","0.0","--","--","--","--","--","--","00:41:51","00:43:35","--","--"
Pływanie w basenie,2021-12-03 18:00:01,false,"Pływanie w basenie","1,200","368","00:39:05","123","150","2.2","--","--","2:59","1:21","--","--","0.00","0.0","0.0","0.0","0.0","0.0","864","63","24","--","--","0:00","0.0","0:00","Nie","39:05.25","1","0.0","--","--","--","--","--","--","00:35:42","00:39:11","--","--"
Bieg na bieżni,2021-12-02 18:16:05,false,"Bieg na bieżni","4.85","556","00:36:51","167","187","4.8","133","230","7:36","3:29","--","--","0.98","0.0","0.0","0.0","0.0","0.0","--","--","--","--","--","0:00","0.0","0:00","Nie","06:29.31","5","0.0","--","--","--","--","--","--","00:35:40","00:36:51","--","--"
Pływanie w basenie,2021-11-19 18:00:23,false,"Pływanie w basenie","1,200","360","00:38:44","119","163","2.6","--","--","3:07","2:29","--","--","0.00","0.0","0.0","0.0","0.0","0.0","969","67","26","--","--","0:00","0.0","0:00","Nie","38:44.20","1","0.0","--","--","--","--","--","--","00:37:24","00:38:51","--","--"
Bieganie,2021-11-15 18:54:20,false,"Gdańsk Bieganie","4.68","717","01:09:28","138","185","3.2","56","245","14:50","2:56","3","5","1.21","0.0","0.0","0.0","0.0","0.0","--","--","--","--","--","0:00","0.0","0:00","Nie","09:29.49","5","0.0","--","--","--","--","--","--","00:50:35","01:09:28","60","64"
Bieganie,2021-11-08 18:55:14,false,"Gdańsk Bieganie","4.42","615","01:04:08","131","169","3.2","64","245","14:31","2:50","9","6","1.08","0.0","0.0","0.0","0.0","0.0","--","--","--","--","--","0:00","0.0","0:00","Nie","05:54.43","5","0.0","--","--","--","--","--","--","00:47:49","01:04:08","59","63"
Pływanie w basenie,2021-11-05 18:04:42,false,"Pływanie w basenie","1,100","337","00:34:46","139","164","3.2","--","--","3:05","1:15","--","--","0.00","0.0","0.0","0.0","0.0","0.0","936","67","28","--","--","0:00","0.0","0:00","Nie","34:45.94","1","0.0","--","--","--","--","--","--","00:33:50","00:35:19","--","--"
Bieg na bieżni,2021-11-02 18:34:20,false,"Bieg na bieżni","4.55","439","00:33:39","156","182","3.8","135","160","7:24","4:08","--","--","0.99","0.0","0.0","0.0","0.0","0.0","--","--","--","--","--","0:00","0.0","0:00","Nie","05:51.24","5","0.0","--","--","--","--","--","--","00:33:26","00:33:39","--","--"
Bieg na bieżni,2021-10-21 10:59:12,false,"Bieg na bieżni","5.08","509","00:39:24","153","179","4.0","130","220","7:45","3:38","--","--","0.99","0.0","0.0","0.0","0.0","0.0","--","--","--","--","--","0:00","0.0","0:00","Nie","01:01.81","6","0.0","--","--","--","--","--","--","00:37:07","00:39:24","--","--"
Bieganie,2021-10-18 18:42:59,false,"Gdańsk Bieganie","5.06","440","01:09:20","108","148","1.9","61","244","13:42","3:15","8","7","1.21","0.0","0.0","0.0","0.0","0.0","--","--","--","--","--","0:00","0.0","0:00","Nie","01:16.56","6","0.0","--","--","--","--","--","--","00:55:21","01:09:20","58","64"
Bieg na bieżni,2021-10-17 17:05:21,false,"Bieg na bieżni","5.15","542","00:38:23","159","183","4.3","137","233","7:27","4:41","--","--","0.82","0.0","0.0","0.0","0.0","0.0","--","--","--","--","--","0:00","0.0","0:00","Nie","04:40.54","5","0.0","--","--","--","--","--","--","00:37:02","00:38:24","--","--"
Chodzenie,2021-10-12 14:50:14,false,"Orikum Chodzenie","8.54","976","02:32:01","123","164","2.6","70","210","17:48","10:46","305","311","0.80","0.0","0.0","0.0","0.0","0.0","--","--","--","--","--","0:00","0.0","0:00","Nie","07:59.56","9","0.0","--","--","--","--","--","--","01:59:57","02:32:01","6","97"
Chodzenie,2021-10-12 11:20:45,false,"Orikum Chodzenie","6.01","779","01:53:14","124","159","2.3","68","192","18:50","11:01","202","226","0.78","0.0","0.0","0.0","0.0","0.0","--","--","--","--","--","0:00","0.0","0:00","Nie","00:07.24","7","0.0","--","--","--","--","--","--","01:28:57","01:53:14","10","99"
Bieganie,2021-09-28 18:51:12,false,"Gdańsk Bieganie","4.75","480","01:08:39","117","142","2.1","54","235","14:27","2:12","11","9","1.28","0.0","0.0","0.0","0.0","0.0","--","--","--","--","--","0:00","0.0","0:00","Nie","09:50.28","5","0.0","--","--","--","--","--","--","00:48:26","01:08:39","59","63"
Inne,2021-09-22 18:46:45,false,"Gdańsk Silka","1.14","225","00:42:34","95","134","0.7","8","197","1.6","26.5","--","--","3.65","0.0","0.0","0.0","0.0","0.0","--","--","--","--","--","0:00","0.0","0:00","Nie","03:43.43","2","0.0","--","--","--","--","--","--","00:12:02","00:42:34","62","65"
Kardio,2021-09-22 18:35:32,false,"Cardio","0.00","98","00:07:09.9","145","166","2.1","--","--","--","--","--","--","0.00","0.0","0.0","0.0","0.0","0.0","--","--","--","--","--","0:00","0.0","0:00","Nie","07:09.86","1","0.0","--","--","--","--","--","--","00:00:00","00:07:09.9","--","--"
Inne,2021-09-20 17:41:45,false,"Gdańsk Silka","1.25","394","00:50:55","116","144","2.0","9","172","1.5","34.8","4","4","3.06","0.0","0.0","0.0","0.0","0.0","--","--","--","--","--","0:00","0.0","0:00","Nie","12:13.74","2","0.0","--","--","--","--","--","--","00:00:00","00:50:55","62","64"
Ergometr wioślarski,2021-09-20 17:29:12,false,"Ergometr wioślarski","--","157","00:12:04","140","159","2.4","--","--","--","--","--","--","0.00","0.0","0.0","0.0","0.0","0.0","333","--","--","--","--","0:00","0.0","0:00","Nie","12:03.64","1","0.0","--","--","--","--","--","--","00:00:00","00:12:04","--","--"
Inne,2021-09-15 17:47:26,false,"Gdańsk Silka","2.64","490","01:05:28","115","149","2.1","6","157","2.4","35.2","3","3","8.73","0.0","0.0","0.0","0.0","0.0","--","--","--","--","--","0:00","0.0","0:00","Nie","15:32.39","3","0.0","--","--","--","--","--","--","00:00:00","01:05:28","61","65"
Inne,2021-09-13 18:06:00,false,"Gdańsk Silka","0.01","318","00:56:50","105","139","1.1","8","155","0.0","6.4","--","--","0.03","0.0","0.0","0.0","0.0","0.0","--","--","--","--","--","0:00","0.0","0:00","Nie","56:49.83","1","0.0","--","--","--","--","--","--","00:00:00","00:56:50","62","63"
Inne,2021-09-04 15:15:20,false,"Gdańsk Silka","2.23","345","00:51:45","109","148","1.6","12","176","2.6","21.3","2","1","5.09","0.0","0.0","0.0","0.0","0.0","--","--","--","--","--","0:00","0.0","0:00","Nie","06:24.67","3","0.0","--","--","--","--","--","--","00:00:00","00:51:45","62","65"
Ergometr wioślarski,2021-09-04 15:04:19,false,"Ergometr wioślarski","--","116","00:09:21.7","138","156","2.1","--","--","--","--","--","--","0.00","0.0","0.0","0.0","0.0","0.0","284","--","--","--","--","0:00","0.0","0:00","Nie","09:21.66","1","0.0","--","--","--","--","--","--","00:00:00","00:09:21.7","--","--"
Kolarstwo,2021-09-01 16:17:49,false,"Gdańsk Kolarstwo","15.02","658","01:20:10","144","171","3.4","--","--","11.2","44.6","59","36","0.00","0.0","0.0","0.0","0.0","0.0","--","--","--","--","--","0:00","0.0","0:00","Nie","00:11.26","4","0.0","--","--","--","--","--","--","00:00:00","01:20:10","5","48"
Kolarstwo,2021-09-01 08:01:51,false,"Gdańsk Kolarstwo","11.89","448","00:38:58","138","168","3.2","--","--","18.3","35.6","29","54","0.00","0.0","0.0","0.0","0.0","0.0","--","--","--","--","--","0:00","0.0","0:00","Nie","05:19.09","3","0.0","--","--","--","--","--","--","00:00:00","00:39:52","6","48"
Inne,2021-08-30 17:41:15,false,"Gdańsk Silka","0.90","407","00:48:57","123","157","2.4","10","199","1.1","22.7","--","--","1.81","0.0","0.0","0.0","0.0","0.0","--","--","--","--","--","0:00","0.0","0:00","Nie","48:56.96","1","0.0","--","--","--","--","--","--","00:00:00","00:48:57","61","65"
Kolarstwo,2021-08-18 15:52:01,false,"Gdańsk Kolarstwo","13.29","397","00:54:03","114","149","2.1","--","--","14.7","31.3","57","34","0.00","0.0","0.0","0.0","0.0","0.0","--","--","--","--","--","0:00","0.0","0:00","Nie","12:28.39","3","0.0","--","--","--","--","--","--","00:00:00","00:54:03","6","48"
Kolarstwo,2021-08-18 07:49:00,false,"Gdańsk Kolarstwo","11.79","271","00:36:01","113","141","2.0","--","--","19.6","37.2","36","63","0.00","0.0","0.0","0.0","0.0","0.0","--","--","--","--","--","0:00","0.0","0:00","Nie","04:36.96","3","0.0","--","--","--","--","--","--","00:00:00","00:36:01","6","48"
Inne,2021-08-17 18:45:54,false,"Gdańsk Silka","3.68","298","00:45:04","110","129","1.6","12","157","4.9","37.0","8","10","7.17","0.0","0.0","0.0","0.0","0.0","--","--","--","--","--","0:00","0.0","0:00","Nie","05:44.40","4","0.0","--","--","--","--","--","--","00:00:00","00:45:04","59","69"
Bieganie,2021-08-10 18:41:32,false,"Gdańsk Bieg","4.55","751","01:04:17","142","181","3.4","55","249","14:07","3:25","18","16","1.29","0.0","0.0","0.0","0.0","0.0","--","--","--","--","--","0:00","0.0","0:00","Nie","07:42.69","5","0.0","--","--","--","--","--","--","00:43:37","01:04:17","57","64"
Inne,2021-08-06 17:41:55,false,"Gdańsk Silka","2.25","311","00:44:06","105","165","1.9","13","166","3.1","22.1","--","1","3.95","0.0","0.0","0.0","0.0","0.0","--","--","--","--","--","0:00","0.0","0:00","Nie","04:23.02","3","0.0","--","--","--","--","--","--","00:24:54","01:02:44","62","65"
Bieganie,2021-08-03 18:37:18,false,"Gdańsk Bieg","6.17","910","01:19:41","139","184","3.4","53","249","12:55","2:55","6","6","1.47","0.0","0.0","0.0","0.0","0.0","--","--","--","--","--","0:00","0.0","0:00","Nie","02:05.56","7","0.0","--","--","--","--","--","--","00:56:28","01:19:41","58","64"
Inne,2021-08-02 18:34:26,false,"Gdańsk Silka","3.31","369","00:57:29","101","152","1.6","21","162","3.5","37.6","16","13","8.57","0.0","0.0","0.0","0.0","0.0","--","--","--","--","--","0:00","0.0","0:00","Nie","05:00.21","4","0.0","--","--","--","--","--","--","00:30:22","00:57:29","61","68"
Kolarstwo,2021-08-02 16:12:12,false,"Gdańsk Kolarstwo","11.56","383","00:46:36","117","150","1.9","--","--","14.9","34.3","53","30","0.00","0.0","0.0","0.0","0.0","0.0","--","--","--","--","--","0:00","0.0","0:00","Nie","13:51.61","3","0.0","--","--","--","--","--","--","00:32:02","00:48:54","6","48"
Kolarstwo,2021-08-02 07:57:42,false,"Gdańsk Kolarstwo","11.54","285","00:34:55","113","149","1.7","--","--","19.8","38.3","29","45","0.00","0.0","0.0","0.0","0.0","0.0","--","--","--","--","--","0:00","0.0","0:00","Nie","04:41.85","3","0.0","--","--","--","--","--","--","00:29:39","00:34:55","5","38"
Kolarstwo,2021-08-01 11:00:16,false,"Gdańsk Kolarstwo","34.63","705","02:06:32","101","137","0.9","--","--","16.4","26.7","36","54","0.00","0.0","0.0","0.0","0.0","0.0","--","--","--","--","--","0:00","0.0","0:00","Nie","13:47.12","7","0.0","--","--","--","--","--","--","02:01:21","02:21:34","-3","41"
Kolarstwo,2021-07-29 15:50:08,false,"Gdańsk Kolarstwo","11.73","402","00:41:04","124","152","2.2","--","--","17.1","32.6","45","20","0.00","0.0","0.0","0.0","0.0","0.0","--","--","--","--","--","0:00","0.0","0:00","Nie","08:08.55","3","0.0","--","--","--","--","--","--","00:34:37","00:42:21","6","48"
Kolarstwo,2021-07-29 08:11:58,false,"Gdańsk Kolarstwo","9.64","320","00:30:02","126","154","2.2","--","--","19.3","40.1","25","15","0.00","0.0","0.0","0.0","0.0","0.0","--","--","--","--","--","0:00","0.0","0:00","Nie","13:39.93","2","0.0","--","--","--","--","--","--","00:26:23","00:30:02","6","27"
Bieganie,2021-07-29 08:05:48,false,"Gdańsk Bieg","2.06","58","00:05:48.7","111","130","0.6","2","112","2:50","2:06","--","34","200.50","0.0","0.0","0.0","0.0","0.0","--","--","--","--","--","0:00","0.0","0:00","Nie","00:06.65","3","0.0","--","--","--","--","--","--","00:05:25.6","00:05:48.7","7","46"
Kolarstwo,2021-07-28 14:34:05,false,"Gdańsk Kolarstwo","12.58","422","00:40:01","129","168","2.8","--","--","18.9","35.6","82","45","0.00","0.0","0.0","0.0","0.0","0.0","--","--","--","--","--","0:00","0.0","0:00","Nie","11:17.78","3","0.0","--","--","--","--","--","--","00:37:59","00:42:11","5","78"
Kolarstwo,2021-07-28 07:53:33,false,"Gdańsk Kolarstwo","11.83","284","00:38:18","110","156","1.4","--","--","18.5","33.0","17","41","0.00","0.0","0.0","0.0","0.0","0.0","--","--","--","--","--","0:00","0.0","0:00","Nie","06:23.45","3","0.0","--","--","--","--","--","--","00:33:00","00:38:18","6","48"
Bieganie,2021-07-27 18:38:06,false,"Gdańsk Bieg","5.69","909","01:23:02","143","183","3.6","52","239","14:35","3:14","16","15","1.34","0.0","0.0","0.0","0.0","0.0","--","--","--","--","--","0:00","0.0","0:00","Nie","09:06.02","6","0.0","--","--","--","--","--","--","00:58:33","01:23:02","59","63"
Kolarstwo,2021-07-26 16:28:28,false,"Gdańsk Kolarstwo","6.11","245","00:29:32","114","149","1.3","--","--","12.4","27.3","13","13","0.00","0.0","0.0","0.0","0.0","0.0","--","--","--","--","--","0:00","0.0","0:00","Nie","03:13.24","2","0.0","--","--","--","--","--","--","00:18:29","01:04:04","7","22"
Kolarstwo,2021-07-26 08:06:27,false,"Gdańsk Kolarstwo","12.11","329","00:39:26","115","140","1.9","--","--","18.4","32.4","20","46","0.00","0.0","0.0","0.0","0.0","0.0","--","--","--","--","--","0:00","0.0","0:00","Nie","05:43.21","3","0.0","--","--","--","--","--","--","00:34:09","00:39:26","5","46"
Bieganie,2021-07-20 18:43:50,false,"Gdańsk Bieg","5.04","845","01:15:32","141","181","3.5","55","249","14:59","3:16","34","31","1.22","0.0","0.0","0.0","0.0","0.0","--","--","--","--","--","0:00","0.0","0:00","Nie","00:22.90","6","0.0","--","--","--","--","--","--","00:52:00","01:15:32","47","55"
Bieganie,2021-07-20 16:30:26,false,"Gdańsk Bieg","12.73","468","00:43:26","134","173","3.0","5","153","3:25","1:35","99","73","62.90","0.0","0.0","0.0","0.0","0.0","--","--","--","--","--","0:00","0.0","0:00","Nie","02:21.95","13","0.0","--","--","--","--","--","--","00:35:12","00:43:26","6","78"
Kolarstwo,2021-07-20 07:54:07,false,"Gdańsk Kolarstwo","11.51","337","00:40:35","116","142","1.7","--","--","17.0","39.2","24","41","0.00","0.0","0.0","0.0","0.0","0.0","--","--","--","--","--","0:00","0.0","0:00","Nie","08:22.39","3","0.0","--","--","--","--","--","--","00:32:17","00:40:35","5","36"
Kolarstwo,2021-07-19 15:46:34,false,"Gdańsk Kolarstwo","11.66","310","00:36:24","115","148","1.3","--","--","19.2","33.8","47","22","0.00","0.0","0.0","0.0","0.0","0.0","--","--","--","--","--","0:00","0.0","0:00","Nie","07:29.40","3","0.0","--","--","--","--","--","--","00:32:25","00:59:32","3","46"
Kolarstwo,2021-07-19 07:54:49,false,"Gdańsk Kolarstwo","12.84","316","00:44:51","110","145","1.3","--","--","17.2","38.8","60","85","0.00","0.0","0.0","0.0","0.0","0.0","--","--","--","--","--","0:00","0.0","0:00","Nie","13:34.00","3","0.0","--","--","--","--","--","--","00:36:49","00:44:51","6","78"
Kolarstwo,2021-07-15 18:28:01,false,"Gdańsk Kolarstwo","25.72","803","03:17:21","104","147","2.0","--","--","7.8","32.7","116","104","0.00","0.0","0.0","0.0","0.0","0.0","--","--","--","--","--","0:00","0.0","0:00","Nie","08:01.49","6","0.0","--","--","--","--","--","--","01:39:35","03:26:56","1","78"
Kolarstwo,2021-07-15 16:15:03,false,"Gdańsk Kolarstwo","11.59","398","00:39:35","124","150","2.1","--","--","17.6","31.2","35","12","0.00","0.0","0.0","0.0","0.0","0.0","--","--","--","--","--","0:00","0.0","0:00","Nie","08:01.89","3","0.0","--","--","--","--","--","--","00:34:38","00:39:35","6","48"
Kolarstwo,2021-07-15 07:57:39,false,"Gdańsk Kolarstwo","12.88","413","00:39:47","128","152","2.4","--","--","19.4","47.5","62","89","0.00","0.0","0.0","0.0","0.0","0.0","--","--","--","--","--","0:00","0.0","0:00","Nie","10:48.09","3","0.0","--","--","--","--","--","--","00:32:36","00:39:47","6","78"
Inne,2021-07-13 19:35:26,false,"Gdańsk Silka","2.67","314","00:49:48","100","146","1.3","29","199","3.2","28.2","10","9","10.49","0.0","0.0","0.0","0.0","0.0","--","--","--","--","--","0:00","0.0","0:00","Nie","08:34.44","3","0.0","--","--","--","--","--","--","00:29:09","00:49:48","62","71"
Kolarstwo,2021-07-11 10:41:07,false,"Gdańsk Kolarstwo","24.54","691","01:12:21","126","159","2.7","--","--","20.4","36.4","102","90","0.00","0.0","0.0","0.0","0.0","0.0","--","--","--","--","--","0:00","0.0","0:00","Nie","13:40.07","5","0.0","--","--","--","--","--","--","01:06:06","01:13:55","6","78"
Inne,2021-07-10 16:33:43,false,"Gdańsk Silka","0.44","227","00:33:33","105","125","0.8","16","199","0.8","11.6","1","1","0.81","0.0","0.0","0.0","0.0","0.0","--","--","--","--","--","0:00","0.0","0:00","Nie","33:32.87","1","0.0","--","--","--","--","--","--","00:03:16","00:33:33","63","66"
Bieganie,2021-07-06 18:41:54,false,"Gdańsk Bieg","5.32","966","01:17:40","149","183","3.9","60","249","14:36","3:02","9","10","1.15","0.0","0.0","0.0","0.0","0.0","--","--","--","--","--","0:00","0.0","0:00","Nie","03:56.65","6","0.0","--","--","--","--","--","--","00:56:31","01:17:40","59","63"
Inne,2021-07-05 18:42:22,false,"Gdańsk Silka","2.03","319","00:54:16","98","127","0.6","10","176","2.2","33.5","8","8","5.88","0.0","0.0","0.0","0.0","0.0","--","--","--","--","--","0:00","0.0","0:00","Nie","00:15.23","4","0.0","--","--","--","--","--","--","00:13:37","00:54:16","62","71"
Kolarstwo,2021-07-04 11:36:33,false,"Gdańsk Kolarstwo","43.19","1,049","03:33:01","94","156","1.3","--","--","12.2","34.3","88","112","0.00","0.0","0.0","0.0","0.0","0.0","--","--","--","--","--","0:00","0.0","0:00","Nie","15:08.92","9","0.0","--","--","--","--","--","--","02:55:29","04:52:37","-4","45"
Bieganie,2021-06-22 18:41:16,false,"Gdańsk Bieg","5.30","856","01:13:48","144","180","3.6","60","249","13:56","3:28","5","5","1.20","0.0","0.0","0.0","0.0","0.0","--","--","--","--","--","0:00","0.0","0:00","Nie","04:47.61","6","0.0","--","--","--","--","--","--","00:52:50","01:13:48","59","63"
Bieganie,2021-06-15 18:52:40,false,"Gdańsk Bieg","3.95","685","00:52:21","152","183","3.5","62","244","13:16","3:32","7","9","1.22","0.0","0.0","0.0","0.0","0.0","--","--","--","--","--","0:00","0.0","0:00","Nie","11:40.94","4","0.0","--","--","--","--","--","--","00:38:47","00:52:21","59","64"
Kolarstwo,2021-06-15 17:46:59,false,"Gdańsk Kolarstwo","9.83","363","00:36:49","122","157","2.3","--","--","16.0","36.7","60","14","0.00","0.0","0.0","0.0","0.0","0.0","--","--","--","--","--","0:00","0.0","0:00","Nie","14:41.80","2","0.0","--","--","--","--","--","--","00:31:09","00:36:49","6","67"
Bieganie,2021-06-08 18:41:12,false,"Gdańsk Bieg","4.14","793","00:59:38","153","183","4.0","50","249","14:24","3:33","36","36","1.40","0.0","0.0","0.0","0.0","0.0","--","--","--","--","--","0:00","0.0","0:00","Nie","01:27.89","5","0.0","--","--","--","--","--","--","00:41:45","00:59:38","47","55"
Kolarstwo,2021-06-08 17:40:38,false,"Gdańsk Kolarstwo","11.68","484","00:38:56","139","187","3.3","--","--","18.0","44.1","83","45","0.00","0.0","0.0","0.0","0.0","0.0","--","--","--","--","--","0:00","0.0","0:00","Nie","05:11.97","3","0.0","--","--","--","--","--","--","00:33:56","00:39:04","6","77"
Kolarstwo,2021-05-30 13:20:53,false,"Gdańsk Kolarstwo","27.15","1,066","02:41:00","113","143","2.0","--","--","10.1","43.0","320","261","0.00","0.0","0.0","0.0","0.0","0.0","--","--","--","--","--","0:00","0.0","0:00","Nie","11:18.43","6","0.0","--","--","--","--","--","--","02:00:22","02:41:00","20","158"
Bieganie,2021-05-25 18:39:08,false,"Gdańsk Bieg","6.05","566","01:21:13","114","149","2.0","61","249","13:26","2:14","3","3","1.25","0.0","0.0","0.0","0.0","0.0","--","--","--","--","--","0:00","0.0","0:00","Nie","00:31.94","7","0.0","--","--","--","--","--","--","01:04:34","01:21:13","60","63"
Kolarstwo,2021-05-10 09:49:52,false,"Choczewo Kolarstwo","106.66","4,096","08:31:49","129","163","4.9","--","--","12.5","42.2","518","507","0.00","0.0","0.0","0.0","0.0","0.0","--","--","--","--","--","0:00","0.0","0:00","Nie","12:58.77","22","0.0","--","--","--","--","--","--","06:43:41","08:31:49","-2","72"
Kolarstwo,2021-05-09 09:59:03,false,"Postomino Kolarstwo","119.51","4,665","09:28:32","131","172","5.0","--","--","12.6","44.8","332","348","0.00","0.0","0.0","0.0","0.0","0.0","--","--","--","--","--","0:00","0.0","0:00","Nie","11:48.89","24","0.0","--","--","--","--","--","--","07:30:22","10:40:04","-2","47"
Kolarstwo,2021-05-08 12:36:38,false,"Koszalin Kolarstwo","71.08","2,567","05:45:52","127","173","3.9","--","--","12.3","51.9","223","249","0.00","0.0","0.0","0.0","0.0","0.0","--","--","--","--","--","0:00","0.0","0:00","Nie","12:41.41","15","0.0","--","--","--","--","--","--","04:22:20","06:34:50","-7","50"
Bieganie,2021-04-24 15:10:29,false,"Gdańsk Bieg","5.11","598","01:12:50","126","177","3.1","56","235","14:15","2:29","11","10","1.28","0.0","0.0","0.0","0.0","0.0","--","--","--","--","--","0:00","0.0","0:00","Nie","01:12.67","6","0.0","--","--","--","--","--","--","00:49:54","01:12:50","59","63"
Kolarstwo,2021-04-21 17:43:20,false,"Gdańsk Kolarstwo","17.53","500","01:05:47","115","162","2.3","--","--","16.0","31.0","22","21","0.00","0.0","0.0","0.0","0.0","0.0","--","--","--","--","--","0:00","0.0","0:00","Nie","06:48.67","4","0.0","--","--","--","--","--","--","00:55:55","01:18:05","1","18"
Kolarstwo,2021-04-20 18:44:29,false,"Gdańsk Kolarstwo","16.12","578","00:48:18","140","170","3.4","--","--","20.0","33.5","51","52","0.00","0.0","0.0","0.0","0.0","0.0","--","--","--","--","--","0:00","0.0","0:00","Nie","07:26.49","4","0.0","--","--","--","--","--","--","00:42:45","00:48:18","-3","34"
Kolarstwo,2021-04-18 12:50:33,false,"Gdańsk Kolarstwo","23.02","633","01:36:34","109","141","1.3","--","--","14.3","24.3","89","89","0.00","0.0","0.0","0.0","0.0","0.0","--","--","--","--","--","0:00","0.0","0:00","Nie","12:17.92","5","0.0","--","--","--","--","--","--","01:27:50","02:04:20","1","21"
Kolarstwo,2021-04-11 09:57:28,false,"Gdańsk Kolarstwo","52.43","1,260","03:00:29","118","144","2.4","--","--","17.4","33.5","106","104","0.00","0.0","0.0","0.0","0.0","0.0","--","--","--","--","--","0:00","0.0","0:00","Nie","08:01.98","11","0.0","--","--","--","--","--","--","02:47:13","03:34:34","-12","20"
Kolarstwo,2021-03-30 17:10:12,false,"Gdańsk Kolarstwo","25.96","840","02:03:32","116","166","2.4","--","--","12.6","33.9","168","176","0.00","0.0","0.0","0.0","0.0","0.0","--","--","--","--","--","0:00","0.0","0:00","Nie","09:09.07","6","0.0","--","--","--","--","--","--","01:47:13","02:08:31","-2","78"
Kolarstwo,2021-03-27 11:21:35,false,"Rumia Kolarstwo","47.80","1,705","03:13:35","139","181","4.2","--","--","14.8","40.3","612","629","0.00","0.0","0.0","0.0","0.0","0.0","--","--","--","--","--","0:00","0.0","0:00","Nie","11:03.30","10","0.0","--","--","--","--","--","--","02:53:27","03:13:35","15","179"
Kardio,2021-03-13 12:08:49,false,"Cardio","0.00","630","00:53:06","145","179","3.5","--","--","--","--","--","--","0.00","0.0","0.0","0.0","0.0","0.0","--","--","--","--","--","0:00","0.0","0:00","Nie","53:06.38","1","0.0","--","--","--","--","--","--","00:00:00","00:53:06","--","--"
Bieganie,2021-02-28 12:42:07,false,"Gdańsk - Spokojny bieg","6.55","579","00:39:41","157","187","3.8","156","168","6:03","5:23","25","26","1.06","0.0","0.0","0.0","0.0","0.0","--","--","--","--","--","0:00","0.0","0:00","Nie","00:03.88","8","0.0","--","--","--","--","--","--","00:39:09","00:41:41","7","34"
Bieganie,2021-02-24 18:18:27,false,"Gdańsk - Serie z prawie sprintem","6.28","618","00:40:53","164","179","4.1","155","166","6:31","3:53","15","18","0.99","0.0","0.0","0.0","0.0","0.0","--","--","--","--","--","0:00","0.0","0:00","Nie","00:02.54","27","0.0","--","--","--","--","--","--","00:40:36","00:43:36","6","16"
Bieganie,2021-02-22 16:01:27,false,"Gdańsk - Spokojny bieg","4.57","452","00:28:58","164","176","3.8","157","205","6:20","4:58","11","5","1.01","0.0","0.0","0.0","0.0","0.0","--","--","--","--","--","0:00","0.0","0:00","Nie","03:43.51","6","0.0","--","--","--","--","--","--","00:28:48","00:29:51","10","25"
Bieganie,2021-02-06 15:04:26,false,"Gdańsk - Spokojny bieg","7.62","720","00:45:58","166","177","4.5","158","189","6:02","5:07","29","15","1.05","0.0","0.0","0.0","0.0","0.0","--","--","--","--","--","0:00","0.0","0:00","Nie","00:08.84","10","0.0","--","--","--","--","--","--","00:45:27","00:49:48","3","20"
Bieganie,2021-02-05 12:46:26,false,"Gdańsk - Serie z prawie sprintem","4.81","459","00:29:34","165","178","3.8","159","237","6:09","4:00","19","56","1.02","0.0","0.0","0.0","0.0","0.0","--","--","--","--","--","0:00","0.0","0:00","Nie","00:12.63","21","0.0","--","--","--","--","--","--","00:29:19","00:30:00","7","56"
Bieganie,2021-02-02 18:25:17,false,"Gdańsk - Spokojny bieg","5.83","584","00:38:35","162","174","3.9","158","221","6:37","5:14","24","21","0.96","0.0","0.0","0.0","0.0","0.0","--","--","--","--","--","0:00","0.0","0:00","Nie","00:15.35","8","0.0","--","--","--","--","--","--","00:38:14","00:40:51","5","20"
Bieganie,2021-01-28 16:56:37,false,"Gdańsk - Spokojny bieg","5.01","533","00:33:30","166","178","4.0","159","193","6:41","5:42","10","11","0.94","0.0","0.0","0.0","0.0","0.0","--","--","--","--","--","0:00","0.0","0:00","Nie","01:37.67","7","0.0","--","--","--","--","--","--","00:33:06","00:34:30","2","19"
Bieganie,2021-01-26 16:14:16,false,"Gdańsk - Spokojny bieg","5.03","551","00:31:40","176","184","4.6","158","199","6:18","4:53","47","49","1.00","0.0","0.0","0.0","0.0","0.0","--","--","--","--","--","0:00","0.0","0:00","Nie","01:40.46","7","0.0","--","--","--","--","--","--","00:31:31","00:31:40","7","33"
Bieganie,2021-01-04 16:06:44,false,"Gdańsk - Bieg wzorcowy","4.65","428","00:28:07","157","180","3.5","157","177","6:02","4:31","18","20","1.05","0.0","0.0","0.0","0.0","0.0","--","--","--","--","--","0:00","0.0","0:00","Nie","00:01.74","8","0.0","--","--","--","--","--","--","00:27:57","00:28:26","9","27"
Bieganie,2021-01-02 12:22:21,false,"Kolbudy Bieg","4.49","404","00:29:23","148","176","3.1","157","193","6:33","5:38","73","88","0.97","0.0","0.0","0.0","0.0","0.0","--","--","--","--","--","0:00","0.0","0:00","Nie","03:02.24","5","0.0","--","--","--","--","--","--","00:29:16","00:39:45","114","154"
Kolarstwo,2020-12-28 09:45:34,false,"Gdańsk Kolarstwo","31.04","1,256","02:24:31","134","174","3.6","--","--","12.9","39.3","342","337","0.00","0.0","0.0","0.0","0.0","0.0","--","--","--","--","--","0:00","0.0","0:00","Nie","05:11.39","7","0.0","--","--","--","--","--","--","01:55:22","02:28:39","14","159"
Kardio,2020-12-23 16:04:40,false,"Cardio","0.00","601","01:01:11","131","160","2.9","--","--","--","--","--","--","0.00","0.0","0.0","0.0","0.0","0.0","--","--","--","--","--","0:00","0.0","0:00","Nie","01:01:11.14","1","0.0","--","--","--","--","--","--","00:00:00","01:01:11","--","--"
Kardio,2020-12-19 13:07:15,false,"Cardio","0.00","504","01:03:10","118","162","2.3","--","--","--","--","--","--","0.00","0.0","0.0","0.0","0.0","0.0","--","--","--","--","--","0:00","0.0","0:00","Nie","01:03:10.43","1","0.0","--","--","--","--","--","--","00:00:00","01:03:10","--","--"
Kardio,2020-12-18 18:41:49,false,"Cardio","0.00","383","00:42:52","120","122","1.9","--","--","--","--","--","--","0.00","0.0","0.0","0.0","0.0","0.0","--","--","--","--","--","0:00","0.0","0:00","Nie","42:52.31","1","0.0","--","--","--","--","--","--","00:00:00","00:42:52","--","--"
Kardio,2020-12-18 18:04:24,false,"Cardio","0.00","338","00:36:59","121","160","1.8","--","--","--","--","--","--","0.00","0.0","0.0","0.0","0.0","0.0","--","--","--","--","--","0:00","0.0","0:00","Nie","36:59.37","1","0.0","--","--","--","--","--","--","00:00:00","00:36:59","--","--"
Kardio,2020-12-15 18:02:43,false,"Cardio","0.00","728","00:56:02","145","181","3.4","--","--","--","--","--","--","0.00","0.0","0.0","0.0","0.0","0.0","--","--","--","--","--","0:00","0.0","0:00","Nie","56:01.98","1","0.0","--","--","--","--","--","--","00:00:00","01:20:11","--","--"
Kardio,2020-12-11 18:17:37,false,"Cardio","0.00","946","01:21:18","139","175","3.4","--","--","--","--","--","--","0.00","0.0","0.0","0.0","0.0","0.0","--","--","--","--","--","0:00","0.0","0:00","Nie","01:21:18.14","1","0.0","--","--","--","--","--","--","00:00:00","01:21:18","--","--"
Ergometr wioślarski,2020-12-11 18:17:10,false,"Ergometr wioślarski","--","--","00:00:00.9","119","119","--","--","--","--","--","--","--","0.00","0.0","0.0","0.0","0.0","0.0","--","--","--","--","--","0:00","0.0","0:00","Nie","00:00.92","1","0.0","--","--","--","--","--","--","00:00:00","00:00:00.9","--","--"
Ergometr wioślarski,2020-12-11 18:04:03,false,"Ergometr wioślarski","--","132","00:10:45","133","150","1.9","--","--","--","--","--","--","0.00","0.0","0.0","0.0","0.0","0.0","235","--","--","--","--","0:00","0.0","0:00","Nie","10:45.45","1","0.0","--","--","--","--","--","--","00:00:00","00:10:45","--","--"
Ergometr wioślarski,2020-12-07 16:35:21,false,"Ergometr wioślarski","--","264","00:19:15","144","169","2.7","--","--","--","--","--","--","0.00","0.0","0.0","0.0","0.0","0.0","576","--","--","--","--","0:00","0.0","0:00","Nie","19:15.38","1","0.0","--","--","--","--","--","--","00:00:00","00:19:15","--","--"
Ergometr wioślarski,2020-12-04 17:18:07,false,"Ergometr wioślarski","--","269","00:20:31","140","168","2.5","--","--","--","--","--","--","0.00","0.0","0.0","0.0","0.0","0.0","603","--","--","--","--","0:00","0.0","0:00","Nie","20:30.71","1","0.0","--","--","--","--","--","--","00:00:00","00:20:31","--","--"
Bieganie,2020-11-25 20:35:35,false,"Gdańsk Bieg","3.22","839","01:19:24","138","178","3.5","29","239","24:37","3:59","--","--","1.23","0.0","0.0","0.0","0.0","0.0","--","--","--","--","--","0:00","0.0","0:00","Nie","14:55.54","4","0.0","--","--","--","--","--","--","00:31:45","01:21:33","5","6"
Kolarstwo,2020-11-21 09:37:17,false,"Gdańsk Kolarstwo","52.10","1,627","03:21:27","129","170","3.4","--","--","15.5","39.2","501","505","0.00","0.0","0.0","0.0","0.0","0.0","--","--","--","--","--","0:00","0.0","0:00","Nie","09:59.48","11","0.0","--","--","--","--","--","--","02:55:34","03:21:27","--","157"
Ergometr wioślarski,2020-11-19 19:43:53,false,"Ergometr wioślarski","--","373","00:27:46","142","167","3.0","--","--","--","--","--","--","0.00","0.0","0.0","0.0","0.0","0.0","907","--","--","--","--","0:00","0.0","0:00","Nie","27:46.40","1","0.0","--","--","--","--","--","--","00:00:00","00:27:46","--","--"
Bieganie,2020-11-18 20:37:23,false,"Gdańsk Bieg","4.68","867","01:23:37","135","186","3.8","39","249","17:51","2:50","--","--","1.46","0.0","0.0","0.0","0.0","0.0","--","--","--","--","--","0:00","0.0","0:00","Nie","14:08.48","5","0.0","--","--","--","--","--","--","00:44:03","01:23:37","-1","5"
Bieganie,2020-11-16 18:52:29,false,"Gdańsk Bieg","4.51","425","00:25:42","165","184","3.8","162","210","5:42","3:33","28","28","1.08","0.0","0.0","0.0","0.0","0.0","--","--","--","--","--","0:00","0.0","0:00","Nie","02:54.41","5","0.0","--","--","--","--","--","--","00:25:25","00:27:58","9","34"
Ergometr wioślarski,2020-11-12 18:58:18,false,"Ergometr wioślarski","--","422","00:30:34","154","173","3.4","--","--","--","--","--","--","0.00","0.0","0.0","0.0","0.0","0.0","1038","--","--","--","--","0:00","0.0","0:00","Nie","30:34.44","1","0.0","--","--","--","--","--","--","00:00:00","00:30:57","--","--"
Ergometr wioślarski,2020-11-10 16:47:58,false,"Ergometr wioślarski","--","367","00:26:58","153","170","3.1","--","--","--","--","--","--","0.00","0.0","0.0","0.0","0.0","0.0","888","--","--","--","--","0:00","0.0","0:00","Nie","26:57.63","1","0.0","--","--","--","--","--","--","00:00:00","00:26:58","--","--"
Ergometr wioślarski,2020-11-07 10:48:01,false,"Ergometr wioślarski","--","449","00:35:01","147","165","3.2","--","--","--","--","--","--","0.00","0.0","0.0","0.0","0.0","0.0","1050","--","--","--","--","0:00","0.0","0:00","Nie","35:00.85","1","0.0","--","--","--","--","--","--","00:00:00","00:35:01","--","--"
Ergometr wioślarski,2020-11-05 17:23:25,false,"Ergometr wioślarski","--","542","00:37:34","154","168","3.7","--","--","--","--","--","--","0.00","0.0","0.0","0.0","0.0","0.0","1030","--","--","--","--","0:00","0.0","0:00","Nie","37:34.07","1","0.0","--","--","--","--","--","--","00:00:00","00:37:34","--","--"
Kolarstwo,2020-10-25 09:41:24,false,"Gdańsk Kolarstwo","43.65","1,260","02:43:57","125","157","2.9","--","--","16.0","58.2","784","754","0.00","0.0","0.0","0.0","0.0","0.0","--","--","--","--","--","0:00","0.0","0:00","Nie","02:43:56.59","1","0.0","--","--","--","--","--","--","02:16:20","02:47:12","-42","158"
Inne,2020-10-20 20:11:51,false,"Gdańsk Football","4.54","687","01:17:58","129","158","2.7","41","241","3.5","16.6","1","1","1.42","0.0","0.0","0.0","0.0","0.0","--","--","--","--","--","0:00","0.0","0:00","Nie","01:17:58.20","1","0.0","--","--","--","--","--","--","01:03:37","01:17:58","6","7"
Trening siłowy,2020-10-16 17:45:27,false,"Strength","0.00","278","00:29:57","123","139","1.9","--","--","--","--","--","--","0.00","0.0","0.0","0.0","0.0","0.0","--","--","--","18","3","0:00","0.0","0:00","Nie","29:56.94","1","0.0","--","--","--","--","--","--","00:28:14","00:30:03","--","--"
Ergometr wioślarski,2020-10-16 17:31:39,false,"Ergometr wioślarski","--","136","00:11:47","132","147","2.0","--","--","--","--","--","--","0.00","0.0","0.0","0.0","0.0","0.0","299","--","--","--","--","0:00","0.0","0:00","Nie","11:47.14","1","0.0","--","--","--","--","--","--","00:00:00","00:13:29","--","--"
Ergometr wioślarski,2020-10-14 18:51:02,false,"Ergometr wioślarski","--","256","00:19:33","140","160","2.6","--","--","--","--","--","--","0.00","0.0","0.0","0.0","0.0","0.0","570","--","--","--","--","0:00","0.0","0:00","Nie","19:33.03","1","0.0","--","--","--","--","--","--","00:00:00","00:19:33","--","--"
Trening siłowy,2020-10-14 18:16:47,false,"Strength","0.00","322","00:33:23","125","159","2.0","--","--","--","--","--","--","0.00","0.0","0.0","0.0","0.0","0.0","--","--","--","4","1","0:00","0.0","0:00","Nie","33:23.03","1","0.0","--","--","--","--","--","--","00:33:23","00:33:23","--","--"
Inne,2020-10-13 20:07:13,false,"Gdańsk Football","5.68","966","01:22:53","146","178","3.8","53","245","4.1","16.4","--","--","1.29","0.0","0.0","0.0","0.0","0.0","--","--","--","--","--","0:00","0.0","0:00","Nie","01:22:53.28","1","0.0","--","--","--","--","--","--","01:11:32","01:22:53","6","7"
Trening siłowy,2020-10-10 12:21:54,false,"Strength","0.00","514","00:49:53","132","153","2.5","--","--","--","--","--","--","0.00","0.0","0.0","0.0","0.0","0.0","--","--","--","13","1","0:00","0.0","0:00","Nie","49:52.97","1","0.0","--","--","--","--","--","--","00:49:53","00:49:53","--","--"
Pływanie w basenie,2020-10-09 18:04:24,false,"Pływanie w basenie","1,225","379","00:34:30","138","161","2.9","--","--","2:41","1:15","--","--","0.00","0.0","0.0","0.0","0.0","0.0","931","59","28","--","--","0:00","0.0","0:00","Nie","34:30.42","1","0.0","--","--","--","--","--","--","00:32:48","00:35:33","--","--"
Trening siłowy,2020-10-07 18:21:21,false,"Strength","0.00","489","00:48:54","130","168","2.6","--","--","--","--","--","--","0.00","0.0","0.0","0.0","0.0","0.0","--","--","--","10","1","0:00","0.0","0:00","Nie","48:53.84","1","0.0","--","--","--","--","--","--","00:48:54","00:48:54","--","--"
Trening siłowy,2020-10-05 19:11:05,false,"Strength","0.00","450","00:47:15","129","155","2.4","--","--","--","--","--","--","0.00","0.0","0.0","0.0","0.0","0.0","--","--","--","--","2","0:00","0.0","0:00","Nie","47:14.71","1","0.0","--","--","--","--","--","--","00:00:10","00:47:17","--","--"
Kardio,2020-10-01 20:13:20,false,"Cardio","0.00","520","00:51:26","134","164","3.0","--","--","--","--","--","--","0.00","0.0","0.0","0.0","0.0","0.0","--","--","--","--","--","0:00","0.0","0:00","Nie","51:25.52","1","0.0","--","--","--","--","--","--","00:00:00","00:51:26","--","--"
Kolarstwo,2020-09-30 17:50:17,false,"Gdańsk Kolarstwo","18.59","533","00:55:42","129","149","2.7","--","--","20.0","34.8","36","36","0.00","0.0","0.0","0.0","0.0","0.0","--","--","--","--","--","0:00","0.0","0:00","Nie","55:42.08","1","0.0","--","--","--","--","--","--","00:52:44","00:55:42","-1","26"
Kolarstwo,2020-09-28 16:53:59,false,"Gdańsk Kolarstwo","18.41","520","01:30:05","105","134","1.5","--","--","12.3","28.2","52","53","0.00","0.0","0.0","0.0","0.0","0.0","--","--","--","--","--","0:00","0.0","0:00","Nie","01:30:04.100","1","0.0","--","--","--","--","--","--","01:15:07","01:30:05","--","27"
Pływanie w basenie,2020-09-25 18:01:28,false,"Pływanie w basenie","1,250","382","00:37:03","134","154","2.7","--","--","2:47","1:07","--","--","0.00","0.0","0.0","0.0","0.0","0.0","966","61","28","--","--","0:00","0.0","0:00","Nie","37:02.94","1","0.0","--","--","--","--","--","--","00:34:46","00:37:13","--","--"
Inne,2020-09-22 20:22:41,false,"Gdańsk Football","4.49","419","01:10:29","110","132","1.3","47","243","3.8","15.7","1","--","1.35","0.0","0.0","0.0","0.0","0.0","--","--","--","--","--","0:00","0.0","0:00","Nie","01:10:29.10","1","0.0","--","--","--","--","--","--","01:01:24","01:10:29","6","7"
Bieganie,2020-09-22 20:09:29,false,"Gdańsk Bieg","1.01","81","00:12:57","103","119","0.4","59","230","12:52","3:47","--","--","1.32","0.0","0.0","0.0","0.0","0.0","--","--","--","--","--","0:00","0.0","0:00","Nie","00:05.18","2","0.0","--","--","--","--","--","--","00:10:48","00:12:57","6","7"
Pływanie w basenie,2020-09-18 18:02:05,false,"Pływanie w basenie","1,200","368","00:34:47","128","146","2.4","--","--","2:48","0:57","--","--","0.00","0.0","0.0","0.0","0.0","0.0","967","62","29","--","--","0:00","0.0","0:00","Nie","34:47.39","1","0.0","--","--","--","--","--","--","00:33:40","00:35:29","--","--"
Inne,2020-09-16 18:10:00,false,"Gdańsk Football","5.65","554","01:23:46","115","150","1.9","52","249","4.0","19.9","69","67","1.31","0.0","0.0","0.0","0.0","0.0","--","--","--","--","--","0:00","0.0","0:00","Nie","01:23:46.07","1","0.0","--","--","--","--","--","--","01:07:09","01:23:46","47","55"
Kardio,2020-09-12 13:56:43,false,"Cardio","0.00","418","00:37:41","133","172","2.8","--","--","--","--","--","--","0.00","0.0","0.0","0.0","0.0","0.0","--","--","--","--","--","0:00","0.0","0:00","Nie","37:40.81","1","0.0","--","--","--","--","--","--","00:00:00","00:37:41","--","--"
Kolarstwo,2020-09-09 17:34:21,false,"Gdańsk Kolarstwo","27.55","724","01:53:43","111","131","1.9","--","--","14.5","33.8","55","56","0.00","0.0","0.0","0.0","0.0","0.0","--","--","--","--","--","0:00","0.0","0:00","Nie","01:53:43.38","1","0.0","--","--","--","--","--","--","01:33:03","01:53:43","-2","32"
Kolarstwo,2020-08-24 10:17:18,false,"Cekcyn Kolarstwo","69.89","1,815","05:01:57","114","151","2.3","--","--","13.9","45.0","325","372","0.00","0.0","0.0","0.0","0.0","0.0","--","--","--","--","--","0:00","0.0","0:00","Nie","05:01:56.72","1","0.0","--","--","--","--","--","--","03:51:35","05:01:57","46","122"
Kolarstwo,2020-08-23 10:15:17,false,"Kościerzyna (Gmina) Kolarstwo","113.54","3,735","09:26:06","117","154","3.1","--","--","12.0","39.9","535","585","0.00","0.0","0.0","0.0","0.0","0.0","--","--","--","--","--","0:00","0.0","0:00","Nie","09:26:06.01","1","0.0","--","--","--","--","--","--","06:32:41","10:37:18","91","167"
Kolarstwo,2020-08-22 11:14:52,false,"Kartuzy Kolarstwo","66.36","2,245","05:53:28","117","163","2.7","--","--","11.3","48.3","430","525","0.00","0.0","0.0","0.0","0.0","0.0","--","--","--","--","--","0:00","0.0","0:00","Nie","05:53:27.79","1","0.0","--","--","--","--","--","--","04:26:42","08:04:39","133","249"
Kolarstwo,2020-08-22 07:33:18,false,"Gdańsk Kolarstwo","39.93","1,250","02:33:11","127","165","3.2","--","--","15.6","42.6","462","244","0.00","0.0","0.0","0.0","0.0","0.0","--","--","--","--","--","0:00","0.0","0:00","Nie","02:33:10.52","1","0.0","--","--","--","--","--","--","02:20:19","03:16:32","15","234"
Inne,2020-08-19 18:17:23,false,"Gdańsk Football","7.09","609","01:41:28","110","141","1.5","53","249","4.2","19.5","44","43","1.32","0.0","0.0","0.0","0.0","0.0","--","--","--","--","--","0:00","0.0","0:00","Nie","01:41:28.35","1","0.0","--","--","--","--","--","--","01:26:40","01:41:28","47","55"
Kolarstwo,2020-08-15 14:21:17,false,"Gdańsk Kolarstwo","6.74","164","00:31:36","97","116","0.5","--","--","12.8","28.0","20","116","0.00","0.0","0.0","0.0","0.0","0.0","--","--","--","--","--","0:00","0.0","0:00","Nie","31:36.42","1","0.0","--","--","--","--","--","--","00:27:50","00:31:36","--","97"
Kolarstwo,2020-08-15 12:14:13,false,"Gdańsk Kolarstwo","15.91","487","01:29:06","103","138","1.0","--","--","10.7","33.1","274","194","0.00","0.0","0.0","0.0","0.0","0.0","--","--","--","--","--","0:00","0.0","0:00","Nie","01:29:06.01","1","0.0","--","--","--","--","--","--","01:18:20","01:29:06","15","155"
Inne,2020-08-12 18:11:31,false,"Gdańsk Football","7.02","581","01:40:08","106","136","1.4","54","240","4.2","16.9","56","59","1.29","0.0","0.0","0.0","0.0","0.0","--","--","--","--","--","0:00","0.0","0:00","Nie","01:40:07.53","1","0.0","--","--","--","--","--","--","01:25:25","01:40:08","47","55"
Kolarstwo,2020-08-09 11:38:46,false,"Gdańsk Kolarstwo","40.99","1,094","02:18:53","128","166","3.2","--","--","17.7","50.6","437","422","0.00","0.0","0.0","0.0","0.0","0.0","--","--","--","--","--","0:00","0.0","0:00","Nie","02:18:53.05","1","0.0","--","--","--","--","--","--","02:11:37","02:47:20","13","159"
Kolarstwo,2020-08-08 16:42:45,false,"Sztutowo Kolarstwo","20.88","533","01:31:30","109","144","1.8","--","--","13.7","29.6","59","73","0.00","0.0","0.0","0.0","0.0","0.0","--","--","--","--","--","0:00","0.0","0:00","Nie","01:31:29.84","1","0.0","--","--","--","--","--","--","01:22:18","01:38:43","-1","26"
Kolarstwo,2020-08-08 13:08:20,false,"Stegna Kolarstwo","21.38","584","01:41:52","106","127","1.3","--","--","12.6","27.3","75","61","0.00","0.0","0.0","0.0","0.0","0.0","--","--","--","--","--","0:00","0.0","0:00","Nie","01:41:52.19","1","0.0","--","--","--","--","--","--","01:31:33","01:41:52","-1","24"
Inne,2020-08-05 18:07:52,false,"Gdańsk Football","7.13","567","01:33:27","111","138","1.7","63","249","4.6","22.5","32","30","1.21","0.0","0.0","0.0","0.0","0.0","--","--","--","--","--","0:00","0.0","0:00","Nie","01:33:27.48","1","0.0","--","--","--","--","--","--","01:22:09","01:33:27","47","55"
Chodzenie,2020-07-21 09:13:29,false,"Ehrwald Spacerowanie","20.87","2,355","06:24:43","108","163","3.2","64","230","18:26","6:13","1,020","1,111","0.93","0.0","0.0","0.0","0.0","0.0","--","--","--","--","--","0:00","0.0","0:00","Nie","12:06.16","21","0.0","--","--","--","--","--","--","04:40:07","08:01:42","979","1,900"
Chodzenie,2020-07-18 09:09:52,false,"San Martino in Badia Spacerowanie","20.22","2,092","06:18:03","105","150","2.0","68","232","18:41","5:21","764","1,201","0.80","0.0","0.0","0.0","0.0","0.0","--","--","--","--","--","0:00","0.0","0:00","Nie","07:07.92","21","0.0","--","--","--","--","--","--","04:53:03","08:32:14","1,681","2,351"
Chodzenie,2020-07-17 10:31:32,false,"Rodengo Spacerowanie","21.51","2,540","06:37:20","113","155","2.9","75","211","18:29","8:05","954","553","0.72","0.0","0.0","0.0","0.0","0.0","--","--","--","--","--","0:00","0.0","0:00","Nie","08:05.12","23","0.0","--","--","--","--","--","--","05:15:27","07:53:28","1,716","2,157"
Chodzenie,2020-07-13 09:33:04,false,"Krimml Spacerowanie","18.61","2,879","07:46:59","114","161","3.1","43","209","25:06","8:05","1,381","1,383","1.24","0.0","0.0","0.0","0.0","0.0","--","--","--","--","--","0:00","0.0","0:00","Nie","10:07.31","19","0.0","--","--","--","--","--","--","04:01:28","08:52:27","1,423","2,804"
Chodzenie,2020-07-12 14:10:28,false,"Krimml Spacerowanie","15.07","1,506","04:27:20","106","145","2.0","71","216","17:44","0:46","735","766","0.88","0.0","0.0","0.0","0.0","0.0","--","--","--","--","--","0:00","0.0","0:00","Nie","00:02.67","16","0.0","--","--","--","--","--","--","03:23:10","04:27:20","1,032","1,594"
Inne,2020-07-07 20:05:40,false,"Gdańsk Football","4.67","470","01:26:42","104","127","0.6","42","249","3.2","17.0","--","--","1.30","0.0","0.0","0.0","0.0","0.0","--","--","--","--","--","0:00","0.0","0:00","Nie","01:26:41.68","1","0.0","--","--","--","--","--","--","01:06:30","01:26:42","5","6"
Kolarstwo,2020-06-25 19:52:50,false,"Kosakowo Kolarstwo","33.73","976","02:13:17","122","149","2.7","--","--","15.2","41.1","169","154","0.00","0.0","0.0","0.0","0.0","0.0","--","--","--","--","--","0:00","0.0","0:00","Nie","02:13:16.97","1","0.0","--","--","--","--","--","--","01:52:17","02:13:17","-3","65"
Kolarstwo,2020-06-13 11:40:10,false,"Chojnice (Gmina) Kolarstwo","50.99","1,475","04:36:25","104","140","1.3","--","--","11.1","34.1","340","342","0.00","0.0","0.0","0.0","0.0","0.0","--","--","--","--","--","0:00","0.0","0:00","Nie","04:36:24.87","1","0.0","--","--","--","--","--","--","04:04:03","08:29:41","116","154"
Kolarstwo,2020-06-12 14:56:51,false,"Chojnice (Gmina) Kolarstwo","24.33","784","02:10:34","110","156","2.1","--","--","11.2","31.5","196","199","0.00","0.0","0.0","0.0","0.0","0.0","--","--","--","--","--","0:00","0.0","0:00","Nie","02:10:34.31","1","0.0","--","--","--","--","--","--","01:47:51","02:10:34","118","173"
Kolarstwo,2020-06-07 08:59:35,false,"Gdańsk Kolarstwo","58.77","1,832","03:57:48","127","167","3.2","--","--","14.8","49.8","496","488","0.00","0.0","0.0","0.0","0.0","0.0","--","--","--","--","--","0:00","0.0","0:00","Nie","03:57:47.56","1","0.0","--","--","--","--","--","--","03:19:53","05:10:37","5","160"
Kolarstwo,2020-06-01 18:03:17,false,"Gdańsk Kolarstwo","19.31","515","01:14:13","114","149","2.1","--","--","15.6","42.3","118","118","0.00","0.0","0.0","0.0","0.0","0.0","--","--","--","--","--","0:00","0.0","0:00","Nie","00:00.00","1","0.0","--","--","--","--","--","--","01:07:32","01:14:13","5","103"
Kolarstwo,2020-05-31 11:44:11,false,"Gdańsk Kolarstwo","34.25","968","02:33:10","110","149","1.7","--","--","13.4","30.1","323","326","0.00","0.0","0.0","0.0","0.0","0.0","--","--","--","--","--","0:00","0.0","0:00","Nie","00:00.00","1","0.0","--","--","--","--","--","--","02:22:04","03:16:23","8","168"
Kolarstwo,2020-05-28 16:44:18,false,"Gdańsk Kolarstwo","25.64","797","01:33:52","130","166","3.2","--","--","16.4","30.5","342","332","0.00","0.0","0.0","0.0","0.0","0.0","--","--","--","--","--","0:00","0.0","0:00","Nie","00:00.00","1","0.0","--","--","--","--","--","--","01:27:14","01:42:37","15","159"
Kolarstwo,2020-05-22 16:20:45,false,"Gdańsk Kolarstwo","10.41","448","01:03:07","114","137","2.0","--","--","9.9","28.2","27","27","0.00","0.0","0.0","0.0","0.0","0.0","--","--","--","--","--","0:00","0.0","0:00","Nie","00:00.00","1","0.0","--","--","--","--","--","--","00:49:37","01:03:07","-4","16"
Kolarstwo,2020-05-09 07:15:37,false,"Gdańsk Kolarstwo","120.89","3,321","07:02:33","130","171","4.2","--","--","17.2","52.1","999","997","0.00","0.0","0.0","0.0","0.0","0.0","--","--","--","--","--","0:00","0.0","0:00","Nie","00:00.00","1","0.0","--","--","--","--","--","--","00:00:00","08:29:48","23","274"
Bieganie,2020-05-04 16:59:14,false,"Gdańsk Bieg","5.00","397","00:26:32","162","183","4.0","160","199","5:18","4:44","25","28","1.18","0.0","0.0","0.0","0.0","0.0","--","--","--","--","--","0:00","0.0","0:00","Nie","00:01.22","6","0.0","--","--","--","--","--","--","00:26:29","00:27:25","6","41"
Kolarstwo,2020-05-02 10:32:23,false,"Gdańsk Kolarstwo","30.34","865","01:38:41","133","169","3.5","--","--","18.4","40.2","286","290","0.00","0.0","0.0","0.0","0.0","0.0","--","--","--","--","--","0:00","0.0","0:00","Nie","00:00.00","1","0.0","--","--","--","--","--","--","01:34:20","01:38:41","8","159"
Kolarstwo,2020-04-26 11:46:51,false,"Gdańsk Kolarstwo","36.28","1,267","02:57:22","124","157","3.2","--","--","12.3","45.7","452","441","0.00","0.0","0.0","0.0","0.0","0.0","--","--","--","--","--","0:00","0.0","0:00","Nie","00:00.00","1","0.0","--","--","--","--","--","--","02:20:27","03:27:30","15","157"
Kolarstwo,2020-04-23 17:34:17,false,"Gdańsk Kolarstwo","20.69","844","01:58:23","119","153","2.5","--","--","10.5","30.0","257","260","0.00","0.0","0.0","0.0","0.0","0.0","--","--","--","--","--","0:00","0.0","0:00","Nie","00:00.00","1","0.0","--","--","--","--","--","--","01:42:56","01:58:23","3","155"
Kolarstwo,2020-04-22 16:44:49,false,"Gdańsk Kolarstwo","25.01","744","01:43:13","119","150","2.3","--","--","14.5","32.0","59","61","0.00","0.0","0.0","0.0","0.0","0.0","--","--","--","--","--","0:00","0.0","0:00","Nie","00:01.38","3","0.0","--","--","--","--","--","--","01:26:43","02:38:02","-1","28"
Kolarstwo,2020-04-20 16:38:17,false,"Gdańsk Kolarstwo","25.40","834","01:35:23","132","168","3.3","--","--","16.0","35.0","321","322","0.00","0.0","0.0","0.0","0.0","0.0","--","--","--","--","--","0:00","0.0","0:00","Nie","00:00.00","1","0.0","--","--","--","--","--","--","01:30:48","01:35:23","15","155"
Kolarstwo,2020-04-19 13:09:31,false,"Gdańsk Kolarstwo","27.07","780","01:14:49","137","164","3.4","--","--","21.7","38.5","43","46","0.00","0.0","0.0","0.0","0.0","0.0","--","--","--","--","--","0:00","0.0","0:00","Nie","00:00.00","1","0.0","--","--","--","--","--","--","01:10:32","01:15:22","-3","36"
Kolarstwo,2020-04-16 15:43:34,false,"Gdańsk Kolarstwo","3.90","108","00:13:41","111","134","0.8","--","--","17.1","34.3","32","24","0.00","0.0","0.0","0.0","0.0","0.0","--","--","--","--","--","0:00","0.0","0:00","Nie","00:00.00","1","0.0","--","--","--","--","--","--","00:10:31","00:13:41","11","39"
Bieganie,2020-04-16 15:16:23,false,"Gdańsk Bieg","3.25","245","00:17:37","153","181","3.2","161","174","5:25","4:38","5","3","1.15","0.0","0.0","0.0","0.0","0.0","--","--","--","--","--","0:00","0.0","0:00","Nie","01:25.95","4","0.0","--","--","--","--","--","--","00:17:32","00:17:40","13","26"
Kolarstwo,2020-04-09 16:03:29,false,"Gdańsk Kolarstwo","8.15","280","00:27:36","127","163","2.4","--","--","17.7","37.7","79","28","0.00","0.0","0.0","0.0","0.0","0.0","--","--","--","--","--","0:00","0.0","0:00","Nie","00:00.00","1","0.0","--","--","--","--","--","--","00:24:17","00:27:36","-4","75"
Bieganie,2020-04-08 17:00:19,false,"Gdańsk Bieg","5.28","423","00:28:23","163","182","4.0","158","168","5:22","4:50","34","39","1.17","0.0","0.0","0.0","0.0","0.0","--","--","--","--","--","0:00","0.0","0:00","Nie","01:29.96","6","0.0","--","--","--","--","--","--","00:28:13","00:29:58","9","58"
Kolarstwo,2020-04-07 20:03:31,false,"Gdańsk Kolarstwo","8.09","226","00:24:20","122","142","2.0","--","--","20.0","34.5","13","69","0.00","0.0","0.0","0.0","0.0","0.0","--","--","--","--","--","0:00","0.0","0:00","Nie","00:00.00","1","0.0","--","--","--","--","--","--","00:23:07","00:24:20","5","72"
Kolarstwo,2020-04-07 15:44:20,false,"Gdańsk Kolarstwo","6.26","204","00:27:32","112","129","1.2","--","--","13.6","36.2","71","10","0.00","0.0","0.0","0.0","0.0","0.0","--","--","--","--","--","0:00","0.0","0:00","Nie","00:00.00","1","0.0","--","--","--","--","--","--","00:22:24","00:27:32","5","75"
Bieganie,2020-04-06 16:49:55,false,"Gdańsk Bieg","5.20","410","00:29:01","158","183","4.1","158","168","5:35","5:08","42","50","1.14","0.0","0.0","0.0","0.0","0.0","--","--","--","--","--","0:00","0.0","0:00","Nie","01:02.65","6","0.0","--","--","--","--","--","--","00:28:21","00:30:19","9","58"
Kolarstwo,2020-03-28 17:48:52,false,"Gdańsk Kolarstwo","6.72","212","00:25:49","117","139","1.8","--","--","15.6","39.6","71","122","0.00","0.0","0.0","0.0","0.0","0.0","--","--","--","--","--","0:00","0.0","0:00","Nie","00:00.00","1","0.0","--","--","--","--","--","--","00:21:56","00:25:49","15","95"
Kolarstwo,2020-03-28 12:14:22,false,"Gdańsk Kolarstwo","15.34","651","01:20:34","124","155","2.7","--","--","11.4","34.2","205","154","0.00","0.0","0.0","0.0","0.0","0.0","--","--","--","--","--","0:00","0.0","0:00","Nie","00:00.00","1","0.0","--","--","--","--","--","--","01:06:58","01:51:29","15","151"
Kolarstwo,2020-03-27 16:56:32,false,"Gdańsk Kolarstwo","4.95","225","00:27:40","118","137","1.9","--","--","10.7","27.9","26","17","0.00","0.0","0.0","0.0","0.0","0.0","--","--","--","--","--","0:00","0.0","0:00","Nie","00:00.00","1","0.0","--","--","--","--","--","--","00:18:39","00:27:40","-3","20"
Kolarstwo,2020-03-27 16:08:23,false,"Gdańsk Kolarstwo","6.88","345","00:33:02","132","160","2.8","--","--","12.5","38.1","133","90","0.00","0.0","0.0","0.0","0.0","0.0","--","--","--","--","--","0:00","0.0","0:00","Nie","00:00.00","1","0.0","--","--","--","--","--","--","00:23:48","00:33:02","15","95"
Bieganie,2020-03-26 16:25:40,false,"Gdańsk Bieg","5.50","425","00:29:38","159","182","4.1","159","242","5:24","4:44","14","17","1.16","0.0","0.0","0.0","0.0","0.0","--","--","--","--","--","0:00","0.0","0:00","Nie","02:48.33","6","0.0","--","--","--","--","--","--","00:29:24","00:31:11","6","20"
Bieganie,2020-03-19 17:25:52,false,"Gdańsk Bieg","5.34","462","00:30:13","170","183","4.6","158","169","5:39","4:58","10","14","1.12","0.0","0.0","0.0","0.0","0.0","--","--","--","--","--","0:00","0.0","0:00","Nie","02:01.83","6","0.0","--","--","--","--","--","--","00:30:03","00:31:11","6","35"
Bieganie,2020-03-18 16:53:29,false,"Gdańsk Bieg","5.50","484","00:33:16","162","185","4.4","156","168","6:03","5:07","68","69","1.06","0.0","0.0","0.0","0.0","0.0","--","--","--","--","--","0:00","0.0","0:00","Nie","02:46.27","6","0.0","--","--","--","--","--","--","00:32:36","00:35:07","9","72"
Kolarstwo,2020-03-17 15:08:53,false,"Gdańsk Kolarstwo","27.46","951","02:11:08","120","157","2.7","--","--","12.6","34.2","145","145","0.00","0.0","0.0","0.0","0.0","0.0","--","--","--","--","--","0:00","0.0","0:00","Nie","00:00.00","1","0.0","--","--","--","--","--","--","01:49:04","02:32:50","-4","95"
Joga,2020-03-10 18:40:32,false,"Joga","0.00","330","01:17:45","95","145","1.1","--","--","--","--","--","--","0.00","0.0","0.0","0.0","0.0","0.0","--","--","--","--","1","0:00","0.0","0:00","Nie","00:00.00","1","0.0","16","12","24","22","63","85","01:17:45","01:17:45","--","--"
Inne,2020-03-08 17:12:06,false,"Gdańsk Football","16.71","604","02:12:05","95","124","0.7","40","249","7.6","70.4","24","62","3.17","0.0","0.0","0.0","0.0","0.0","--","--","--","--","--","0:00","0.0","0:00","Nie","00:00.00","1","0.0","--","--","--","--","--","--","01:35:02","02:12:05","3","61"
Kolarstwo,2020-03-08 10:09:12,false,"Gdańsk Kolarstwo","30.26","1,079","02:11:08","129","168","3.2","--","--","13.8","37.9","296","312","0.00","0.0","0.0","0.0","0.0","0.0","--","--","--","--","--","0:00","0.0","0:00","Nie","00:00.00","1","0.0","--","--","--","--","--","--","01:55:44","02:38:46","10","157"
Pływanie w basenie,2020-03-06 18:00:21,false,"Pływanie w basenie","1,425","429","00:40:06","123","146","2.3","--","--","2:43","1:05","--","--","0.00","0.0","0.0","0.0","0.0","0.0","1043","59","27","--","--","0:00","0.0","0:00","Nie","00:00.00","1","0.0","--","--","--","--","--","--","00:38:45","00:40:11","--","--"
Joga,2020-03-02 20:04:39,false,"Joga","0.00","196","01:12:56","78","121","0.2","--","--","--","--","--","--","0.00","0.0","0.0","0.0","0.0","0.0","--","--","--","--","1","0:00","0.0","0:00","Nie","00:00.00","1","0.0","19","12","24","19","48","67","01:12:56","01:12:56","--","--"
Inne,2020-03-01 17:04:23,false,"Gdańsk Football","7.15","558","01:49:21","100","126","0.8","55","249","3.9","20.4","2","3","1.18","0.0","0.0","0.0","0.0","0.0","--","--","--","--","--","0:00","0.0","0:00","Nie","00:00.00","1","0.0","--","--","--","--","--","--","01:26:32","01:49:21","48","50"
Trening siłowy,2020-02-29 18:02:15,false,"Strength","0.00","549","01:02:32","126","149","2.5","--","--","--","--","--","--","0.00","0.0","0.0","0.0","0.0","0.0","--","--","--","34","2","0:00","0.0","0:00","Nie","00:00.00","1","0.0","--","--","--","--","--","--","01:02:29","01:02:32","--","--"
Bieg na bieżni,2020-02-29 17:53:43,false,"Bieg na bieżni","0.94","81","00:07:14.2","129","147","1.6","141","161","7:44","6:24","--","--","0.92","0.0","0.0","0.0","0.0","0.0","--","--","--","--","--","0:00","0.0","0:00","Nie","00:00.00","1","0.0","--","--","--","--","--","--","00:06:36","00:07:14.2","--","--"
Joga,2020-02-25 20:32:50,false,"Joga","0.00","310","01:18:22","94","145","1.2","--","--","--","--","--","--","0.00","0.0","0.0","0.0","0.0","0.0","--","--","--","--","1","0:00","0.0","0:00","Nie","00:00.00","1","0.0","15","12","23","-93","93","0","01:18:22","01:18:22","--","--"
Bieganie,2020-02-24 18:03:37,false,"Gdańsk Biegi","5.32","352","00:31:02","136","153","2.8","154","166","5:50","5:22","241","213","1.11","0.0","0.0","0.0","0.0","0.0","--","--","--","--","--","0:00","0.0","0:00","Nie","00:48.27","7","0.0","--","--","--","--","--","--","00:29:43","00:33:43","17","73"
Pływanie w basenie,2020-02-21 18:01:26,false,"Pływanie na basenie","1,250","363","00:38:27","123","143","2.2","--","--","2:49","1:02","--","--","0.00","0.0","0.0","0.0","0.0","0.0","855","59","24","--","--","0:00","0.0","0:00","Nie","00:00.00","1","0.0","--","--","--","--","--","--","00:35:15","00:38:40","--","--"
Bieganie,2020-02-20 18:07:39,false,"Gdańsk Biegi","5.15","377","00:30:09","143","170","3.2","158","227","5:51","4:37","26","27","1.08","0.0","0.0","0.0","0.0","0.0","--","--","--","--","--","0:00","0.0","0:00","Nie","00:51.85","6","0.0","--","--","--","--","--","--","00:30:02","00:31:36","9","35"
Pływanie w basenie,2020-02-17 20:40:19,false,"Pływanie na basenie","1,075","303","00:38:30","124","164","2.5","--","--","2:35","1:02","--","--","0.00","0.0","0.0","0.0","0.0","0.0","648","54","23","--","--","0:00","0.0","0:00","Nie","00:00.00","1","0.0","--","--","--","--","--","--","00:27:44","00:39:02","--","--"
Pływanie w basenie,2020-02-14 18:00:04,false,"Pływanie na basenie","1,200","358","00:39:54","130","149","2.5","--","--","2:51","2:23","--","--","0.00","0.0","0.0","0.0","0.0","0.0","988","63","29","--","--","0:00","0.0","0:00","Nie","00:00.00","1","0.0","--","--","--","--","--","--","00:34:14","00:40:07","--","--"
Joga,2020-02-11 20:33:08,false,"Joga","0.00","231","01:11:09","85","126","0.4","--","--","--","--","--","--","0.00","0.0","0.0","0.0","0.0","0.0","--","--","--","--","1","0:00","0.0","0:00","Nie","00:00.00","1","0.0","16","9","23","-15","91","76","01:11:09","01:11:09","--","--"
Pływanie w basenie,2020-02-07 18:00:31,false,"Pływanie na basenie","1,325","389","00:39:27","141","163","3.2","--","--","2:37","0:48","--","--","0.00","0.0","0.0","0.0","0.0","0.0","1013","58","29","--","--","0:00","0.0","0:00","Nie","00:00.85","2","0.0","--","--","--","--","--","--","00:34:34","00:40:11","--","--"
Kardio,2020-02-03 19:59:29,false,"Cardio","0.00","530","00:51:01","137","161","3.0","--","--","--","--","--","--","0.00","0.0","0.0","0.0","0.0","0.0","--","--","--","--","--","0:00","0.0","0:00","Nie","00:00.00","1","0.0","--","--","--","--","--","--","00:00:00","00:51:01","--","--"
Bieg na bieżni,2020-01-20 20:11:28,false,"Bieg na bieżni","3.22","292","00:23:02","152","175","3.7","146","166","7:10","5:05","--","--","0.95","0.0","0.0","0.0","0.0","0.0","--","--","--","--","--","0:00","0.0","0:00","Nie","02:58.68","4","0.0","--","--","--","--","--","--","00:22:19","00:23:02","--","--"
Pływanie w basenie,2020-01-17 18:03:06,false,"Pływanie na basenie","1,200","386","00:35:48","131","155","2.5","--","--","2:55","2:31","--","--","0.00","0.0","0.0","0.0","0.0","0.0","1081","66","31","--","--","0:00","0.0","0:00","Nie","00:00.00","1","0.0","--","--","--","--","--","--","00:34:55","00:36:04","--","--"
Pływanie w basenie,2020-01-13 20:01:15,false,"Pływanie na basenie","1,275","417","00:37:16","144","163","3.3","--","--","2:51","0:59","--","--","0.00","0.0","0.0","0.0","0.0","0.0","1086","64","30","--","--","0:00","0.0","0:00","Nie","00:00.00","1","0.0","--","--","--","--","--","--","00:36:23","00:37:22","--","--"
Pływanie w basenie,2020-01-10 18:01:39,false,"Pływanie na basenie","1,100","350","00:36:56","140","168","3.3","--","--","2:59","0:59","--","--","0.00","0.0","0.0","0.0","0.0","0.0","1076","69","33","--","--","0:00","0.0","0:00","Nie","00:00.00","1","0.0","--","--","--","--","--","--","00:32:48","00:37:03","--","--"
Pływanie w basenie,2020-01-03 18:03:32,false,"Pływanie na basenie","1,450","487","00:37:34","133","159","2.7","--","--","2:30","0:56","--","--","0.00","0.0","0.0","0.0","0.0","0.0","1243","59","34","--","--","0:00","0.0","0:00","Nie","00:00.00","1","0.0","--","--","--","--","--","--","00:36:13","00:37:42","--","--"
Kardio,2019-12-08 11:19:01,false,"Cardio","0.00","633","01:00:43","132","165","3.0","--","--","--","--","--","--","0.00","0.0","0.0","0.0","0.0","0.0","--","--","--","--","--","0:00","0.0","0:00","Nie","00:00.00","1","0.0","--","--","--","--","--","--","00:00:00","01:00:43","--","--"
Bieg na bieżni,2019-12-08 10:58:44,false,"Bieg na bieżni","2.15","212","00:14:51","145","167","2.9","151","164","6:54","4:55","--","--","0.96","0.0","0.0","0.0","0.0","0.0","--","--","--","--","--","0:00","0.0","0:00","Nie","01:15.12","3","0.0","--","--","--","--","--","--","00:14:45","00:14:51","--","--"
Kardio,2019-12-05 17:35:09,false,"Cardio","0.00","490","00:43:00","133","159","2.9","--","--","--","--","--","--","0.00","0.0","0.0","0.0","0.0","0.0","--","--","--","--","--","0:00","0.0","0:00","Nie","00:00.00","1","0.0","--","--","--","--","--","--","00:00:00","00:43:47","--","--"
Bieg na bieżni,2019-12-05 17:26:36,false,"Bieg na bieżni","0.98","63","00:07:07.4","111","139","0.6","141","158","7:14","5:31","--","--","0.98","0.0","0.0","0.0","0.0","0.0","--","--","--","--","--","0:00","0.0","0:00","Nie","00:00.00","1","0.0","--","--","--","--","--","--","00:06:47","00:07:07.4","--","--"
Joga,2019-11-16 18:56:04,false,"Joga","0.00","52","00:09:50.2","92","113","0.1","--","--","--","--","--","--","0.00","0.0","0.0","0.0","0.0","0.0","--","--","--","--","1","0:00","0.0","0:00","Nie","00:00.00","1","0.0","--","--","--","0","0","0","00:09:50.2","00:09:50.2","--","--"
Trening siłowy,2019-11-16 18:05:27,false,"Strength","0.00","395","00:49:58","117","152","2.0","--","--","--","--","--","--","0.00","0.0","0.0","0.0","0.0","0.0","--","--","--","152","23","0:00","0.0","0:00","Nie","00:00.00","1","0.0","--","--","--","--","--","--","00:14:14","00:50:04","--","--"
Bieg na bieżni,2019-11-16 17:45:41,false,"Bieg na bieżni","2.24","187","00:15:19","132","164","2.6","144","160","6:51","4:58","--","--","1.01","0.0","0.0","0.0","0.0","0.0","--","--","--","--","--","0:00","0.0","0:00","Nie","01:30.01","3","0.0","--","--","--","--","--","--","00:14:52","00:15:19","--","--"
Bieganie,2019-11-12 19:15:26,false,"Gdańsk - Bieg progresywny","6.40","609","00:36:24","168","183","4.9","157","199","5:41","4:31","15","17","1.12","0.0","0.0","0.0","0.0","0.0","--","--","--","--","--","0:00","0.0","0:00","Nie","01:23.84","8","0.0","--","--","--","--","--","--","00:36:06","00:37:41","6","20"
Trening siłowy,2019-11-09 15:18:03,false,"Strength","0.00","688","01:30:32","119","152","2.4","--","--","--","--","--","--","0.00","0.0","0.0","0.0","0.0","0.0","--","--","--","270","29","0:00","0.0","0:00","Nie","00:00.00","1","0.0","--","--","--","--","--","--","00:37:34","01:32:41","--","--"
Bieg na bieżni,2019-11-09 14:56:18,false,"Bieg na bieżni","2.07","200","00:15:10","139","171","2.8","139","164","7:20","5:47","--","--","0.97","0.0","0.0","0.0","0.0","0.0","--","--","--","--","--","0:00","0.0","0:00","Nie","00:26.30","3","0.0","--","--","--","--","--","--","00:14:28","00:15:10","--","--"
Bieganie,2019-11-05 18:38:21,false,"Gdańsk - Spokojny bieg","9.03","829","00:50:00","166","181","5.0","159","170","5:32","4:06","28","26","1.13","0.0","0.0","0.0","0.0","0.0","--","--","--","--","--","0:00","0.0","0:00","Nie","02:45.29","10","0.0","--","--","--","--","--","--","00:49:47","00:52:06","6","23"
Bieganie,2019-11-03 17:16:45,false,"Gdańsk - Bieg progresywny","6.01","488","00:34:15","147","169","3.4","156","170","5:42","4:56","16","15","1.12","0.0","0.0","0.0","0.0","0.0","--","--","--","--","--","0:00","0.0","0:00","Nie","04:03.28","7","0.0","--","--","--","--","--","--","00:33:53","00:34:46","6","20"
Bieganie,2019-11-01 14:27:41,false,"Gdańsk - Serie z prawie sprintem","4.73","404","00:25:28","160","182","3.9","156","170","5:23","3:31","14","15","1.18","0.0","0.0","0.0","0.0","0.0","--","--","--","--","--","0:00","0.0","0:00","Nie","00:00.45","26","0.0","--","--","--","--","--","--","00:24:59","00:27:00","8","20"
Kolarstwo,2019-10-20 11:37:37,false,"Gdańsk Kolarstwo","41.90","1,336","02:49:00","123","160","2.9","--","--","14.9","41.5","404","407","0.00","0.0","0.0","0.0","0.0","0.0","--","--","--","--","--","0:00","0.0","0:00","Nie","00:00.00","1","0.0","--","--","--","--","--","--","02:33:19","02:59:11","8","157"
Inne,2019-10-04 18:44:41,false,"Gdańsk Football","6.47","588","01:43:37","101","136","1.3","47","249","3.7","19.5","7","3","1.32","0.0","0.0","0.0","0.0","0.0","--","--","--","--","--","0:00","0.0","0:00","Nie","20:51.91","2","0.0","--","--","--","--","--","--","01:17:38","01:43:37","44","50"
Inne,2019-09-27 18:39:12,false,"Gdańsk Football","16.92","838","02:18:10","106","150","2.2","31","249","7.3","73.2","21","55","3.96","0.0","0.0","0.0","0.0","0.0","--","--","--","--","--","0:00","0.0","0:00","Nie","00:00.00","1","0.0","--","--","--","--","--","--","01:31:03","02:18:13","2","57"
Bieganie,2019-09-23 19:16:48,false,"Gdańsk - Bieg progresywny","6.43","576","00:35:01","162","176","4.1","155","164","5:27","4:12","37","37","1.19","0.0","0.0","0.0","0.0","0.0","--","--","--","--","--","0:00","0.0","0:00","Nie","00:01.17","8","0.0","--","--","--","--","--","--","00:34:47","00:35:45","4","37"
Inne,2019-09-20 18:41:49,false,"Gdańsk Football","8.19","638","01:51:23","102","129","1.1","51","249","4.4","21.5","5","4","1.44","0.0","0.0","0.0","0.0","0.0","--","--","--","--","--","0:00","0.0","0:00","Nie","00:00.00","1","0.0","--","--","--","--","--","--","01:31:19","01:51:23","49","50"
Bieganie,2019-09-15 18:38:39,false,"Gdańsk - Spokojny bieg","5.66","487","00:30:01","162","179","4.0","155","193","5:18","4:17","12","12","1.22","0.0","0.0","0.0","0.0","0.0","--","--","--","--","--","0:00","0.0","0:00","Nie","00:01.09","7","0.0","--","--","--","--","--","--","00:29:33","00:33:57","6","18"
Inne,2019-09-13 18:44:44,false,"Gdańsk Football","6.90","626","01:46:07","103","131","0.7","44","239","3.9","20.1","1","1","1.47","0.0","0.0","0.0","0.0","0.0","--","--","--","--","--","0:00","0.0","0:00","Nie","00:00.00","1","0.0","--","--","--","--","--","--","01:18:57","01:46:07","48","51"
Bieganie,2019-09-11 19:23:18,false,"Gdańsk - Spokojny bieg","9.01","845","00:49:09","169","179","5.0","156","166","5:27","4:33","24","24","1.17","0.0","0.0","0.0","0.0","0.0","--","--","--","--","--","0:00","0.0","0:00","Nie","00:51.62","11","0.0","--","--","--","--","--","--","00:48:46","00:50:45","6","23"
Inne,2019-09-09 19:01:06,false,"Squash","0.00","377","01:01:25","102","130","0.9","15","230","--","--","--","--","0.00","0.0","0.0","0.0","0.0","0.0","--","--","--","--","--","0:00","0.0","0:00","Nie","00:06.76","3","0.0","--","--","--","--","--","--","00:00:00","01:01:25","--","--"
Inne,2019-09-06 18:37:22,false,"Gdańsk Football","8.02","680","01:52:14","105","127","1.0","54","249","4.3","20.3","--","1","1.32","0.0","0.0","0.0","0.0","0.0","--","--","--","--","--","0:00","0.0","0:00","Nie","00:00.00","1","0.0","--","--","--","--","--","--","01:31:02","01:52:14","49","50"
Bieganie,2019-09-05 19:11:13,false,"Gdańsk - Spokojny bieg","7.45","645","00:40:02","159","179","4.2","152","199","5:23","4:51","22","22","1.22","0.0","0.0","0.0","0.0","0.0","--","--","--","--","--","0:00","0.0","0:00","Nie","00:02.06","9","0.0","--","--","--","--","--","--","00:39:30","00:40:58","5","20"
Bieganie,2019-09-04 20:29:05,false,"Gdańsk - Serie z prawie sprintem","5.13","402","00:28:22","146","176","3.1","152","176","5:32","3:12","15","17","1.19","0.0","0.0","0.0","0.0","0.0","--","--","--","--","--","0:00","0.0","0:00","Nie","00:01.64","22","0.0","--","--","--","--","--","--","00:28:13","00:28:25","8","21"
Bieganie,2019-09-01 19:34:35,false,"Gdańsk - Spokojny bieg","4.79","464","00:30:00","156","186","3.5","150","184","6:16","5:12","54","61","1.06","0.0","0.0","0.0","0.0","0.0","--","--","--","--","--","0:00","0.0","0:00","Nie","03:42.16","6","0.0","--","--","--","--","--","--","00:29:49","00:30:59","9","72"
Inne,2019-08-30 18:38:41,false,"Gdańsk Football","5.64","581","01:28:03","108","150","1.6","50","246","3.8","20.3","2","2","1.28","0.0","0.0","0.0","0.0","0.0","--","--","--","--","--","0:00","0.0","0:00","Nie","00:00.00","1","0.0","--","--","--","--","--","--","01:06:38","01:30:16","49","50"
Bieganie,2019-08-29 17:44:31,false,"Gdańsk - Spokojny bieg","5.17","540","00:35:01","160","175","3.6","146","173","6:47","3:30","92","86","1.01","0.0","0.0","0.0","0.0","0.0","--","--","--","--","--","0:00","0.0","0:00","Nie","00:01.39","8","0.0","--","--","--","--","--","--","00:34:42","00:36:22","15","80"
Kolarstwo,2019-08-29 12:11:28,false,"Gdańsk Kolarstwo","8.56","206","00:32:05","101","131","0.5","--","--","16.0","27.1","17","28","0.00","0.0","0.0","0.0","0.0","0.0","--","--","--","--","--","0:00","0.0","0:00","Nie","00:00.00","1","0.0","--","--","--","--","--","--","00:27:52","00:43:45","1","18"
Inne,2019-08-26 20:07:18,false,"Squash","0.00","341","00:50:05","107","136","1.1","20","234","--","--","--","--","0.00","0.0","0.0","0.0","0.0","0.0","--","--","--","--","--","0:00","0.0","0:00","Nie","00:00.00","1","0.0","--","--","--","--","--","--","00:00:00","00:52:17","--","--"
Bieg na bieżni,2019-08-26 19:35:40,false,"Bieg na bieżni","2.00","164","00:14:03","126","149","2.0","148","233","7:02","3:55","--","--","1.05","0.0","0.0","0.0","0.0","0.0","--","--","--","--","--","0:00","0.0","0:00","Nie","01:07.08","3","0.0","--","--","--","--","--","--","00:13:53","00:14:03","--","--"
Kolarstwo,2019-08-23 23:49:47,false,"Gdańsk Kolarstwo","9.99","363","00:31:59","129","147","2.0","--","--","18.7","37.0","15","50","0.00","0.0","0.0","0.0","0.0","0.0","--","--","--","--","--","0:00","0.0","0:00","Nie","00:00.00","1","0.0","--","--","--","--","--","--","00:28:19","00:31:59","5","52"
Inne,2019-08-23 18:36:49,false,"Gdańsk Football","7.06","720","01:45:04","113","141","2.1","52","249","4.0","20.9","1","1","1.29","0.0","0.0","0.0","0.0","0.0","--","--","--","--","--","0:00","0.0","0:00","Nie","00:00.00","1","0.0","--","--","--","--","--","--","01:25:47","01:45:04","47","50"
Kolarstwo,2019-08-23 17:52:38,false,"Gdańsk Kolarstwo","8.98","319","00:33:48","119","161","2.0","--","--","15.9","35.0","49","14","0.00","0.0","0.0","0.0","0.0","0.0","--","--","--","--","--","0:00","0.0","0:00","Nie","00:00.00","1","0.0","--","--","--","--","--","--","00:28:14","00:33:48","6","54"
Bieganie,2019-08-22 21:16:40,false,"Gdańsk Biegi","4.06","392","00:23:07","166","183","3.7","152","162","5:42","5:08","6","25","1.16","0.0","0.0","0.0","0.0","0.0","--","--","--","--","--","0:00","0.0","0:00","Nie","00:18.06","5","0.0","--","--","--","--","--","--","00:22:58","00:23:50","9","38"
Bieganie,2019-08-22 21:06:18,false,"Gdańsk - Benchmark Run","1.46","111","00:09:02.4","130","158","1.6","140","161","6:11","4:02","19","--","1.13","0.0","0.0","0.0","0.0","0.0","--","--","--","--","--","0:00","0.0","0:00","Nie","00:02.38","4","0.0","--","--","--","--","--","--","00:08:50","00:09:49.1","15","35"
Kolarstwo,2019-08-20 08:43:04,false,"Gdańsk Kolarstwo","2.97","108","00:09:29.8","123","142","1.1","--","--","18.8","32.6","5","3","0.00","0.0","0.0","0.0","0.0","0.0","--","--","--","--","--","0:00","0.0","0:00","Nie","00:00.00","1","0.0","--","--","--","--","--","--","00:08:34","00:09:30.7","15","23"
Kolarstwo,2019-08-18 12:11:38,false,"Gdańsk Kolarstwo","59.68","2,162","03:32:18","142","177","4.6","--","--","16.9","42.7","609","610","0.00","0.0","0.0","0.0","0.0","0.0","--","--","--","--","--","0:00","0.0","0:00","Nie","00:00.00","1","0.0","--","--","--","--","--","--","03:16:26","03:46:50","--","157"
