Activity Type,Date,Favorite,Title,Distance,Calories,Time,Avg HR,Max HR,Aerobic TE,Avg Run Cadence,Max Run Cadence,Avg Speed,Max Speed,Total Ascent,Total Descent,Avg Stride Length,Avg Vertical Ratio,Avg Vertical Oscillation,Avg Ground Contact Time,Avg Bike Cadence,Max Bike Cadence,Training Stress Score®,Avg Power,Max Power,Grit,Flow,Total Strokes,Avg. Swolf,Avg Stroke Rate,Total Reps,Total Sets,Dive Time,Min Temp,Surface Interval,Decompression,Best Lap Time,Number of Laps,Max Temp,Moving Time,Elapsed Time,Min Elevation,Max Elevation
Other,2022-05-25 19:06:19,false,"Gdansk Skakanka","0.02","117","00:11:29","132","140","2.0","72","169","0.1","3.6","--","--","0.02","0.0","0.0","0","0","0","0.0","0","0","0.0","0.0","--","0","0","0","--","0:00","25.0","0:00","No","11:29.45.3","1","0.0","00:00:04","00:11:29","49","52"
Running,2022-05-23 13:38:23,false,"Gdansk Running","7.63","554","00:41:45","160","173","4.2","158","212","5:28","2:26","68","69","1.15","0.0","0.0","0","0","0","0.0","0","0","0.0","0.0","--","0","0","0","--","0:00","20.0","0:00","No","03:26.29.8","8","0.0","00:41:34","00:41:45","17","82"
Other,2022-05-21 14:31:31,false,"Skakanka","0.00","247","00:21:55","142","159","2.7","73","190","--","--","--","--","0.00","0.0","0.0","0","0","0","0.0","0","0","0.0","0.0","--","0","0","0","--","0:00","27.0","0:00","No","21:54.76.5","1","0.0","00:00:00","00:21:55","31","37"
Pool Swimming,2022-05-19 21:22:35,false,"Pool Swimming","800","182","00:22:22","134","154","2.3","0","0","2:15","0:52","--","--","0.00","0.0","0.0","0","0","0","0.0","0","0","0.0","0.0","467","48","26","0","--","0:00","0.0","0:00","No","22:21.82.8","1","0.0","00:18:02","00:22:48","--","--"
Running,2022-05-13 13:55:54,false,"Gdansk Running","5.14","370","00:26:45","158","171","3.9","159","174","5:12","4:25","44","45","1.21","0.0","0.0","0","0","0","0.0","0","0","0.0","0.0","--","0","0","0","--","0:00","19.0","0:00","No","00:45.46.4","6","0.0","00:26:37","00:26:45","56","80"
Strength Training,2022-05-09 16:00:17,false,"Siła","0.00","417","00:55:58","122","149","2.1","0","0","--","--","--","--","0.00","0.0","0.0","0","0","0","0.0","0","0","0.0","0.0","--","0","0","57","12","0:00","22.0","0:00","No","55:57.70.8","1","0.0","00:45:31","00:56:03","--","--"
Running,2022-05-07 14:28:05,false,"Gdansk Running","7.01","492","00:37:38","160","173","3.8","156","172","5:22","3:54","77","76","1.19","0.0","0.0","0","0","0","0.0","0","0","0.0","0.0","--","0","0","0","--","0:00","22.0","0:00","No","00:04.13.8","8","0.0","00:37:23","00:37:38","41","98"
Other,2022-05-06 14:20:27,false,"Skakanka","0.00","376","00:30:47","149","174","3.3","79","174","--","--","--","--","0.00","0.0","0.0","0","0","0","0.0","0","0","0.0","0.0","--","0","0","0","--","0:00","27.0","0:00","No","30:47.18.2","1","0.0","00:00:00","00:30:47","57","60"
Cycling,2022-04-30 06:59:56,false,"Gdańsk Kolarstwo","90.68","2,457","06:52:39","104","119","2.8","0","0","13.2","42.7","642","595","0.00","0.0","0.0","0","0","0","0.0","0","0","0.0","0.0","--","0","0","0","--","0:00","8.0","0:00","No","03:05.73.3","19","0.0","05:31:33","06:52:39","31","131"
Running,2022-04-27 17:22:14,false,"Gdańsk Bieganie","5.00","342","00:25:55","151","170","3.6","156","165","5:11","4:14","38","54","1.24","0.0","0.0","0","0","0","0.0","0","0","0.0","0.0","--","0","0","0","--","0:00","13.0","0:00","No","04:51.91.1","5","0.0","00:25:35","00:25:55","32","83"
Cycling,2022-04-23 14:36:25,false,"Gdańsk Kolarstwo","26.89","606","01:29:53","121","155","2.3","0","0","17.9","36.6","187","128","0.00","0.0","0.0","0","0","0","0.0","0","0","0.0","0.0","--","0","0","0","--","0:00","14.0","0:00","No","03:29.57.4","7","0.0","01:21:54","01:29:53","7","82"
Cycling,2022-04-23 07:10:09,false,"Gdańsk Kolarstwo","10.11","319","00:37:40","127","145","2.1","0","0","16.1","37.6","48","92","0.00","0.0","0.0","0","0","0","0.0","0","0","0.0","0.0","--","0","0","0","--","0:00","20.0","0:00","No","02:04.80","3","0.0","00:34:15","00:37:40","-4","59"
Running,2022-04-22 13:12:45,false,"Gdańsk Bieganie","6.02","435","00:33:57","158","175","3.6","149","229","5:38","4:15","62","61","1.19","0.0","0.0","0","0","0","0.0","0","0","0.0","0.0","--","0","0","0","--","0:00","19.0","0:00","No","00:10.07.4","7","0.0","00:32:36","00:33:57","54","93"
Other,2022-04-19 11:49:23,false,"Skakanka","0.00","301","00:24:12","151","172","3.2","83","172","--","--","--","--","0.00","0.0","0.0","0","0","0","0.0","0","0","0.0","0.0","--","0","0","0","--","0:00","27.0","0:00","No","24:11.69.9","1","0.0","00:00:00","00:24:12","56","61"
Cycling,2022-04-18 10:45:04,false,"Gdańsk Kolarstwo","33.05","990","02:14:54","0","0","0.1","0","0","14.7","40.0","373","381","0.00","0.0","0.0","0","0","0","0.0","0","0","0.0","0.0","--","0","0","0","--","0:00","10.0","0:00","No","14:34.17.4","7","0.0","02:01:54","02:14:54","39","166"
Running,2022-04-16 12:19:49,false,"Gdańsk Bieganie","10.01","753","00:59:02","164","179","4.4","160","172","5:54","4:50","90","109","1.06","0.0","0.0","0","0","0","0.0","0","0","0.0","0.0","--","0","0","0","--","0:00","13.0","0:00","No","00:00.81.8","12","0.0","00:58:12","00:59:03","16","80"
Cycling,2022-04-13 15:35:22,false,"Gdańsk Kolarstwo","24.88","751","01:54:29","119","157","2.4","0","0","13.0","36.9","223","212","0.00","0.0","0.0","0","0","0","0.0","0","0","0.0","0.0","--","0","0","0","--","0:00","19.0","0:00","No","16:59.20","5","0.0","01:36:57","01:54:29","15","88"
Other,2022-04-09 18:02:46,false,"Skakanka","0.00","182","00:15:38","143","172","2.6","87","165","--","--","--","--","0.00","0.0","0.0","0","0","0","0.0","0","0","0.0","0.0","--","0","0","0","--","0:00","27.0","0:00","No","15:37.75","1","0.0","00:00:00","00:15:38","51","55"
Other,2022-04-08 13:04:16,false,"Skakanka","0.00","209","00:17:33","145","170","2.7","68","248","--","--","--","--","0.00","0.0","0.0","0","0","0","0.0","0","0","0.0","0.0","--","0","0","0","--","0:00","27.0","0:00","No","17:33.08.3","1","0.0","00:00:00","00:17:33","-10","-4"
Running,2022-04-07 16:37:14,false,"Gdańsk Bieganie","6.21","446","00:34:06","159","178","3.7","153","169","5:30","4:27","64","61","1.19","0.0","0.0","0","0","0","0.0","0","0","0.0","0.0","--","0","0","0","--","0:00","18.0","0:00","No","01:07.70.6","7","0.0","00:33:22","00:34:06","30","84"
Other,2022-03-31 13:37:45,false,"Skakanka","0.00","136","00:11:02","149","173","2.5","72","159","--","--","--","--","0.00","0.0","0.0","0","0","0","0.0","0","0","0.0","0.0","--","0","0","0","--","0:00","29.0","0:00","No","11:02.39.3","1","0.0","00:00:00","00:12:19","64","67"
Assistance Requested,2022-03-29 16:58:40,false,"Potrzebna pomoc","0.00","1","00:00:27.0","85","88","0.0","0","0","--","--","--","--","0.00","0.0","0.0","0","0","0","0.0","0","0","0.0","0.0","--","0","0","0","--","0:00","30.0","0:00","No","00:26.99.6","1","0.0","00:00:00","00:00:27.0","69","69"
Running,2022-03-29 12:28:24,false,"Gdańsk Bieganie","5.00","369","00:28:44","164","181","3.4","154","167","5:45","4:28","41","42","1.13","0.0","0.0","0","0","0","0.0","0","0","0.0","0.0","--","0","0","0","--","0:00","14.0","0:00","No","00:00.92.5","6","0.0","00:28:01","00:28:44","60","81"
Cardio,2022-03-26 12:31:19,false,"Kardio","0.00","256","00:48:39","111","138","--","0","0","--","--","--","--","0.00","0.0","0.0","0","0","0","0.0","0","0","0.0","0.0","--","0","0","0","--","0:00","19.0","0:00","No","48:38.59.1","1","0.0","00:00:00","00:48:39","18","43"
Cycling,2022-03-25 16:06:16,false,"Gdańsk Kolarstwo","6.92","281","00:29:02","142","172","--","0","0","14.3","47.3","64","72","0.00","0.0","0.0","0","0","0","0.0","0","0","0.0","0.0","--","0","0","0","--","0:00","22.0","0:00","No","06:54.17.4","2","0.0","00:24:28","00:29:02","25","66"
Cycling,2022-03-24 16:20:06,false,"Gdańsk Kolarstwo","9.51","555","01:51:04","111","151","--","0","0","5.1","31.4","88","93","0.00","0.0","0.0","0","0","0","0.0","0","0","0.0","0.0","--","0","0","0","--","0:00","23.0","0:00","No","34:39.48","2","0.0","00:49:11","01:51:04","1","62"
Cross Country Classic Skiing,2022-03-05 09:43:27,false,"Zakopane Klasyczny bieg narciarski","15.80","1,473","04:49:54","111","174","--","0","0","3.3","26.7","712","749","0.00","0.0","0.0","0","0","0","0.0","0","0","0.0","0.0","--","0","0","0","--","0:00","11.0","0:00","No","04:07.49.4","16","0.0","03:09:16","04:49:54","888","1,490"
Cross Country Classic Skiing,2022-03-04 10:24:53,false,"Kościelisko Klasyczny bieg narciarski","12.12","1,339","04:35:59","110","171","--","0","0","2.6","47.1","557","567","0.00","0.0","0.0","0","0","0","0.0","0","0","0.0","0.0","--","0","0","0","--","0:00","16.0","0:00","No","00:08.58.3","13","0.0","02:38:44","04:35:59","815","1,229"
Cross Country Classic Skiing,2022-03-03 16:26:44,false,"Zakopane Klasyczny bieg narciarski","0.83","72","00:16:04","98","136","--","0","0","3.1","26.1","7","187","0.00","0.0","0.0","0","0","0","0.0","0","0","0.0","0.0","--","0","0","0","--","0:00","24.0","0:00","No","16:03.63.5","1","0.0","00:06:02","00:24:21","1,686","1,960"
Cross Country Classic Skiing,2022-03-03 10:12:38,false,"Zakopane Klasyczny bieg narciarski","10.48","2,024","05:05:39","129","178","--","0","0","2.1","10.5","1,108","45","0.00","0.0","0.0","0","0","0","0.0","0","0","0.0","0.0","--","0","0","0","--","0:00","12.0","0:00","No","17:43.04.1","11","0.0","03:03:24","05:22:17","972","1,989"
Running,2022-01-15 14:54:36,false,"Gdańsk Bieganie","7.58","528","00:45:25","166","183","--","154","188","5:59","2:43","66","88","1.08","0.0","0.0","0","0","0","0.0","0","0","0.0","0.0","--","0","0","0","--","0:00","13.0","0:00","No","03:13.13.6","8","0.0","00:44:47","00:45:25","-10","63"
Running,2022-01-11 17:18:07,false,"Gdańsk Bieganie","5.46","391","00:32:36","172","184","--","157","171","5:58","5:04","54","75","1.07","0.0","0.0","0","0","0","0.0","0","0","0.0","0.0","--","0","0","0","--","0:00","16.0","0:00","No","02:51.27.9","6","0.0","00:32:24","00:32:36","-2","69"
Running,2022-01-08 09:07:33,false,"Gdańsk Bieganie","4.49","327","00:27:38","165","187","--","153","170","6:09","3:34","27","45","1.06","0.0","0.0","0","0","0","0.0","0","0","0.0","0.0","--","0","0","0","--","0:00","16.0","0:00","No","03:15.67.3","5","0.0","00:27:25","00:27:38","36","72"
Running,2021-11-16 18:24:52,false,"Gdańsk Bieganie","5.09","342","00:28:59","156","172","--","156","164","5:42","4:41","28","43","1.13","0.0","0.0","0","0","0","0.0","0","0","0.0","0.0","--","0","0","0","--","0:00","14.0","0:00","No","00:36.90","6","0.0","00:28:43","00:28:59","33","74"
Cycling,2021-11-01 15:30:09,false,"Gdańsk Kolarstwo","5.71","170","00:24:28","118","157","--","0","0","14.0","36.2","88","82","0.00","0.0","0.0","0","0","0","0.0","0","0","0.0","0.0","--","0","0","0","--","0:00","21.0","0:00","No","02:35.37.8","2","0.0","00:20:14","00:24:28","-11","62"
Cycling,2021-11-01 12:40:50,false,"Gdańsk Kolarstwo","7.57","377","00:59:46","118","139","--","0","0","7.6","53.0","105","118","0.00","0.0","0.0","0","0","0","0.0","0","0","0.0","0.0","--","0","0","0","--","0:00","23.0","0:00","No","25:14.88.7","2","0.0","00:35:12","00:59:46","9","70"
Cycling,2021-10-30 11:02:12,false,"Gdańsk Kolarstwo","40.74","825","02:47:15","114","167","--","0","0","14.6","49.9","280","286","0.00","0.0","0.0","0","0","0","0.0","0","0","0.0","0.0","--","0","0","0","--","0:00","9.0","0:00","No","03:00.40.1","9","0.0","02:19:38","02:49:39","-15","123"
Running,2021-10-28 16:28:05,false,"Gdańsk Bieganie","4.36","259","00:21:33","157","186","--","151","202","4:57","4:11","27","39","1.34","0.0","0.0","0","0","0","0.0","0","0","0.0","0.0","--","0","0","0","--","0:00","16.0","0:00","No","01:40.73.2","5","0.0","00:21:02","00:21:33","38","72"
Pool Swimming,2021-10-22 18:40:29,false,"Pływanie w basenie","675","142","00:35:43","0","0","--","0","0","2:31","0:57","--","--","0.00","0.0","0.0","0","0","0","0.0","0","0","0.0","0.0","392","52","23","0","--","0:00","26.0","0:00","No","14:56.83.3","2","0.0","00:17:03","00:35:57","--","--"
Running,2021-10-07 17:07:31,false,"Gdańsk Bieganie","7.80","478","00:40:14","157","175","--","153","164","5:10","4:24","65","85","1.27","0.0","0.0","0","0","0","0.0","0","0","0.0","0.0","--","0","0","0","--","0:00","15.0","0:00","No","03:46.30","8","0.0","00:39:49","00:40:14","-7","63"
Running,2021-10-05 10:37:31,false,"Kolbudy Bieganie","9.12","626","00:53:35","160","175","--","155","162","5:52","4:08","121","132","1.10","0.0","0.0","0","0","0","0.0","0","0","0.0","0.0","--","0","0","0","--","0:00","17.0","0:00","No","00:30.18.7","10","0.0","00:53:31","00:53:35","72","139"
Hiking,2021-10-03 10:42:33,false,"Bukowina Tatrzańska Piesze wędrówki","8.95","821","03:15:01","101","130","--","63","234","21:47","6:27","385","460","0.71","0.0","0.0","0","0","0","0.0","0","0","0.0","0.0","--","0","0","0","--","0:00","21.0","0:00","No","11:38.81","9","0.0","02:12:14","03:15:01","1,085","1,485"
Hiking,2021-10-02 12:18:39,false,"Zakopane Piesze wędrówki","15.25","1,655","06:59:49","98","149","--","49","243","27:33","5:04","543","1,608","0.74","0.0","0.0","0","0","0","0.0","0","0","0.0","0.0","--","0","0","0","--","0:00","13.0","0:00","No","03:14.77.4","16","0.0","03:48:56","06:59:49","915","2,011"
Hiking,2021-10-02 09:54:38,false,"Zakopane Piesze wędrówki","5.33","461","01:51:51","99","127","--","77","160","20:58","9:12","683","1","0.62","0.0","0.0","0","0","0","0.0","0","0","0.0","0.0","--","0","0","0","--","0:00","17.0","0:00","No","10:40.98.6","6","0.0","01:29:22","01:51:51","1,015","1,699"
Cycling,2021-09-30 16:24:20,false,"Gdańsk Kolarstwo","6.60","187","00:28:51","115","145","--","0","0","13.7","40.2","54","68","0.00","0.0","0.0","0","0","0","0.0","0","0","0.0","0.0","--","0","0","0","--","0:00","20.0","0:00","No","05:47.36.8","2","0.0","00:26:20","00:28:51","10","53"
Running,2021-09-29 17:36:38,false,"Gdańsk Bieganie","5.01","291","00:24:41","153","176","--","157","176","4:56","3:15","49","60","1.29","0.0","0.0","0","0","0","0.0","0","0","0.0","0.0","--","0","0","0","--","0:00","18.0","0:00","No","00:01.96.5","6","0.0","00:24:33","00:24:41","14","69"
Pool Swimming,2021-09-27 18:41:33,false,"Pływanie w basenie","1,075","220","00:33:19","0","0","--","0","0","2:31","0:58","--","--","0.00","0.0","0.0","0","0","0","0.0","0","0","0.0","0.0","647","53","24","0","--","0:00","26.0","0:00","No","00:04.55.7","4","0.0","00:27:04","00:33:28","--","--"
Running,2021-09-26 11:00:43,false,"Gdańsk Bieganie","4.90","341","00:27:17","163","178","--","157","167","5:34","4:23","6","16","1.14","0.0","0.0","0","0","0","0.0","0","0","0.0","0.0","--","0","0","0","--","0:00","20.0","0:00","No","04:53.72.9","5","0.0","00:27:17","00:27:17","-7","6"
Cardio,2021-09-17 19:15:04,false,"skakanka","0.00","154","00:16:08","134","157","--","0","0","--","--","--","--","0.00","0.0","0.0","0","0","0","0.0","0","0","0.0","0.0","--","0","0","--","4","0:00","28.0","0:00","No","16:08.11.1","1","0.0","00:16:08","00:16:08","67","97"
Cycling,2021-09-15 11:23:32,false,"Gdańsk Kolarstwo","53.19","1,071","03:17:32","119","168","--","0","0","16.2","55.0","511","500","0.00","0.0","0.0","0","0","0","0.0","0","0","0.0","0.0","--","0","0","0","--","0:00","16.0","0:00","No","11:40.74.2","11","0.0","00:00:00","03:17:32","17","166"
Hiking,2021-09-12 12:43:52,false,"Niedźwiedź Piesze wędrówki","17.74","1,649","05:38:52","113","156","--","71","237","19:07","5:07","1,088","1,064","0.82","0.0","0.0","0","0","0","0.0","0","0","0.0","0.0","--","0","0","0","--","0:00","23.0","0:00","No","12:10.73.9","18","0.0","00:00:00","05:38:52","651","1,310"
Running,2021-09-11 11:37:16,false,"Rabka-Zdrój Bieganie","8.45","625","01:21:37","127","169","--","107","241","9:39","4:12","614","656","0.94","0.0","0.0","0","0","0","0.0","0","0","0.0","0.0","--","0","0","0","--","0:00","23.0","0:00","No","02:04.81.3","9","0.0","01:13:47","01:22:20","420","977"
Hiking,2021-09-10 10:08:35,false,"Zakopane Piesze wędrówki","8.39","830","03:22:32","99","156","--","55","234","24:07","3:44","409","390","0.80","0.0","0.0","0","0","0","0.0","0","0","0.0","0.0","--","0","0","0","--","0:00","21.0","0:00","No","06:16.77.9","9","0.0","00:00:00","03:30:49","878","1,300"
Walking,2021-09-09 12:01:51,false,"Bukowina Tatrzańska Chodzenie","16.06","1,196","03:47:46","115","145","--","85","247","14:11","4:18","411","433","0.85","0.0","0.0","0","0","0","0.0","0","0","0.0","0.0","--","0","0","0","--","0:00","22.0","0:00","No","00:41.22.8","17","0.0","00:00:00","04:31:02","950","1,359"
Pool Swimming,2021-09-07 11:27:13,false,"Pływanie w basenie","300","49","00:16:46","0","0","--","0","0","4:39","1:56","--","--","0.00","0.0","0.0","0","0","0","0.0","0","0","0.0","0.0","368","100","26","0","--","0:00","24.0","0:00","No","00:00.96.2","6","0.0","00:00:00","00:17:28","--","--"
Cycling,2021-09-01 17:21:35,false,"Gdańsk Kolarstwo","29.01","629","02:06:36","117","166","--","0","0","13.7","44.8","290","312","0.00","0.0","0.0","0","0","0","0.0","0","0","0.0","0.0","--","0","0","0","--","0:00","14.0","0:00","No","13:22.38.7","6","0.0","01:47:13","02:06:36","30","138"
Running,2021-08-25 16:17:46,false,"Gdańsk Bieganie","6.27","406","00:34:38","158","176","--","152","171","5:32","4:06","80","87","1.19","0.0","0.0","0","0","0","0.0","0","0","0.0","0.0","--","0","0","0","--","0:00","21.0","0:00","No","01:49.05.2","7","0.0","00:33:37","00:34:38","12","71"
Cycling,2021-08-23 17:31:18,false,"Gdańsk Kolarstwo","22.64","331","01:27:18","94","133","--","0","0","15.6","36.2","217","237","0.00","0.0","0.0","0","0","0","0.0","0","0","0.0","0.0","--","0","0","0","--","0:00","16.0","0:00","No","10:21.15.1","5","0.0","01:21:24","01:27:18","43","143"
Cycling,2021-08-20 15:44:04,false,"Gdańsk Kolarstwo","28.93","656","02:01:29","115","166","--","0","0","14.3","50.5","354","375","0.00","0.0","0.0","0","0","0","0.0","0","0","0.0","0.0","--","0","0","0","--","0:00","14.0","0:00","No","14:21.38.7","6","0.0","01:45:31","02:01:29","-20","110"
Running,2021-08-19 19:31:26,false,"Gdańsk Bieg","5.01","330","00:27:48","160","172","--","153","179","5:33","3:25","36","49","1.18","0.0","0.0","0","0","0","0.0","0","0","0.0","0.0","--","0","0","0","--","0:00","20.0","0:00","No","00:01.67.5","6","0.0","00:27:16","00:27:48","41","73"
Running,2021-08-17 16:50:05,false,"Gdańsk Bieg","7.05","458","00:38:33","163","183","--","155","168","5:28","4:32","77","93","1.18","0.0","0.0","0","0","0","0.0","0","0","0.0","0.0","--","0","0","0","--","0:00","22.0","0:00","No","00:18.60.6","8","0.0","00:38:13","00:39:00","7","65"
Cycling,2021-08-14 09:29:55,false,"Gdańsk Kolarstwo","32.91","724","02:41:55","114","161","--","0","0","12.2","36.4","109","124","0.00","0.0","0.0","0","0","0","0.0","0","0","0.0","0.0","--","0","0","0","--","0:00","21.0","0:00","No","17:11.37.5","7","0.0","02:15:05","04:13:42","-15","69"
Running,2021-08-13 13:43:34,false,"Chmielno Bieg","6.76","474","00:39:08","169","194","--","153","170","5:47","4:37","83","81","1.13","0.0","0.0","0","0","0","0.0","0","0","0.0","0.0","--","0","0","0","--","0:00","27.0","0:00","No","03:59.48.3","7","0.0","00:39:00","00:39:08","168","218"
Cycling,2021-08-12 17:12:15,false,"Gdańsk Kolarstwo","28.42","520","01:54:39","108","142","--","0","0","14.9","48.3","309","324","0.00","0.0","0.0","0","0","0","0.0","0","0","0.0","0.0","--","0","0","0","--","0:00","18.0","0:00","No","13:22.69.5","6","0.0","01:38:52","01:54:39","-14","132"
Whitewater Kayaking/Rafting,2021-07-24 11:31:26,false,"Konarzyny Kajak","21.95","1,438","06:10:51","104","130","--","0","0","3.6","8.5","83","93","0.00","0.0","0.0","0","0","0","0.0","0","0","0.0","0.0","--","0","0","0","--","0:00","29.0","0:00","No","06:10:51.22","1","0.0","04:51:53","06:10:51","124","149"
Running,2021-07-21 18:36:35,false,"Gdańsk Bieg","5.28","347","00:31:20","158","175","--","156","166","5:56","4:57","51","58","1.08","0.0","0.0","0","0","0","0.0","0","0","0.0","0.0","--","0","0","0","--","0:00","24.0","0:00","No","01:42.43.8","6","0.0","00:31:18","00:31:20","19","68"
Cycling,2021-07-11 10:32:54,false,"Gdańsk Kolarstwo","12.66","474","01:47:50","109","137","--","0","0","7.0","29.1","59","125","0.00","0.0","0.0","0","0","0","0.0","0","0","0.0","0.0","--","0","0","0","--","0:00","27.0","0:00","No","27:25.45.9","3","0.0","01:09:10","01:47:50","-1","72"
Running,2021-07-08 20:54:24,false,"Gdańsk Bieg","5.01","272","00:24:51","157","181","--","157","175","4:58","3:25","34","48","1.28","0.0","0.0","0","0","0","0.0","0","0","0.0","0.0","--","0","0","0","--","0:00","23.0","0:00","No","00:01.36.1","6","0.0","00:24:47","00:24:51","43","77"
Hiking,2021-07-05 16:15:26,false,"Vila-Seca Piesze wędrówki","5.57","354","01:03:41","119","134","--","101","229","11:26","7:38","66","29","0.86","0.0","0.0","0","0","0","0.0","0","0","0.0","0.0","--","0","0","0","--","0:00","31.0","0:00","No","06:45.74.7","6","0.0","01:02:20","01:03:41","45","86"
Hiking,2021-07-02 19:43:47,false,"Reus Piesze wędrówki","5.97","328","00:54:44","121","151","--","100","250","9:10","3:53","55","84","1.10","0.0","0.0","0","0","0","0.0","0","0","0.0","0.0","--","0","0","0","--","0:00","26.0","0:00","No","08:40.77.8","6","0.0","00:52:06","00:54:44","17","62"
Running,2021-07-01 13:38:08,false,"Gdańsk Bieg","4.49","323","00:27:07","171","191","--","150","212","6:03","4:46","90","33","1.10","0.0","0.0","0","0","0","0.0","0","0","0.0","0.0","--","0","0","0","--","0:00","29.0","0:00","No","02:36.36","5","0.0","00:26:44","00:27:07","7","70"
Whitewater Kayaking/Rafting,2021-06-27 10:40:23,false,"Chojnice (Gmina) Kajak","7.16","458","01:49:30","106","126","--","0","0","3.9","46.3","38","15","0.00","0.0","0.0","0","0","0","0.0","0","0","0.0","0.0","--","0","0","0","--","0:00","28.0","0:00","No","01:49:29.89","1","0.0","01:36:28","01:49:30","141","166"
Whitewater Kayaking/Rafting,2021-06-26 12:11:31,false,"Brusy Kajak","14.08","866","03:49:22","100","144","--","0","0","3.7","9.6","39","30","0.00","0.0","0.0","0","0","0","0.0","0","0","0.0","0.0","--","0","0","0","--","0:00","26.0","0:00","No","03:49:21.96.4","1","0.0","02:53:52","03:49:22","-40","-26"
Cycling,2021-06-13 16:11:47,false,"Gdańsk Kolarstwo","9.91","300","00:59:24","120","166","--","0","0","10.0","33.5","110","128","0.00","0.0","0.0","0","0","0","0.0","0","0","0.0","0.0","--","0","0","0","--","0:00","21.0","0:00","No","24:10.07.3","2","0.0","00:44:54","00:59:24","2","64"
Cycling,2021-06-10 16:40:18,false,"Gdańsk Kolarstwo","25.00","574","02:50:04","112","162","--","0","0","8.8","40.3","157","170","0.00","0.0","0.0","0","0","0","0.0","0","0","0.0","0.0","--","0","0","0","--","0:00","21.0","0:00","No","16:45.10.1","5","0.0","01:46:47","02:50:04","-15","72"
Cycling,2021-06-08 16:40:30,false,"Gdańsk Kolarstwo","34.53","718","02:45:33","115","185","--","0","0","12.5","49.9","261","268","0.00","0.0","0.0","0","0","0","0.0","0","0","0.0","0.0","--","0","0","0","--","0:00","19.0","0:00","No","14:37.55.6","7","0.0","02:04:40","02:45:33","-9","138"
Cycling,2021-06-07 14:20:17,false,"Gdańsk Kolarstwo","26.70","696","02:12:35","117","169","--","0","0","12.1","33.3","160","193","0.00","0.0","0.0","0","0","0","0.0","0","0","0.0","0.0","--","0","0","0","--","0:00","23.0","0:00","No","10:44.31.7","6","0.0","01:32:14","02:12:35","-10","75"
Walking,2021-06-05 12:55:43,false,"Cekcyn Chodzenie","3.22","300","01:01:07","119","145","--","72","159","19:00","12:04","55","66","0.73","0.0","0.0","0","0","0","0.0","0","0","0.0","0.0","--","0","0","0","--","0:00","29.0","0:00","No","03:07.89.7","4","0.0","00:51:49","01:01:07","91","110"
Running,2021-05-30 18:39:29,false,"Gdańsk Bieg","4.75","291","00:25:16","159","179","--","157","215","5:19","3:54","18","18","1.20","0.0","0.0","0","0","0","0.0","0","0","0.0","0.0","--","0","0","0","--","0:00","18.0","0:00","No","04:20.65.4","5","0.0","00:25:06","00:25:16","35","40"
Hiking,2021-05-26 09:20:19,false,"Lutowiska Piesze wędrówki","20.80","1,760","06:53:57","106","160","--","67","237","19:55","8:08","893","915","0.76","0.0","0.0","0","0","0","0.0","0","0","0.0","0.0","--","0","0","0","--","0:00","19.0","0:00","No","08:40.74.2","21","0.0","04:52:03","07:05:10","737","1,353"
Hiking,2021-05-24 10:10:19,false,"Lutowiska Piesze wędrówki","19.17","1,792","06:07:15","116","160","--","71","230","19:09","8:29","902","1,087","0.74","0.0","0.0","0","0","0","0.0","0","0","0.0","0.0","--","0","0","0","--","0:00","22.0","0:00","No","01:57.36.2","20","0.0","04:26:42","06:07:20","663","1,310"
Hiking,2021-05-23 07:47:56,false,"Bukowsko Piesze wędrówki","15.57","1,169","04:30:34","107","151","--","69","247","17:23","6:17","513","529","0.87","0.0","0.0","0","0","0","0.0","0","0","0.0","0.0","--","0","0","0","--","0:00","21.0","0:00","No","06:09.25.3","16","0.0","03:06:16","04:30:37","461","710"
Cycling,2021-05-15 16:56:16,false,"Gdańsk Kolarstwo","22.01","592","01:54:56","123","170","--","0","0","11.5","31.9","132","155","0.00","0.0","0.0","0","0","0","0.0","0","0","0.0","0.0","--","0","0","0","--","0:00","14.0","0:00","No","08:48.40.6","5","0.0","01:37:12","02:39:08","-6","82"
Running,2021-05-13 17:56:47,false,"Gdańsk Bieg","5.01","348","00:31:49","159","180","--","156","164","6:21","5:21","51","57","1.01","0.0","0.0","0","0","0","0.0","0","0","0.0","0.0","--","0","0","0","--","0:00","20.0","0:00","No","00:04.54.7","6","0.0","00:31:40","00:31:49","17","71"
Cycling,2021-05-10 09:51:43,false,"Choczewo Kolarstwo","120.08","2,724","09:06:57","0","0","--","0","0","13.2","41.1","583","552","0.00","0.0","0.0","0","0","0","0.0","0","0","0.0","0.0","--","0","0","0","--","0:00","20.0","0:00","No","00:37.26.9","25","0.0","00:00:00","09:31:35","20","95"
Cycling,2021-05-09 09:58:53,false,"Postomino Kolarstwo","118.07","2,685","08:57:10","126","178","--","0","0","13.2","37.3","342","347","0.00","0.0","0.0","0","0","0","0.0","0","0","0.0","0.0","--","0","0","0","--","0:00","11.0","0:00","No","11:52.01.8","24","0.0","07:22:40","10:39:58","7","45"
Cycling,2021-05-08 12:34:52,false,"Koszalin Kolarstwo","71.95","1,645","05:54:16","124","193","--","0","0","12.2","37.4","147","206","0.00","0.0","0.0","0","0","0","0.0","0","0","0.0","0.0","--","0","0","0","--","0:00","8.0","0:00","No","12:38.22.3","15","0.0","04:26:12","06:36:00","-31","25"
Running,2021-05-05 19:46:35,false,"Gdańsk Bieg","5.44","415","00:39:11","159","179","--","166","174","7:12","5:41","53","75","0.84","0.0","0.0","0","0","0","0.0","0","0","0.0","0.0","--","0","0","0","--","0:00","25.0","0:00","No","03:05.66.2","6","0.0","00:38:56","00:39:52","18","72"
Cycling,2021-04-19 17:28:12,false,"Gdańsk Kolarstwo","10.01","350","00:49:43","123","150","--","0","0","12.1","33.5","102","120","0.00","0.0","0.0","0","0","0","0.0","0","0","0.0","0.0","--","0","0","0","--","0:00","20.0","0:00","No","00:04.74.3","3","0.0","00:45:25","01:05:30","39","93"
Walking,2021-04-18 12:21:59,false,"Gdynia Spacerowanie","5.02","476","01:54:11","106","147","--","56","178","22:44","4:41","115","119","0.80","0.0","0.0","0","0","0","0.0","0","0","0.0","0.0","--","0","0","0","--","0:00","24.0","0:00","No","00:01.80.4","6","0.0","01:16:56","01:54:13","55","126"
Cycling,2021-04-11 14:31:22,false,"Gdańsk Kolarstwo","13.04","396","02:08:03","117","150","--","0","0","6.1","38.7","138","129","0.00","0.0","0.0","0","0","0","0.0","0","0","0.0","0.0","--","0","0","0","--","0:00","19.0","0:00","No","17:28.47.5","3","0.0","01:06:12","02:08:03","13","80"
Cycling,2021-04-11 10:00:39,false,"Gdańsk Kolarstwo","50.65","1,101","03:33:17","119","180","--","0","0","14.2","33.7","155","152","0.00","0.0","0.0","0","0","0","0.0","0","0","0.0","0.0","--","0","0","0","--","0:00","9.0","0:00","No","02:41.37.6","11","0.0","02:47:54","03:33:17","-24","68"
Running,2021-01-28 18:58:16,false,"Gdańsk Bieg","5.06","386","00:30:24","163","183","--","157","169","6:01","5:07","53","65","1.06","0.0","0.0","0","0","0","0.0","0","0","0.0","0.0","--","0","0","0","--","0:00","12.0","0:00","No","00:26.20.7","6","0.0","00:29:58","00:30:24","17","78"
Running,2021-01-20 18:45:26,false,"Gdańsk Bieg","4.33","303","00:26:03","152","173","--","152","173","6:01","4:53","41","76","1.09","0.0","0.0","0","0","0","0.0","0","0","0.0","0.0","--","0","0","0","--","0:00","15.0","0:00","No","02:57.33.2","5","0.0","00:25:54","00:26:03","4","68"
Running,2021-01-06 13:19:36,false,"Kolbudy Bieg","8.91","662","00:54:40","163","184","--","154","229","6:08","4:56","52","135","1.05","0.0","0.0","0","0","0","0.0","0","0","0.0","0.0","--","0","0","0","--","0:00","14.0","0:00","No","05:23.86.8","9","0.0","00:54:11","00:54:40","40","133"
Running,2021-01-01 13:37:28,false,"Gdańsk Bieg","5.39","346","00:29:01","159","178","--","153","168","5:23","4:11","57","65","1.21","0.0","0.0","0","0","0","0.0","0","0","0.0","0.0","--","0","0","0","--","0:00","9.0","0:00","No","01:42.58.2","6","0.0","00:28:15","00:29:34","27","69"
Running,2020-12-30 12:32:42,false,"Gdańsk Bieg","10.71","746","01:00:01","167","192","--","154","236","5:36","3:05","91","108","1.16","0.0","0.0","0","0","0","0.0","0","0","0.0","0.0","--","0","0","0","--","0:00","17.0","0:00","No","03:53.97.2","11","0.0","00:59:14","01:00:01","22","77"
Cycling,2020-12-28 09:42:14,false,"Gdańsk Kolarstwo","40.09","835","03:04:18","106","154","--","0","0","13.1","44.0","486","484","0.00","0.0","0.0","0","0","0","0.0","0","0","0.0","0.0","--","0","0","0","--","0:00","1.0","0:00","No","00:22.41.6","9","0.0","00:00:00","03:04:18","3","144"
Running,2020-12-26 13:57:20,false,"Gdańsk Bieg","15.06","1,180","01:39:49","166","187","--","156","220","6:38","5:00","254","283","0.97","0.0","0.0","0","0","0","0.0","0","0","0.0","0.0","--","0","0","0","--","0:00","12.0","0:00","No","00:20.78.8","16","0.0","00:00:00","01:39:49","40","124"
Running,2020-12-19 13:49:54,false,"Gdańsk Bieg","10.11","707","00:59:09","162","178","--","156","239","5:51","4:44","88","101","1.10","0.0","0.0","0","0","0","0.0","0","0","0.0","0.0","--","0","0","0","--","0:00","13.0","0:00","No","00:38.48.6","11","0.0","00:58:57","00:59:09","28","82"
Running,2020-12-17 18:17:27,false,"Gdańsk Bieg","13.08","895","01:20:32","154","180","--","157","183","6:09","4:05","125","141","1.03","0.0","0.0","0","0","0","0.0","0","0","0.0","0.0","--","0","0","0","--","0:00","14.0","0:00","No","00:19.24.3","14","0.0","01:20:00","01:20:32","0","80"
Running,2020-12-15 18:43:43,false,"Gdańsk Bieg","8.01","527","00:46:35","155","176","--","156","180","5:49","3:19","95","110","1.10","0.0","0.0","0","0","0","0.0","0","0","0.0","0.0","--","0","0","0","--","0:00","14.0","0:00","No","00:01.81.4","9","0.0","00:45:53","00:46:35","15","71"
Running,2020-12-12 10:37:56,false,"Gdańsk Bieg","10.02","742","00:59:30","168","182","--","156","185","5:56","4:59","88","106","1.08","0.0","0.0","0","0","0","0.0","0","0","0.0","0.0","--","0","0","0","--","0:00","16.0","0:00","No","00:09.25.3","11","0.0","00:59:12","00:59:30","-13","63"
Running,2020-12-09 15:21:14,false,"Gdańsk Bieg","8.27","566","00:48:45","161","181","--","155","182","5:54","4:50","91","107","1.10","0.0","0.0","0","0","0","0.0","0","0","0.0","0.0","--","0","0","0","--","0:00","18.0","0:00","No","01:46.46.1","9","0.0","00:48:35","00:48:45","6","71"
Running,2020-12-07 19:25:51,false,"Gdańsk Bieg","5.10","365","00:32:03","161","178","--","159","187","6:17","5:05","34","50","1.00","0.0","0.0","0","0","0","0.0","0","0","0.0","0.0","--","0","0","0","--","0:00","9.0","0:00","No","00:36.63.8","6","0.0","00:31:52","00:32:03","59","83"
Running,2020-12-03 15:21:25,false,"Gdańsk Bieg","5.44","373","00:31:30","163","185","--","155","167","5:47","5:06","51","67","1.12","0.0","0.0","0","0","0","0.0","0","0","0.0","0.0","--","0","0","0","--","0:00","11.0","0:00","No","02:26.74.2","6","0.0","00:31:15","00:31:30","9","63"
Cycling,2020-10-25 09:46:05,false,"Gdańsk Kolarstwo","48.78","1,037","03:17:49","123","161","--","0","0","14.8","49.0","486","485","0.00","0.0","0.0","0","0","0","0.0","0","0","0.0","0.0","--","0","0","0","--","0:00","12.0","0:00","No","16:27.19.5","10","0.0","00:00:00","03:17:51","-1","138"
Walking,2020-10-04 09:56:49,false,"Osiek Spacerowanie","2.02","207","00:53:19","101","140","--","42","228","26:27","9:45","26","36","0.92","0.0","0.0","0","0","0","0.0","0","0","0.0","0.0","--","0","0","0","--","0:00","26.0","0:00","No","00:13.27","3","0.0","00:39:35","00:53:19","86","104"
Running,2020-09-23 17:12:44,false,"Nesebar Bieg","10.13","665","00:58:38","165","181","--","155","165","5:47","4:08","57","61","1.11","0.0","0.0","0","0","0","0.0","0","0","0.0","0.0","--","0","0","0","--","0:00","24.0","0:00","No","00:41.87","11","0.0","00:58:34","00:58:38","-0","25"
Running,2020-09-20 17:47:38,false,"Nesebar Bieg","8.04","519","00:45:38","158","177","--","155","205","5:41","5:10","46","50","1.14","0.0","0.0","0","0","0","0.0","0","0","0.0","0.0","--","0","0","0","--","0:00","22.0","0:00","No","00:13.21.5","9","0.0","00:45:32","00:45:38","-11","15"
Running,2020-09-19 18:42:31,false,"Nesebar Bieg","4.14","280","00:24:08","159","176","--","151","163","5:50","5:00","15","19","1.14","0.0","0.0","0","0","0","0.0","0","0","0.0","0.0","--","0","0","0","--","0:00","20.0","0:00","No","00:47.97.7","5","0.0","00:23:38","00:24:08","-1","7"
Running,2020-09-16 18:05:47,false,"Nesebar Bieg","6.77","453","00:38:34","161","181","--","156","170","5:42","4:44","3","7","1.13","0.0","0.0","0","0","0","0.0","0","0","0.0","0.0","--","0","0","0","--","0:00","26.0","0:00","No","04:09.37.3","7","0.0","00:38:32","00:38:34","-1","5"
Running,2020-09-13 18:11:25,false,"Nesebar Bieg","4.52","315","00:29:30","155","175","--","153","163","6:31","5:20","5","8","1.00","0.0","0.0","0","0","0","0.0","0","0","0.0","0.0","--","0","0","0","--","0:00","27.0","0:00","No","02:52.36.3","5","0.0","00:29:28","00:29:30","-12","-8"
Cycling,2020-08-24 10:16:02,false,"Cekcyn Kolarstwo","69.36","1,606","04:42:15","0","0","--","0","0","14.7","39.8","244","275","0.00","0.0","0.0","0","0","0","0.0","0","0","0.0","0.0","--","0","0","0","--","0:00","18.0","0:00","No","12:28.21.8","14","0.0","03:43:41","05:03:19","52","110"
Cycling,2020-08-23 10:06:29,false,"Kościerzyna (Gmina) Kolarstwo","114.47","2,560","10:49:54","118","170","--","0","0","10.6","39.7","543","588","0.00","0.0","0.0","0","0","0","0.0","0","0","0.0","0.0","--","0","0","0","--","0:00","16.0","0:00","No","12:08.05.6","23","0.0","00:00:00","10:49:54","117","202"
Cycling,2020-08-22 15:17:50,false,"Stężyca Kolarstwo","38.23","990","03:45:55","118","165","--","0","0","10.2","41.3","274","299","0.00","0.0","0.0","0","0","0","0.0","0","0","0.0","0.0","--","0","0","0","--","0:00","19.0","0:00","No","19:11.47.5","8","0.0","02:49:29","03:45:56","125","184"
Cycling,2020-08-22 07:51:58,false,"Gdańsk Kolarstwo","63.87","1,408","05:24:55","119","178","--","0","0","11.8","43.0","619","547","0.00","0.0","0.0","0","0","0","0.0","0","0","0.0","0.0","--","0","0","0","--","0:00","23.0","0:00","No","12:38.68.2","13","0.0","00:00:00","05:24:57","67","227"
Cycling,2020-08-18 15:49:34,false,"Gdańsk Kolarstwo","16.58","556","01:35:23","118","163","--","0","0","10.4","37.3","148","137","0.00","0.0","0.0","0","0","0","0.0","0","0","0.0","0.0","--","0","0","0","--","0:00","23.0","0:00","No","10:03.71.5","4","0.0","01:17:22","03:40:11","63","140"
Open Water Swimming,2020-08-15 11:30:55,false,"Karsin Pływanie długodystansowe","1,022","189","00:41:50","0","0","--","0","0","4:06","2:31","--","--","0.00","0.0","0.0","0","0","0","0.0","0","0","0.0","0.0","--","0","--","0","--","0:00","22.0","0:00","No","00:54.08","3","0.0","00:36:52","00:41:52","--","--"
Cycling,2020-08-08 18:00:35,false,"Gdańsk Kolarstwo","23.73","525","02:00:18","112","142","--","0","0","11.8","32.2","148","146","0.00","0.0","0.0","0","0","0","0.0","0","0","0.0","0.0","--","0","0","0","--","0:00","24.0","0:00","No","15:15.92.7","5","0.0","01:25:37","02:00:18","6","88"
Cycling,2020-08-01 11:37:09,false,"Gdańsk Kolarstwo","44.61","1,184","03:57:54","128","187","--","0","0","11.3","32.9","176","170","0.00","0.0","0.0","0","0","0","0.0","0","0","0.0","0.0","--","0","0","0","--","0:00","19.0","0:00","No","19:51.53.6","9","0.0","02:53:35","03:58:05","-2","78"
Cycling,2020-07-25 16:13:36,false,"Gdańsk Kolarstwo","29.54","805","03:07:39","116","161","--","0","0","9.4","47.1","241","253","0.00","0.0","0.0","0","0","0","0.0","0","0","0.0","0.0","--","0","0","0","--","0:00","18.0","0:00","No","19:34.12.9","6","0.0","02:11:10","03:07:39","19","151"
Cycling,2020-07-04 10:01:59,false,"Gdańsk Kolarstwo","49.02","1,028","03:51:47","116","162","--","0","0","12.7","45.9","443","432","0.00","0.0","0.0","0","0","0","0.0","0","0","0.0","0.0","--","0","0","0","--","0:00","22.0","0:00","No","11:24.30.9","10","0.0","00:00:00","03:51:47","7","151"
Running,2020-06-14 12:00:26,false,"Osiek Bieg","6.51","501","00:44:12","160","181","--","143","219","6:48","4:58","63","67","1.03","0.0","0.0","0","0","0","0.0","0","0","0.0","0.0","--","0","0","0","--","0:00","23.0","0:00","No","03:03.21","7","0.0","00:43:59","00:44:12","72","90"
Running,2020-06-12 12:00:19,false,"Gdańsk Bieg","7.50","543","00:43:46","164","186","--","153","172","5:50","3:36","12","16","1.12","0.0","0.0","0","0","0","0.0","0","0","0.0","0.0","--","0","0","0","--","0:00","21.0","0:00","No","02:58.44.7","8","0.0","00:43:32","00:43:46","0","7"
Cycling,2020-06-07 09:10:44,false,"Gdańsk Kolarstwo","51.19","1,132","04:23:38","121","190","--","0","0","11.6","51.2","439","448","0.00","0.0","0.0","0","0","0","0.0","0","0","0.0","0.0","--","0","0","0","--","0:00","16.0","0:00","No","05:44.70.5","11","0.0","00:00:00","04:23:38","55","143"
Cycling,2020-06-01 16:08:03,false,"Gdańsk Kolarstwo","43.49","880","03:15:14","100","157","--","0","0","13.4","45.1","181","173","0.00","0.0","0.0","0","0","0","0.0","0","0","0.0","0.0","--","0","0","0","--","0:00","14.0","0:00","No","15:47.21","9","0.0","02:29:11","03:15:14","-1","76"
Running,2020-05-31 17:39:41,false,"Gdańsk Bieg","5.30","367","00:28:52","169","185","--","157","183","5:27","2:38","51","65","1.17","0.0","0.0","0","0","0","0.0","0","0","0.0","0.0","--","0","0","0","--","0:00","19.0","0:00","No","01:36.35.1","6","0.0","00:28:40","00:28:52","20","74"
Hiking,2020-05-29 10:52:25,false,"Karpacz Piesze wędrówki","16.50","1,266","04:33:26","109","163","--","73","243","16:34","4:10","745","744","0.88","0.0","0.0","0","0","0","0.0","0","0","0.0","0.0","--","0","0","0","--","0:00","16.0","0:00","No","05:39.29.2","17","0.0","03:20:45","04:33:26","803","1,425"
Hiking,2020-05-27 09:55:00,false,"Karpacz Piesze wędrówki","20.55","2,099","07:16:48","110","155","--","61","228","21:16","2:37","1,125","1,134","0.85","0.0","0.0","0","0","0","0.0","0","0","0.0","0.0","--","0","0","0","--","0:00","20.0","0:00","No","11:31.46.9","21","0.0","04:57:33","07:38:50","595","1,606"
Running,2020-05-15 17:58:09,false,"Gdańsk Bieg","4.35","322","00:28:13","156","172","--","147","166","6:30","5:00","24","25","1.06","0.0","0.0","0","0","0","0.0","0","0","0.0","0.0","--","0","0","0","--","0:00","18.0","0:00","No","01:54.12.5","5","0.0","00:27:49","00:28:13","34","41"
Running,2020-05-12 20:41:58,false,"Gdańsk Bieg","4.57","321","00:25:46","165","182","--","153","175","5:39","3:57","48","51","1.16","0.0","0.0","0","0","0","0.0","0","0","0.0","0.0","--","0","0","0","--","0:00","12.0","0:00","No","03:12.03.9","5","0.0","00:25:39","00:25:46","33","66"
Running,2020-05-09 11:16:20,false,"Gdańsk Bieg","5.14","360","00:30:37","155","171","--","152","164","5:57","5:05","30","30","1.10","0.0","0.0","0","0","0","0.0","0","0","0.0","0.0","--","0","0","0","--","0:00","22.0","0:00","No","00:52.32.6","6","0.0","00:30:25","00:30:37","34","42"
Cycling,2020-04-26 11:45:40,false,"Gdańsk Kolarstwo","36.93","919","03:18:52","114","170","--","0","0","11.1","43.5","464","467","0.00","0.0","0.0","0","0","0","0.0","0","0","0.0","0.0","--","0","0","0","--","0:00","12.0","0:00","No","09:13.42.9","8","0.0","02:34:23","03:18:52","46","169"
Cycling,2020-03-28 11:32:29,false,"Gdańsk Kolarstwo","30.89","565","02:41:55","85","123","--","0","0","11.4","39.4","311","293","0.00","0.0","0.0","0","0","0","0.0","0","0","0.0","0.0","--","0","0","0","--","0:00","14.0","0:00","No","03:45.59.5","7","0.0","02:12:25","02:41:55","52","168"
Walking,2020-03-21 12:03:17,false,"Kolbudy Spacerowanie","3.65","267","00:57:59","105","135","--","84","156","15:53","4:27","74","74","0.76","0.0","0.0","0","0","0","0.0","0","0","0.0","0.0","--","0","0","0","--","0:00","21.0","0:00","No","11:59.05.4","4","0.0","00:56:01","00:58:06","91","127"
Cycling,2020-03-08 10:15:30,false,"Gdańsk Kolarstwo","35.71","866","02:51:32","107","173","--","0","0","12.5","38.2","363","342","0.00","0.0","0.0","0","0","0","0.0","0","0","0.0","0.0","--","0","0","0","--","0:00","5.0","0:00","No","03:42.91.6","8","0.0","02:21:15","02:58:14","22","149"
Pool Swimming,2020-02-19 21:19:58,false,"Pływanie na basenie","350","76","00:19:41","0","0","--","0","0","3:13","1:09","--","--","0.00","0.0","0.0","0","0","0","0.0","0","0","0.0","0.0","280","68","25","0","--","0:00","26.0","0:00","No","00:06.36.3","4","0.0","00:11:14","00:19:48","--","--"
Pool Swimming,2020-02-17 20:40:25,false,"Pływanie na basenie","875","186","00:38:47","0","0","--","0","0","2:48","1:18","--","--","0.00","0.0","0.0","0","0","0","0.0","0","0","0.0","0.0","650","61","26","0","--","0:00","26.0","0:00","No","00:20.40.6","17","0.0","00:24:33","00:39:14","--","--"
Running,2020-02-03 16:07:35,false,"Gdańsk Biegi","6.42","483","00:39:15","159","179","--","150","236","6:07","3:37","85","22","1.09","0.0","0.0","0","0","0","0.0","0","0","0.0","0.0","--","0","0","0","--","0:00","18.0","0:00","No","02:25.42.1","7","0.0","00:38:01","00:39:15","7","80"
Running,2020-01-25 13:38:46,false,"Gdańsk Biegi","5.01","331","00:27:25","156","174","--","151","185","5:29","4:29","55","51","1.21","0.0","0.0","0","0","0","0.0","0","0","0.0","0.0","--","0","0","0","--","0:00","16.0","0:00","No","00:01.00.6","6","0.0","00:27:04","00:27:25","30","85"
Pool Swimming,2020-01-24 21:20:33,false,"Pływanie na basenie","500","107","00:21:47","0","0","--","0","0","2:52","1:26","--","--","0.00","0.0","0.0","0","0","0","0.0","0","0","0.0","0.0","373","62","26","0","--","0:00","26.0","0:00","No","00:00.36.7","24","0.0","00:14:18","00:22:26","--","--"
Running,2020-01-20 13:27:38,false,"Gdańsk Biegi","9.18","627","00:52:10","160","182","--","153","179","5:41","3:16","108","114","1.15","0.0","0.0","0","0","0","0.0","0","0","0.0","0.0","--","0","0","0","--","0:00","13.0","0:00","No","00:57.03","10","0.0","00:51:53","00:52:10","20","86"
Running,2020-01-18 16:15:01,false,"Kolbudy Biegi","10.08","722","01:02:53","157","172","--","152","164","6:14","4:19","47","126","1.05","0.0","0.0","0","0","0","0.0","0","0","0.0","0.0","--","0","0","0","--","0:00","12.0","0:00","No","00:29.89.9","11","0.0","01:02:06","01:03:05","27","128"
Pool Swimming,2020-01-17 21:16:23,false,"Pływanie na basenie","800","163","00:33:48","0","0","--","0","0","3:09","1:03","--","--","0.00","0.0","0.0","0","0","0","0.0","0","0","0.0","0.0","618","67","25","0","--","0:00","26.0","0:00","No","00:03.57.2","24","0.0","00:25:11","00:34:31","--","--"
Running,2020-01-15 14:49:11,false,"Gdańsk Biegi","8.41","597","00:50:40","157","173","--","152","173","6:02","4:04","77","78","1.09","0.0","0.0","0","0","0","0.0","0","0","0.0","0.0","--","0","0","0","--","0:00","13.0","0:00","No","02:08.53.9","9","0.0","00:49:01","00:50:40","7","78"
Running,2020-01-12 12:41:02,false,"Gdańsk Biegi","5.62","396","00:32:55","158","177","--","155","244","5:51","4:32","40","22","1.10","0.0","0.0","0","0","0","0.0","0","0","0.0","0.0","--","0","0","0","--","0:00","16.0","0:00","No","04:12.71","6","0.0","00:32:49","00:32:55","41","64"
Cycling,2020-01-11 11:41:42,false,"Gdańsk Kolarstwo","34.32","847","02:28:45","119","155","--","0","0","13.8","41.0","273","271","0.00","0.0","0.0","0","0","0","0.0","0","0","0.0","0.0","--","0","0","0","--","0:00","22.0","0:00","No","17:16.37","7","0.0","02:03:07","02:28:46","34","145"
Pool Swimming,2020-01-10 21:21:33,false,"Pływanie na basenie","975","198","00:29:36","0","0","--","0","0","3:02","1:08","--","--","0.00","0.0","0.0","0","0","0","0.0","0","0","0.0","0.0","750","65","25","0","--","0:00","26.0","0:00","No","00:03.24.7","2","0.0","00:29:32","00:29:56","--","--"
Running,2020-01-08 16:20:03,false,"Gdańsk Biegi","5.37","401","00:33:06","161","175","--","155","174","6:10","3:28","66","68","1.05","0.0","0.0","0","0","0","0.0","0","0","0.0","0.0","--","0","0","0","--","0:00","16.0","0:00","No","02:11.35","6","0.0","00:32:45","00:33:06","51","89"
Hiking,2020-01-05 09:47:48,false,"Kościelisko Piesze wędrówki","16.02","1,290","04:16:10","111","157","--","69","184","16:00","7:28","518","814","1.02","0.0","0.0","0","0","0","0.0","0","0","0.0","0.0","--","0","0","0","--","0:00","16.0","0:00","No","00:18.65.8","17","0.0","03:24:58","04:16:10","699","1,217"
Hiking,2020-01-04 12:03:54,false,"Kościelisko Piesze wędrówki","8.19","804","02:45:24","106","158","--","47","160","20:11","9:18","430","417","1.41","0.0","0.0","0","0","0","0.0","0","0","0.0","0.0","--","0","0","0","--","0:00","17.0","0:00","No","02:35.36.1","9","0.0","02:03:02","02:48:11","1,009","1,302"
Hiking,2020-01-03 07:51:57,false,"Kościelisko Piesze wędrówki","21.39","1,626","07:38:46","92","155","--","27","185","21:27","0:32","1,249","1,108","4.72","0.0","0.0","0","0","0","0.0","0","0","0.0","0.0","--","0","0","0","--","0:00","6.0","0:00","No","05:31.45.9","22","0.0","03:52:13","07:57:42","1,061","1,983"
Hiking,2020-01-02 12:30:01,false,"Kościelisko Piesze wędrówki","6.82","500","01:28:48","114","166","--","82","157","13:01","2:16","216","8","0.94","0.0","0.0","0","0","0","0.0","0","0","0.0","0.0","--","0","0","0","--","0:00","14.0","0:00","No","09:32.47.1","7","0.0","01:11:06","01:28:55","952","1,163"
Cycling,2019-12-25 10:24:26,false,"Gdańsk Kolarstwo","32.31","1,135","02:18:07","141","177","--","0","0","14.0","41.0","292","297","0.00","0.0","0.0","0","0","0","0.0","0","0","0.0","0.0","--","0","0","0","--","0:00","24.0","0:00","No","12:36.45.6","7","0.0","01:57:06","02:18:07","24","154"
Cycling,2019-12-22 11:05:32,false,"Gdańsk Kolarstwo","27.84","819","01:57:03","129","169","--","0","0","14.3","84.5","203","160","0.00","0.0","0.0","0","0","0","0.0","0","0","0.0","0.0","--","0","0","0","--","0:00","23.0","0:00","No","11:26.02.8","6","0.0","01:47:39","01:57:03","79","195"
Cycling,2019-12-01 09:33:14,false,"Gdańsk Kolarstwo","19.61","737","01:21:48","141","175","--","0","0","14.4","39.1","192","188","0.00","0.0","0.0","0","0","0","0.0","0","0","0.0","0.0","--","0","0","0","--","0:00","22.0","0:00","No","16:09.19.2","4","0.0","01:14:24","01:21:48","53","161"
Running,2019-11-08 19:07:51,false,"Gdańsk Biegi","7.06","549","00:45:13","161","186","--","157","171","6:24","4:47","72","69","1.00","0.0","0.0","0","0","0","0.0","0","0","0.0","0.0","--","0","0","0","--","0:00","13.0","0:00","No","00:22.54.7","8","0.0","00:44:59","00:45:55","53","98"
Running,2019-11-06 15:01:46,false,"Gdańsk Biegi","8.50","548","00:47:53","153","171","--","158","212","5:38","3:07","100","105","1.12","0.0","0.0","0","0","0","0.0","0","0","0.0","0.0","--","0","0","0","--","0:00","17.0","0:00","No","02:44.31.9","9","0.0","00:47:50","00:47:53","21","83"
Running,2019-11-03 09:34:30,false,"Gdańsk Biegi","9.75","732","00:57:35","166","185","--","155","164","5:54","4:36","106","107","1.10","0.0","0.0","0","0","0","0.0","0","0","0.0","0.0","--","0","0","0","--","0:00","14.0","0:00","No","03:56.86.3","10","0.0","00:57:18","00:57:35","40","140"
Running,2019-11-01 09:36:15,false,"Gdańsk Biegi","7.03","533","00:43:15","160","184","--","144","172","6:09","3:13","65","66","1.13","0.0","0.0","0","0","0","0.0","0","0","0.0","0.0","--","0","0","0","--","0:00","18.0","0:00","No","00:10.40.4","8","0.0","00:41:07","00:43:15","39","82"
Running,2019-10-27 08:45:58,false,"Gdańsk Biegi","5.12","359","00:29:02","158","176","--","156","164","5:40","4:57","33","55","1.13","0.0","0.0","0","0","0","0.0","0","0","0.0","0.0","--","0","0","0","--","0:00","19.0","0:00","No","00:38.63.1","6","0.0","00:28:59","00:29:02","34","87"
Other,2019-10-26 08:31:42,false,"Kolbudy Śledź mnie","5.22","617","02:38:25","95","133","--","0","0","2.0","6.2","87","81","0.00","0.0","0.0","0","0","0","0.0","0","0","0.0","0.0","--","0","0","0","--","0:00","23.0","0:00","No","00:00.00","1","0.0","01:33:46","02:38:25","115","152"
Other,2019-10-18 17:50:14,false,"Żukowo Śledź mnie","1.10","109","00:17:35","109","143","--","0","0","3.8","5.8","34","5","0.00","0.0","0.0","0","0","0","0.0","0","0","0.0","0.0","--","0","0","0","--","0:00","22.0","0:00","No","00:00.00","1","0.0","00:14:30","00:17:35","145","175"
Running,2019-09-21 12:53:32,false,"Gdańsk Biegi","5.43","396","00:32:30","154","174","--","147","178","5:59","4:29","70","68","1.14","0.0","0.0","0","0","0","0.0","0","0","0.0","0.0","--","0","0","0","--","0:00","18.0","0:00","No","02:58.15.1","6","0.0","00:31:51","00:32:30","37","66"
Running,2019-09-19 13:31:45,false,"Kolbudy Biegi","10.11","807","01:02:59","163","182","--","154","222","6:14","4:20","151","151","1.04","0.0","0.0","0","0","0","0.0","0","0","0.0","0.0","--","0","0","0","--","0:00","19.0","0:00","No","00:38.11.9","11","0.0","01:02:13","01:03:00","109","162"
Running,2019-09-14 10:21:15,false,"Gdańsk Biegi","10.00","529","00:48:38","150","179","--","159","171","4:52","3:51","26","28","1.30","0.0","0.0","0","0","0","0.0","0","0","0.0","0.0","--","0","0","0","--","0:00","17.0","0:00","No","04:34.39.1","10","0.0","00:48:34","00:48:38","-9","2"
Running,2019-09-12 15:06:59,false,"Gdańsk Biegi","6.39","487","00:36:30","167","187","--","157","200","5:43","3:37","112","112","1.11","0.0","0.0","0","0","0","0.0","0","0","0.0","0.0","--","0","0","0","--","0:00","22.0","0:00","No","02:02.38.9","7","0.0","00:36:22","00:37:00","56","108"
Running,2019-09-05 19:13:31,false,"Gdańsk Biegi","4.86","348","00:27:12","160","177","--","146","169","5:36","4:05","46","44","1.23","0.0","0.0","0","0","0","0.0","0","0","0.0","0.0","--","0","0","0","--","0:00","19.0","0:00","No","04:42.08.7","5","0.0","00:25:24","00:27:12","48","88"
Strength Training,2019-08-21 18:56:03,false,"Brzuch","0.00","61","00:13:54","99","133","--","0","0","--","--","--","--","0.00","0.0","0.0","0","0","0","0.0","0","0","0.0","0.0","--","0","0","78","12","0:00","27.0","0:00","No","00:00.00","1","0.0","00:08:50.2","00:13:56","--","--"
Running,2019-08-18 11:11:28,false,"Kolbudy Biegi","12.65","984","01:13:31","172","187","--","157","175","5:49","4:15","122","121","1.10","0.0","0.0","0","0","0","0.0","0","0","0.0","0.0","--","0","0","0","--","0:00","22.0","0:00","No","03:42.44","13","0.0","01:13:19","01:14:23","108","335"
Running,2019-08-16 13:10:14,false,"Gdańsk Biegi","9.25","820","01:03:48","168","187","--","148","228","6:54","4:55","198","197","0.98","0.0","0.0","0","0","0","0.0","0","0","0.0","0.0","--","0","0","0","--","0:00","23.0","0:00","No","01:32.83.2","10","0.0","01:02:17","01:03:48","63","141"
Running,2019-08-13 18:25:18,false,"Gdańsk Biegi","7.84","515","00:40:13","163","182","--","156","173","5:08","3:43","90","73","1.25","0.0","0.0","0","0","0","0.0","0","0","0.0","0.0","--","0","0","0","--","0:00","22.0","0:00","No","03:44.38.2","8","0.0","00:39:30","00:40:38","20","84"
Running,2019-08-11 10:21:34,false,"Gdańsk Biegi","15.03","1,229","01:35:33","168","192","--","154","233","6:22","4:43","220","223","1.02","0.0","0.0","0","0","0","0.0","0","0","0.0","0.0","--","0","0","0","--","0:00","23.0","0:00","No","00:10.41.4","16","0.0","00:00:00","01:35:33","75","137"
Running,2019-08-09 18:12:34,false,"Gdańsk Biegi","5.09","374","00:30:49","153","172","--","147","196","6:04","4:31","62","59","1.12","0.0","0.0","0","0","0","0.0","0","0","0.0","0.0","--","0","0","0","--","0:00","24.0","0:00","No","00:30.61.3","6","0.0","00:30:11","00:31:25","41","83"
Running,2019-08-07 14:48:42,false,"Kolbudy Biegi","9.22","725","00:55:05","167","183","--","155","172","5:59","4:53","108","106","1.08","0.0","0.0","0","0","0","0.0","0","0","0.0","0.0","--","0","0","0","--","0:00","25.0","0:00","No","01:10.75.8","10","0.0","00:54:48","00:55:43","101","134"
Running,2019-08-04 15:28:05,false,"Gdańsk Biegi","10.42","778","00:57:03","170","188","--","156","173","5:29","4:22","110","107","1.17","0.0","0.0","0","0","0","0.0","0","0","0.0","0.0","--","0","0","0","--","0:00","22.0","0:00","No","02:19.64.1","11","0.0","00:56:39","00:57:03","4","85"
Running,2019-08-03 17:16:31,false,"Gdańsk Biegi","5.00","350","00:27:17","161","181","--","155","168","5:28","4:21","54","35","1.19","0.0","0.0","0","0","0","0.0","0","0","0.0","0.0","--","0","0","0","--","0:00","24.0","0:00","No","05:09.98","5","0.0","00:26:53","00:29:22","-500","-485"
Running,2019-08-01 13:47:44,false,"Gdańsk Biegi","12.75","943","01:13:46","164","183","--","155","173","5:47","5:00","23","23","1.12","0.0","0.0","0","0","0","0.0","0","0","0.0","0.0","--","0","0","0","--","0:00","20.0","0:00","No","04:02.57.2","13","0.0","01:12:34","01:13:46","-14","-11"
Running,2019-07-30 14:21:48,false,"Kolbudy Biegi","6.75","492","00:37:54","164","178","--","157","177","5:37","4:19","77","74","1.14","0.0","0.0","0","0","0","0.0","0","0","0.0","0.0","--","0","0","0","--","0:00","23.0","0:00","No","03:50.97","7","0.0","00:37:51","00:37:54","104","140"
Cycling,2019-07-29 15:24:08,false,"Gdańsk Kolarstwo","15.97","486","01:09:56","123","155","--","0","0","13.7","43.9","61","105","0.00","0.0","0.0","0","0","0","0.0","0","0","0.0","0.0","--","0","0","0","--","0:00","28.0","0:00","No","05:12.91.4","4","0.0","00:59:34","01:09:56","29","118"
Strength Training,2019-07-26 17:34:51,false,"Brzuch","0.00","33","00:14:49","81","110","--","0","0","--","--","--","--","0.00","0.0","0.0","0","0","0","0.0","0","0","0.0","0.0","--","0","0","230","11","0:00","28.0","0:00","No","00:00.00","1","0.0","00:08:37.1","00:14:49","--","--"
Open Water Swimming,2019-07-25 16:26:34,false,"Kolbudy Pływanie długodystansowe","321","69","00:26:20","0","0","--","0","0","8:13","0:12","--","--","0.00","0.0","0.0","0","0","0","0.0","0","0","0.0","0.0","436","157","16","0","--","0:00","22.0","0:00","No","00:00.00","1","0.0","00:13:25","00:26:32","--","--"
Cycling,2019-07-24 16:01:09,false,"Gdańsk Kolarstwo","52.61","994","02:32:32","125","169","--","0","0","20.7","44.4","96","99","0.00","0.0","0.0","0","0","0","0.0","0","0","0.0","0.0","--","0","0","0","--","0:00","22.0","0:00","No","10:38.17.4","11","0.0","02:20:57","02:32:32","6","81"
Strength Training,2019-07-23 20:41:09,false,"Brzuch","0.00","35","00:07:33.4","102","120","--","0","0","--","--","--","--","0.00","0.0","0.0","0","0","0","0.0","0","0","0.0","0.0","--","0","0","43","11","0:00","31.0","0:00","No","00:00.00","1","0.0","00:07:23.8","00:07:33.4","--","--"
Running,2019-07-21 12:04:46,false,"Gdańsk Biegi","11.61","919","01:06:40","172","190","--","153","169","5:45","4:30","98","106","1.13","0.0","0.0","0","0","0","0.0","0","0","0.0","0.0","--","0","0","0","--","0:00","26.0","0:00","No","03:25.11.9","12","0.0","01:05:55","01:06:41","19","79"
Running,2019-07-19 21:32:46,false,"Gdańsk Biegi","5.01","296","00:24:07","154","176","--","155","182","4:49","3:24","50","63","1.34","0.0","0.0","0","0","0","0.0","0","0","0.0","0.0","--","0","0","0","--","0:00","20.0","0:00","No","00:01.58.2","6","0.0","00:24:00","00:24:07","17","79"
Running,2019-07-17 19:44:44,false,"Gostyń Biegi","11.47","791","01:07:30","156","174","--","154","164","5:53","4:41","49","53","1.11","0.0","0.0","0","0","0","0.0","0","0","0.0","0.0","--","0","0","0","--","0:00","19.0","0:00","No","02:59.74","12","0.0","01:06:43","01:07:30","74","106"
Running,2019-07-15 18:19:44,false,"Gdańsk Biegi","3.85","294","00:23:12","164","179","--","150","165","6:02","5:16","25","58","1.10","0.0","0.0","0","0","0","0.0","0","0","0.0","0.0","--","0","0","0","--","0:00","21.0","0:00","No","05:04.74","4","0.0","00:22:28","00:24:28","41","79"
Running,2019-07-14 16:31:20,false,"Gdańsk Biegi","10.00","738","01:00:47","158","177","--","142","167","6:05","4:21","111","129","1.16","0.0","0.0","0","0","0","0.0","0","0","0.0","0.0","--","0","0","0","--","0:00","23.0","0:00","No","00:00.25.6","11","0.0","00:56:18","01:01:04","5","89"
Cycling,2019-07-13 16:29:23,false,"Gdańsk Kolarstwo","38.09","816","02:16:27","121","164","--","0","0","16.8","48.1","282","280","0.00","0.0","0.0","0","0","0","0.0","0","0","0.0","0.0","--","0","0","0","--","0:00","20.0","0:00","No","10:59.84","8","0.0","02:00:45","02:16:29","58","159"
Running,2019-07-12 16:48:17,false,"Gdańsk Biegi","7.00","524","00:42:01","161","184","--","153","170","6:00","4:42","103","97","1.09","0.0","0.0","0","0","0","0.0","0","0","0.0","0.0","--","0","0","0","--","0:00","21.0","0:00","No","05:22.30.3","7","0.0","00:41:02","00:42:01","26","87"
Running,2019-07-10 20:35:56,false,"Gdańsk - Spokojny bieg","7.89","560","00:45:24","159","177","--","149","190","5:45","2:58","70","70","1.18","0.0","0.0","0","0","0","0.0","0","0","0.0","0.0","--","0","0","0","--","0:00","17.0","0:00","No","00:02.56.9","10","0.0","00:43:02","00:45:24","47","102"
Cycling,2019-07-10 15:21:15,false,"Gdańsk Kolarstwo","9.13","215","00:35:57","111","138","--","0","0","15.2","30.3","74","15","0.00","0.0","0.0","0","0","0","0.0","0","0","0.0","0.0","--","0","0","0","--","0:00","22.0","0:00","No","16:10.48.9","2","0.0","00:32:40","00:35:57","-7","55"
Running,2019-07-08 18:26:02,false,"Gdańsk Biegi","10.03","721","01:00:54","159","177","--","154","171","6:04","3:55","92","92","1.07","0.0","0.0","0","0","0","0.0","0","0","0.0","0.0","--","0","0","0","--","0:00","17.0","0:00","No","00:16.70.6","11","0.0","00:59:19","01:00:54","104","151"
Running,2019-07-07 19:31:05,false,"Gdańsk - Spokojny bieg","4.72","375","00:30:02","160","186","--","151","232","6:22","5:25","25","46","1.04","0.0","0.0","0","0","0","0.0","0","0","0.0","0.0","--","0","0","0","--","0:00","18.0","0:00","No","00:01.78.9","7","0.0","00:29:04","00:30:02","48","86"
Running,2019-07-04 15:59:52,true,"Gdańsk - Spokojny bieg","7.50","531","00:42:41","159","175","--","155","166","5:42","4:37","61","49","1.13","0.0","0.0","0","0","0","0.0","0","0","0.0","0.0","--","0","0","0","--","0:00","20.0","0:00","No","00:29.99.6","9","0.0","00:41:44","00:46:51","24","57"
Cycling,2019-07-03 16:45:05,false,"Gdańsk Kolarstwo","23.11","576","01:20:06","130","174","--","0","0","17.3","47.1","164","165","0.00","0.0","0.0","0","0","0","0.0","0","0","0.0","0.0","--","0","0","0","--","0:00","22.0","0:00","No","11:46.41.6","5","0.0","01:12:47","01:20:06","35","153"
Running,2019-07-02 10:33:04,false,"Gdańsk - Spokojny bieg","5.49","371","00:30:44","155","175","--","153","172","5:36","4:10","26","32","1.17","0.0","0.0","0","0","0","0.0","0","0","0.0","0.0","--","0","0","0","--","0:00","15.0","0:00","No","01:29.12.5","7","0.0","00:29:59","00:30:44","63","85"
Running,2019-07-01 18:26:06,false,"Gdańsk - Bieg wzorcowy","1.72","91","00:09:14.9","136","153","--","148","165","5:23","3:44","1","1","1.24","0.0","0.0","0","0","0","0.0","0","0","0.0","0.0","--","0","0","0","--","0:00","26.0","0:00","No","00:14.89","5","0.0","00:08:56","00:09:14.9","35","38"
Cycling,2019-06-30 12:09:40,false,"Gdańsk Kolarstwo","3.37","121","00:13:36","127","153","--","0","0","14.8","45.2","19","34","0.00","0.0","0.0","0","0","0","0.0","0","0","0.0","0.0","--","0","0","0","--","0:00","30.0","0:00","No","00:00.00","1","0.0","00:11:58","00:13:36","46","75"
Running,2019-06-29 12:00:28,false,"Stężyca Biegi","5.21","344","00:26:23","165","182","--","151","171","5:04","2:47","39","35","1.31","0.0","0.0","0","0","0","0.0","0","0","0.0","0.0","--","0","0","0","--","0:00","26.0","0:00","No","00:52.95","6","0.0","00:25:27","00:26:23","160","189"
Cycling,2019-06-29 11:11:31,false,"Stężyca Kolarstwo","22.59","541","00:48:36","149","170","--","0","0","27.9","49.6","51","49","0.00","0.0","0.0","0","0","0","0.0","0","0","0.0","0.0","--","0","0","0","--","0:00","23.0","0:00","No","06:21.34.8","5","0.0","00:48:18","00:48:36","152","182"
Cycling,2019-06-28 09:00:59,false,"Gdańsk Kolarstwo","8.53","187","00:35:05","106","144","--","0","0","14.6","38.7","89","42","0.00","0.0","0.0","0","0","0","0.0","0","0","0.0","0.0","--","0","0","0","--","0:00","25.0","0:00","No","14:40.63.3","2","0.0","00:31:02","00:35:05","2","67"
Cycling,2019-06-25 17:20:50,false,"Gdańsk Kolarstwo","29.51","814","02:30:54","111","161","--","0","0","11.7","35.9","76","27","0.00","0.0","0.0","0","0","0","0.0","0","0","0.0","0.0","--","0","0","0","--","0:00","26.0","0:00","No","15:04.24.9","6","0.0","01:46:18","03:06:00","11","79"
Running,2019-06-24 19:47:57,false,"Gdańsk Biegi","6.84","487","00:38:11","163","185","--","156","171","5:35","3:35","138","67","1.15","0.0","0.0","0","0","0","0.0","0","0","0.0","0.0","--","0","0","0","--","0:00","21.0","0:00","No","04:31.72.2","7","0.0","00:37:21","00:41:39","19","86"
Cycling,2019-06-20 10:11:41,false,"Hel Kolarstwo","98.16","2,420","06:07:57","126","166","--","0","0","16.0","43.4","318","258","0.00","0.0","0.0","0","0","0","0.0","0","0","0.0","0.0","--","0","0","0","--","0:00","25.0","0:00","No","10:47.84.3","20","0.0","00:00:00","07:49:42","-20","74"
Running,2019-06-11 19:49:13,false,"Gdańsk Biegi","9.00","616","00:47:49","165","187","--","154","179","5:19","3:40","109","100","1.22","0.0","0.0","0","0","0","0.0","0","0","0.0","0.0","--","0","0","0","--","0:00","25.0","0:00","No","04:51.77.4","9","0.0","00:47:04","00:49:29","21","79"
Running,2019-06-08 14:36:51,false,"Gdańsk Biegi","5.23","351","00:28:04","160","189","--","150","162","5:22","4:21","36","52","1.24","0.0","0.0","0","0","0","0.0","0","0","0.0","0.0","--","0","0","0","--","0:00","21.0","0:00","No","01:13.01.5","6","0.0","00:27:49","00:28:04","2","50"
Running,2019-06-06 19:37:08,false,"Gdańsk Biegi","2.57","150","00:12:49","149","158","--","159","176","4:59","1:38","36","54","1.26","0.0","0.0","0","0","0","0.0","0","0","0.0","0.0","--","0","0","0","--","0:00","25.0","0:00","No","02:43.23.8","3","0.0","00:12:36","00:12:49","43","69"
Cycling,2019-06-06 18:34:58,false,"Gdańsk Kolarstwo","22.53","519","00:56:11","135","164","--","0","0","24.1","51.7","82","94","0.00","0.0","0.0","0","0","0","0.0","0","0","0.0","0.0","--","0","0","0","--","0:00","26.0","0:00","No","07:24.21.6","5","0.0","00:54:46","00:56:28","11","87"
Running,2019-06-05 17:01:25,false,"Gdańsk Biegi","5.09","361","00:30:15","155","169","--","155","179","5:57","3:13","27","46","1.09","0.0","0.0","0","0","0","0.0","0","0","0.0","0.0","--","0","0","0","--","0:00","30.0","0:00","No","00:32.03.2","6","0.0","00:30:00","00:30:15","55","84"
Running,2019-06-02 19:24:02,false,"Gdańsk Biegi","6.00","368","00:29:37","161","178","--","156","169","4:56","4:00","2","4","1.30","0.0","0.0","0","0","0","0.0","0","0","0.0","0.0","--","0","0","0","--","0:00","17.0","0:00","No","00:00.47.6","7","0.0","00:29:10","00:29:37","-4","0"
Cycling,2019-06-01 12:43:47,false,"Gdańsk Kolarstwo","50.51","1,091","02:07:14","144","171","--","0","0","23.8","51.5","184","181","0.00","0.0","0.0","0","0","0","0.0","0","0","0.0","0.0","--","0","0","0","--","0:00","24.0","0:00","No","01:36.04.7","11","0.0","02:05:23","02:11:39","59","161"
Running,2019-05-30 15:25:31,false,"Gdańsk Biegi","6.00","401","00:30:01","172","191","--","157","171","5:00","3:31","75","50","1.28","0.0","0.0","0","0","0","0.0","0","0","0.0","0.0","--","0","0","0","--","0:00","23.0","0:00","No","04:31.48.3","6","0.0","00:29:45","00:30:21","35","87"
Pool Swimming,2019-05-29 21:19:10,false,"Pływanie na basenie","750","152","00:27:55","0","0","--","0","0","3:18","1:39","--","--","0.00","0.0","0.0","0","0","0","0.0","0","0","0.0","0.0","668","72","27","0","--","0:00","26.0","0:00","No","00:01.24.6","7","0.0","00:24:48","00:28:24","--","--"
Cycling,2019-05-29 15:33:04,false,"Gdańsk Kolarstwo","4.15","110","00:14:20","122","162","--","0","0","17.4","52.0","40","52","0.00","0.0","0.0","0","0","0","0.0","0","0","0.0","0.0","--","0","0","0","--","0:00","23.0","0:00","No","00:00.00","1","0.0","00:12:28","00:14:20","40","76"
Hiking,2019-05-26 12:15:27,false,"Kvam Piesze wędrówki","10.04","667","03:04:39","93","148","--","44","167","18:24","6:09","116","618","1.36","0.0","0.0","0","0","0","0.0","0","0","0.0","0.0","--","0","0","0","--","0:00","18.0","0:00","No","00:03.87.8","11","0.0","01:30:01","04:34:02","239","822"
Hiking,2019-05-26 11:07:16,false,"Kvam Piesze wędrówki","1.65","204","01:02:54","86","142","--","26","160","38:03","2:49","70","75","1.03","0.0","0.0","0","0","0","0.0","0","0","0.0","0.0","--","0","0","0","--","0:00","21.0","0:00","No","25:16.67.1","2","0.0","00:20:51","01:02:55","795","841"
Hiking,2019-05-24 06:54:37,false,"Voss Piesze wędrówki","24.57","2,415","11:34:32","92","170","--","32","193","28:15","0:51","969","1,371","1.15","0.0","0.0","0","0","0","0.0","0","0","0.0","0.0","--","0","0","0","--","0:00","20.0","0:00","No","11:39.50.2","25","0.0","04:35:15","13:14:16","588","1,269"
Hiking,2019-05-23 08:09:21,false,"Voss Piesze wędrówki","10.41","1,165","04:11:20","106","163","--","32","184","24:09","0:38","747","231","1.38","0.0","0.0","0","0","0","0.0","0","0","0.0","0.0","--","0","0","0","--","0:00","13.0","0:00","No","09:02.12.7","11","0.0","01:40:39","04:13:20","672","1,297"
Hiking,2019-05-22 13:17:12,false,"Voss Piesze wędrówki","7.94","765","02:26:08","114","167","--","53","220","18:24","1:19","606","12","1.30","0.0","0.0","0","0","0","0.0","0","0","0.0","0.0","--","0","0","0","--","0:00","23.0","0:00","No","10:46.35.6","8","0.0","01:21:10","02:26:13","79","658"
Running,2019-05-10 14:49:39,false,"Łeba Biegi","5.93","379","00:30:33","160","177","--","154","163","5:09","3:58","7","9","1.26","0.0","0.0","0","0","0","0.0","0","0","0.0","0.0","--","0","0","0","--","0:00","19.0","0:00","No","00:00.00","1","0.0","00:30:21","00:30:35","-12","-7"
Cycling,2019-05-08 14:26:38,false,"Gdańsk Kolarstwo","22.45","613","00:59:09","145","178","--","0","0","22.8","52.4","262","255","0.00","0.0","0.0","0","0","0","0.0","0","0","0.0","0.0","--","0","0","0","--","0:00","20.0","0:00","No","06:54.10","5","0.0","00:57:14","00:59:09","-30","75"
Running,2019-05-07 15:18:16,false,"Gdańsk Biegi","4.90","351","00:27:51","165","181","--","150","185","5:41","3:46","60","59","1.17","0.0","0.0","0","0","0","0.0","0","0","0.0","0.0","--","0","0","0","--","0:00","20.0","0:00","No","00:00.39.8","6","0.0","00:27:23","00:27:51","36","58"
Other,2019-05-03 12:33:32,false,"Łeba Śledź mnie","14.50","885","03:28:25","104","153","--","0","0","4.2","16.5","70","71","0.00","0.0","0.0","0","0","0","0.0","0","0","0.0","0.0","--","0","0","0","--","0:00","21.0","0:00","No","00:00.00","1","0.0","02:53:09","03:52:36","3","34"
Cycling,2019-05-01 10:37:52,false,"Gdańsk Kolarstwo","34.60","911","01:40:41","142","182","--","0","0","20.6","48.1","270","169","0.00","0.0","0.0","0","0","0","0.0","0","0","0.0","0.0","--","0","0","0","--","0:00","19.0","0:00","No","11:25.41.1","7","0.0","01:35:32","02:26:23","51","195"
Running,2019-04-29 18:43:56,false,"Gdańsk Biegi","4.10","321","00:25:12","166","188","--","153","166","6:09","4:11","31","13","1.07","0.0","0.0","0","0","0","0.0","0","0","0.0","0.0","--","0","0","0","--","0:00","14.0","0:00","No","00:32.58.9","5","0.0","00:24:41","00:25:29","40","70"
Cycling,2019-04-27 10:31:41,false,"Gdańsk Kolarstwo","23.63","628","01:25:04","130","174","--","0","0","16.7","45.4","154","168","0.00","0.0","0.0","0","0","0","0.0","0","0","0.0","0.0","--","0","0","0","--","0:00","23.0","0:00","No","14:18.58.1","5","0.0","01:17:19","01:40:08","13","82"
Other,2019-04-16 15:07:13,false,"Pomorie Śledź mnie","1,049.34","231","01:27:59","80","95","--","0","0","7.8","121.7","2,130","2,025","0.00","0.0","0.0","0","0","0","0.0","0","0","0.0","0.0","--","0","0","0","--","0:00","31.0","0:00","No","00:00.00","1","0.0","01:27:42","01:28:02","-500","4,054"
Running,2019-04-15 13:51:29,false,"Nesebar Biegi","10.13","785","01:02:17","161","181","--","146","247","6:09","4:16","51","50","1.11","0.0","0.0","0","0","0","0.0","0","0","0.0","0.0","--","0","0","0","--","0:00","18.0","0:00","No","00:39.31.6","11","0.0","00:59:01","01:02:17","22","51"
Running,2019-04-05 16:18:17,false,"Gdańsk Biegi","6.13","425","00:33:06","158","180","--","155","172","5:24","3:08","83","77","1.19","0.0","0.0","0","0","0","0.0","0","0","0.0","0.0","--","0","0","0","--","0:00","20.0","0:00","No","00:43.95.6","7","0.0","00:32:32","00:34:26","41","89"
Running,2019-04-02 15:42:25,false,"Gdańsk Biegi","6.86","507","00:38:30","163","185","--","151","175","5:37","4:27","70","64","1.18","0.0","0.0","0","0","0","0.0","0","0","0.0","0.0","--","0","0","0","--","0:00","21.0","0:00","No","04:43.98.8","7","0.0","00:37:52","00:39:10","52","107"
Walking,2019-03-31 12:53:35,false,"Kolbudy Spacerowanie","3.85","238","00:48:55","97","115","--","101","121","12:42","9:39","59","63","0.78","0.0","0.0","0","0","0","0.0","0","0","0.0","0.0","--","0","0","0","--","0:00","24.0","0:00","No","09:31.81.8","4","0.0","00:48:20","00:48:55","73","94"
Cycling,2019-03-30 09:25:45,false,"Gdańsk Kolarstwo","27.69","714","02:06:00","112","158","--","0","0","13.2","46.1","155","150","0.00","0.0","0.0","0","0","0","0.0","0","0","0.0","0.0","--","0","0","0","--","0:00","17.0","0:00","No","10:32.46.1","6","0.0","00:25:01","02:06:00","43","159"
Running,2019-03-28 15:48:08,false,"Gdańsk Biegi","5.28","369","00:28:34","158","176","--","151","168","5:25","3:37","51","54","1.22","0.0","0.0","0","0","0","0.0","0","0","0.0","0.0","--","0","0","0","--","0:00","15.0","0:00","No","01:32.30.2","6","0.0","00:27:49","00:28:34","32","86"
Cycling,2019-03-23 11:36:55,false,"Gdańsk Kolarstwo","31.35","849","02:13:31","117","155","--","0","0","14.1","42.8","104","101","0.00","0.0","0.0","0","0","0","0.0","0","0","0.0","0.0","--","0","0","0","--","0:00","21.0","0:00","No","08:11.58.4","7","0.0","01:50:09","02:47:06","15","94"
Running,2019-03-16 12:31:08,false,"Gdańsk - Biegi","8.14","624","00:45:18","166","187","--","154","172","5:34","3:09","77","83","1.17","0.0","0.0","0","0","0","0.0","0","0","0.0","0.0","--","0","0","0","--","0:00","19.0","0:00","No","00:39.55.6","9","0.0","00:44:21","00:45:18","24","90"
Pool Swimming,2019-03-13 19:58:30,false,"Pływanie na basenie","925","196","00:25:56","0","0","--","0","0","2:39","0:58","--","--","0.00","0.0","0.0","0","0","0","0.0","0","0","0.0","0.0","647","57","26","0","--","0:00","26.0","0:00","No","00:01.69","7","0.0","00:24:31","00:26:27","--","--"
Running,2019-03-12 18:25:53,false,"Gdańsk - Biegi","6.00","456","00:36:21","155","175","--","137","236","6:04","3:23","61","58","1.21","0.0","0.0","0","0","0","0.0","0","0","0.0","0.0","--","0","0","0","--","0:00","16.0","0:00","No","05:08.28.2","6","0.0","00:32:22","00:36:21","44","89"
Pool Swimming,2019-03-06 15:58:37,false,"Pływanie na basenie","1,150","235","00:36:48","0","0","--","0","0","2:48","1:02","--","--","0.00","0.0","0.0","0","0","0","0.0","0","0","0.0","0.0","835","60","26","0","--","0:00","26.0","0:00","No","00:01.10.5","41","0.0","00:32:15","00:38:10","--","--"
Pool Swimming,2019-03-04 15:57:48,false,"Pływanie na basenie","1,175","138","00:40:11","0","0","--","0","0","2:52","1:33","--","--","0.00","0.0","0.0","0","0","0","0.0","0","0","0.0","0.0","552","64","28","0","--","0:00","26.0","0:00","No","00:09.73","14","0.0","00:33:42","00:40:17","--","--"
Running,2019-03-03 12:19:58,false,"Gdańsk - Biegi","5.33","395","00:29:40","162","183","--","153","170","5:34","3:12","63","83","1.18","0.0","0.0","0","0","0","0.0","0","0","0.0","0.0","--","0","0","0","--","0:00","19.0","0:00","No","01:59.38.9","6","0.0","00:29:13","00:29:40","28","74"
Running,2019-02-28 14:58:46,false,"Gdańsk Biegi","5.09","335","00:27:03","152","172","--","151","193","5:19","3:53","53","58","1.24","0.0","0.0","0","0","0","0.0","0","0","0.0","0.0","--","0","0","0","--","0:00","15.0","0:00","No","04:51.25.7","6","0.0","00:26:24","00:27:03","45","82"
Running,2019-02-19 12:34:31,false,"Gdańsk Biegi","6.06","438","00:33:37","160","177","--","152","197","5:33","3:00","73","75","1.19","0.0","0.0","0","0","0","0.0","0","0","0.0","0.0","--","0","0","0","--","0:00","16.0","0:00","No","04:48.21.8","7","0.0","00:33:12","00:34:19","49","89"
Running,2019-02-16 12:16:16,false,"Gdańsk Biegi","5.28","435","00:31:48","167","189","--","149","202","6:01","3:38","57","107","1.11","0.0","0.0","0","0","0","0.0","0","0","0.0","0.0","--","0","0","0","--","0:00","20.0","0:00","No","05:04.51","6","0.0","00:31:13","00:31:48","27","95"
Running,2019-02-10 10:02:37,false,"Gdańsk Biegi","5.18","398","00:29:31","163","191","--","154","166","5:42","3:56","52","52","1.14","0.0","0.0","0","0","0","0.0","0","0","0.0","0.0","--","0","0","0","--","0:00","21.0","0:00","No","05:27.51.3","6","0.0","00:29:13","00:29:31","27","75"
Running,2019-02-06 13:21:40,false,"Gdańsk Biegi","4.55","347","00:26:18","160","182","--","153","168","5:47","4:57","61","62","1.13","0.0","0.0","0","0","0","0.0","0","0","0.0","0.0","--","0","0","0","--","0:00","20.0","0:00","No","05:22.07.2","5","0.0","00:26:03","00:26:18","42","84"
Walking,2019-02-03 13:29:36,false,"Kolbudy Spacerowanie","4.02","278","00:54:10","108","130","--","94","247","13:28","7:10","55","62","0.80","0.0","0.0","0","0","0","0.0","0","0","0.0","0.0","--","0","0","0","--","0:00","23.0","0:00","No","10:33.46.3","5","0.0","00:49:24","00:54:10","102","117"
Running,2019-02-02 18:34:20,false,"Gdańsk Biegi","3.74","281","00:21:33","156","177","--","150","170","5:46","4:02","37","39","1.16","0.0","0.0","0","0","0","0.0","0","0","0.0","0.0","--","0","0","0","--","0:00","19.0","0:00","No","05:14.31.5","4","0.0","00:21:20","00:21:33","29","61"
Running,2019-01-22 11:10:08,false,"Gdańsk Biegi","2.23","150","00:12:19","146","156","--","154","190","5:31","4:32","34","37","1.17","0.0","0.0","0","0","0","0.0","0","0","0.0","0.0","--","0","0","0","--","0:00","19.0","0:00","No","00:00.00","3","0.0","00:12:14","00:12:19","-34","58"
Mountaineering,2019-01-20 10:01:18,false,"Karpacz Wspinaczka","4.92","434","01:06:01","115","153","--","77","189","4.5","11.0","11","654","0.96","0.0","0.0","0","0","0","0.0","0","0","0.0","0.0","--","0","0","0","--","0:00","20.0","0:00","No","00:00.00","1","0.0","00:49:37","01:06:01","839","1,487"
Mountaineering,2019-01-19 09:22:32,false,"Spindleruv Mlyn Wspinaczka","16.83","1,978","05:24:55","121","166","--","54","168","3.1","6.4","533","377","0.96","0.0","0.0","0","0","0","0.0","0","0","0.0","0.0","--","0","0","0","--","0:00","16.0","0:00","No","00:00.00","1","0.0","04:07:24","05:24:57","1,168","1,466"
Mountaineering,2019-01-18 08:35:36,false,"Szklarska Poręba Wspinaczka","15.66","2,906","07:03:27","128","178","--","36","210","2.2","6.1","891","493","1.04","0.0","0.0","0","0","0","0.0","0","0","0.0","0.0","--","0","0","0","--","0:00","4.0","0:00","No","00:00.00","1","0.0","04:41:00","07:13:22","869","1,527"
Mountaineering,2019-01-17 23:54:24,false,"Szklarska Poręba Wspinaczka","1.49","203","00:24:34","120","172","--","68","129","3.6","5.8","125","--","0.90","0.0","0.0","0","0","0","0.0","0","0","0.0","0.0","--","0","0","0","--","0:00","21.0","0:00","No","00:00.00","1","0.0","00:19:14","00:24:34","709","838"
Running,2019-01-16 19:45:16,false,"Biegi","5.65","262","01:14:43","86","132","--","2","148","13:14","8:28","3","--","61.45","0.0","0.0","0","0","0","0.0","0","0","0.0","0.0","--","0","0","0","--","0:00","30.0","0:00","No","07:06.14","6","0.0","00:59:27","01:14:43","102","106"
Walking,2019-01-13 12:42:09,false,"Kolbudy Spacerowanie","4.00","257","00:53:50","100","130","--","93","215","13:27","9:49","65","52","0.80","0.0","0.0","0","0","0","0.0","0","0","0.0","0.0","--","0","0","0","--","0:00","19.0","0:00","No","00:00.00","5","0.0","00:50:30","00:53:50","100","229"
Walking,2019-01-12 13:26:16,false,"Gdańsk Spacerowanie","2.92","184","00:36:12","100","116","--","94","238","12:25","5:45","67","62","0.86","0.0","0.0","0","0","0","0.0","0","0","0.0","0.0","--","0","0","0","--","0:00","19.0","0:00","No","00:00.00","3","0.0","00:33:23","00:36:12","172","235"
Other,2019-01-08 15:35:49,false,"Śledź mnie","0.00","604","02:34:09","98","128","--","0","0","--","--","--","--","0.00","0.0","0.0","0","0","0","0.0","0","0","0.0","0.0","--","0","0","0","--","0:00","30.0","0:00","No","00:00.00","1","0.0","00:00:00","02:34:43","63","86"
Running,2019-01-08 14:58:07,false,"Gdańsk Biegi","2.57","190","00:15:12","152","183","--","149","237","5:55","4:06","29","27","1.13","0.0","0.0","0","0","0","0.0","0","0","0.0","0.0","--","0","0","0","--","0:00","21.0","0:00","No","00:00.00","3","0.0","00:15:03","00:15:12","43","74"
Other,2019-01-08 08:13:39,false,"Gdańsk Śledź mnie","74.25","1,537","06:43:34","92","143","--","0","0","11.0","118.2","402","382","0.00","0.0","0.0","0","0","0","0.0","0","0","0.0","0.0","--","0","0","0","--","0:00","26.0","0:00","No","00:00.00","1","0.0","02:47:00","06:43:40","-92","200"
Running,2019-01-06 09:52:18,false,"Gdańsk Biegi","2.23","151","00:11:36","153","187","--","153","166","5:12","4:21","27","29","1.26","0.0","0.0","0","0","0","0.0","0","0","0.0","0.0","--","0","0","0","--","0:00","22.0","0:00","No","00:00.00","3","0.0","00:11:27","00:11:36","-30","-5"
Other,2019-01-05 13:43:15,false,"Toruń Śledź mnie","0.65","47","00:10:24","92","107","--","0","0","3.8","8.1","7","3","0.00","0.0","0.0","0","0","0","0.0","0","0","0.0","0.0","--","0","0","0","--","0:00","27.0","0:00","No","00:00.00","1","0.0","00:06:45","00:10:24","40","52"
Running,2019-01-03 15:45:11,false,"Gdańsk Biegi","1.41","102","00:08:05.9","147","158","--","151","159","5:45","4:44","8","13","1.15","0.0","0.0","0","0","0","0.0","0","0","0.0","0.0","--","0","0","0","--","0:00","23.0","0:00","No","00:00.00","2","0.0","00:08:06","00:08:05.9","-2","7"
